Model: qwen3:0.6b
[info]  Initializing chat model...
Model path: /home/bcloud/.config/flm/models/Qwen3-0.6B-NPU2
[FLM]  Loading model: /home/bcloud/.config/flm/models/Qwen3-0.6B-NPU2
BO_TO   000: size=134217728 offset=0
BO_TO   000: size=134217728 offset=0
BO_TO   000: size=134217728 offset=0
BO_TO   000: size=134217728 offset=0
BO_TO   000: size=134217728 offset=0
BO_TO   000: size=134217728 offset=0
BO_TO   000: size=134217728 offset=0
BO_TO   000: size=134217728 offset=0
BO_TO   000: size=134217728 offset=0
BO_TO   000: size=134217728 offset=0
BO_TO   000: size=134217728 offset=0
BO_TO   000: size=134217728 offset=0
BO_TO   000: size=134217728 offset=0
BO_TO   000: size=134217728 offset=0
BO_TO   000: size=134217728 offset=0
BO_TO   000: size=134217728 offset=0
BO_TO   000: size=134217728 offset=0
BO_TO   000: size=134217728 offset=0
BO_TO   000: size=134217728 offset=0
BO_TO   000: size=134217728 offset=0
BO_TO   000: size=134217728 offset=0
BO_TO   000: size=134217728 offset=0
BO_TO   000: size=134217728 offset=0
BO_TO   000: size=134217728 offset=0
BO_TO   000: size=134217728 offset=0
BO_TO   000: size=134217728 offset=0
BO_TO   000: size=134217728 offset=0
BO_TO   000: size=134217728 offset=0
BO_TO   000: size=1048576 offset=0
BO_TO   000: size=1048576 offset=0
BO_TO   000: size=1048576 offset=0
BO_TO   000: size=1048576 offset=0
BO_TO   000: size=1048576 offset=0
BO_TO   000: size=1048576 offset=0
BO_TO   000: size=1048576 offset=0
BO_TO   000: size=1048576 offset=0
BO_TO   000: size=1048576 offset=0
BO_TO   000: size=1048576 offset=0
BO_TO   000: size=1048576 offset=0
BO_TO   000: size=1048576 offset=0
BO_TO   000: size=1048576 offset=0
BO_TO   000: size=1048576 offset=0
BO_TO   000: size=1048576 offset=0
BO_TO   000: size=1048576 offset=0
BO_TO   000: size=1048576 offset=0
BO_TO   000: size=1048576 offset=0
BO_TO   000: size=1048576 offset=0
BO_TO   000: size=1048576 offset=0
BO_TO   000: size=1048576 offset=0
BO_TO   000: size=1048576 offset=0
BO_TO   000: size=1048576 offset=0
BO_TO   000: size=1048576 offset=0
BO_TO   000: size=1048576 offset=0
BO_TO   000: size=1048576 offset=0
BO_TO   000: size=1048576 offset=0
BO_TO   000: size=1048576 offset=0
BO_TO   000: size=1048576 offset=0
REORDER 000: p3=1024 p4=2 srcsize=1310720
REORDER 001: p3=1024 p4=2 srcsize=655360
REORDER 002: p3=1024 p4=2 srcsize=655360
REORDER 003: p3=2048 p4=2 srcsize=1310720
REORDER 004: p3=1024 p4=2 srcsize=327680
REORDER 005: p3=1024 p4=2 srcsize=327680
REORDER 006: p3=1024 p4=2 srcsize=327680
REORDER 007: p3=1024 p4=2 srcsize=327680
REORDER 008: p3=1024 p4=2 srcsize=327680
REORDER 009: p3=1024 p4=2 srcsize=327680
REORDER 010: p3=1024 p4=2 srcsize=327680
REORDER 011: p3=1024 p4=2 srcsize=327680
REORDER 012: p3=1024 p4=2 srcsize=327680
REORDER 013: p3=1024 p4=2 srcsize=327680
REORDER 014: p3=1024 p4=2 srcsize=327680
REORDER 015: p3=1024 p4=2 srcsize=327680
REORDER 016: p3=3072 p4=2 srcsize=1966080
BO_TO   000: size=10485760 offset=0
BO_TO   000: size=1048576 offset=0
BO_TO   000: size=1048576 offset=0
REORDER 017: p3=1024 p4=2 srcsize=1310720
REORDER 018: p3=1024 p4=2 srcsize=655360
REORDER 019: p3=1024 p4=2 srcsize=655360
REORDER 020: p3=2048 p4=2 srcsize=1310720
REORDER 021: p3=1024 p4=2 srcsize=327680
REORDER 022: p3=1024 p4=2 srcsize=327680
REORDER 023: p3=1024 p4=2 srcsize=327680
REORDER 024: p3=1024 p4=2 srcsize=327680
REORDER 025: p3=1024 p4=2 srcsize=327680
REORDER 026: p3=1024 p4=2 srcsize=327680
REORDER 027: p3=1024 p4=2 srcsize=327680
REORDER 028: p3=1024 p4=2 srcsize=327680
REORDER 029: p3=1024 p4=2 srcsize=327680
REORDER 030: p3=1024 p4=2 srcsize=327680
REORDER 031: p3=1024 p4=2 srcsize=327680
REORDER 032: p3=1024 p4=2 srcsize=327680
REORDER 033: p3=3072 p4=2 srcsize=1966080
BO_TO   000: size=10485760 offset=0
BO_TO   000: size=1048576 offset=0
BO_TO   000: size=1048576 offset=0
REORDER 034: p3=1024 p4=2 srcsize=1310720
REORDER 035: p3=1024 p4=2 srcsize=655360
REORDER 036: p3=1024 p4=2 srcsize=655360
REORDER 037: p3=2048 p4=2 srcsize=1310720
REORDER 038: p3=1024 p4=2 srcsize=327680
REORDER 039: p3=1024 p4=2 srcsize=327680
REORDER 040: p3=1024 p4=2 srcsize=327680
REORDER 041: p3=1024 p4=2 srcsize=327680
REORDER 042: p3=1024 p4=2 srcsize=327680
REORDER 043: p3=1024 p4=2 srcsize=327680
REORDER 044: p3=1024 p4=2 srcsize=327680
REORDER 045: p3=1024 p4=2 srcsize=327680
REORDER 046: p3=1024 p4=2 srcsize=327680
REORDER 047: p3=1024 p4=2 srcsize=327680
REORDER 048: p3=1024 p4=2 srcsize=327680
REORDER 049: p3=1024 p4=2 srcsize=327680
REORDER 050: p3=3072 p4=2 srcsize=1966080
BO_TO   000: size=10485760 offset=0
BO_TO   000: size=1048576 offset=0
BO_TO   000: size=1048576 offset=0
REORDER 051: p3=1024 p4=2 srcsize=1310720
REORDER 052: p3=1024 p4=2 srcsize=655360
REORDER 053: p3=1024 p4=2 srcsize=655360
REORDER 054: p3=2048 p4=2 srcsize=1310720
REORDER 055: p3=1024 p4=2 srcsize=327680
REORDER 056: p3=1024 p4=2 srcsize=327680
REORDER 057: p3=1024 p4=2 srcsize=327680
REORDER 058: p3=1024 p4=2 srcsize=327680
REORDER 059: p3=1024 p4=2 srcsize=327680
REORDER 060: p3=1024 p4=2 srcsize=327680
REORDER 061: p3=1024 p4=2 srcsize=327680
REORDER 062: p3=1024 p4=2 srcsize=327680
REORDER 063: p3=1024 p4=2 srcsize=327680
REORDER 064: p3=1024 p4=2 srcsize=327680
REORDER 065: p3=1024 p4=2 srcsize=327680
REORDER 066: p3=1024 p4=2 srcsize=327680
REORDER 067: p3=3072 p4=2 srcsize=1966080
BO_TO   000: size=10485760 offset=0
BO_TO   000: size=1048576 offset=0
BO_TO   000: size=1048576 offset=0
REORDER 068: p3=1024 p4=2 srcsize=1310720
REORDER 069: p3=1024 p4=2 srcsize=655360
REORDER 070: p3=1024 p4=2 srcsize=655360
REORDER 071: p3=2048 p4=2 srcsize=1310720
REORDER 072: p3=1024 p4=2 srcsize=327680
REORDER 073: p3=1024 p4=2 srcsize=327680
REORDER 074: p3=1024 p4=2 srcsize=327680
REORDER 075: p3=1024 p4=2 srcsize=327680
REORDER 076: p3=1024 p4=2 srcsize=327680
REORDER 077: p3=1024 p4=2 srcsize=327680
REORDER 078: p3=1024 p4=2 srcsize=327680
REORDER 079: p3=1024 p4=2 srcsize=327680
REORDER 080: p3=1024 p4=2 srcsize=327680
REORDER 081: p3=1024 p4=2 srcsize=327680
REORDER 082: p3=1024 p4=2 srcsize=327680
REORDER 083: p3=1024 p4=2 srcsize=327680
REORDER 084: p3=3072 p4=2 srcsize=1966080
BO_TO   000: size=10485760 offset=0
BO_TO   000: size=1048576 offset=0
BO_TO   000: size=1048576 offset=0
REORDER 085: p3=1024 p4=2 srcsize=1310720
REORDER 086: p3=1024 p4=2 srcsize=655360
REORDER 087: p3=1024 p4=2 srcsize=655360
REORDER 088: p3=2048 p4=2 srcsize=1310720
REORDER 089: p3=1024 p4=2 srcsize=327680
REORDER 090: p3=1024 p4=2 srcsize=327680
REORDER 091: p3=1024 p4=2 srcsize=327680
REORDER 092: p3=1024 p4=2 srcsize=327680
REORDER 093: p3=1024 p4=2 srcsize=327680
REORDER 094: p3=1024 p4=2 srcsize=327680
REORDER 095: p3=1024 p4=2 srcsize=327680
REORDER 096: p3=1024 p4=2 srcsize=327680
REORDER 097: p3=1024 p4=2 srcsize=327680
REORDER 098: p3=1024 p4=2 srcsize=327680
REORDER 099: p3=1024 p4=2 srcsize=327680
REORDER 100: p3=1024 p4=2 srcsize=327680
REORDER 101: p3=3072 p4=2 srcsize=1966080
BO_TO   000: size=10485760 offset=0
BO_TO   000: size=1048576 offset=0
BO_TO   000: size=1048576 offset=0
REORDER 102: p3=1024 p4=2 srcsize=1310720
REORDER 103: p3=1024 p4=2 srcsize=655360
REORDER 104: p3=1024 p4=2 srcsize=655360
REORDER 105: p3=2048 p4=2 srcsize=1310720
REORDER 106: p3=1024 p4=2 srcsize=327680
REORDER 107: p3=1024 p4=2 srcsize=327680
REORDER 108: p3=1024 p4=2 srcsize=327680
REORDER 109: p3=1024 p4=2 srcsize=327680
REORDER 110: p3=1024 p4=2 srcsize=327680
REORDER 111: p3=1024 p4=2 srcsize=327680
REORDER 112: p3=1024 p4=2 srcsize=327680
REORDER 113: p3=1024 p4=2 srcsize=327680
REORDER 114: p3=1024 p4=2 srcsize=327680
REORDER 115: p3=1024 p4=2 srcsize=327680
REORDER 116: p3=1024 p4=2 srcsize=327680
REORDER 117: p3=1024 p4=2 srcsize=327680
REORDER 118: p3=3072 p4=2 srcsize=1966080
BO_TO   000: size=10485760 offset=0
BO_TO   000: size=1048576 offset=0
BO_TO   000: size=1048576 offset=0
REORDER 119: p3=1024 p4=2 srcsize=1310720
REORDER 120: p3=1024 p4=2 srcsize=655360
REORDER 121: p3=1024 p4=2 srcsize=655360
REORDER 122: p3=2048 p4=2 srcsize=1310720
REORDER 123: p3=1024 p4=2 srcsize=327680
REORDER 124: p3=1024 p4=2 srcsize=327680
REORDER 125: p3=1024 p4=2 srcsize=327680
REORDER 126: p3=1024 p4=2 srcsize=327680
REORDER 127: p3=1024 p4=2 srcsize=327680
REORDER 128: p3=1024 p4=2 srcsize=327680
REORDER 129: p3=1024 p4=2 srcsize=327680
REORDER 130: p3=1024 p4=2 srcsize=327680
REORDER 131: p3=1024 p4=2 srcsize=327680
REORDER 132: p3=1024 p4=2 srcsize=327680
REORDER 133: p3=1024 p4=2 srcsize=327680
REORDER 134: p3=1024 p4=2 srcsize=327680
REORDER 135: p3=3072 p4=2 srcsize=1966080
BO_TO   000: size=10485760 offset=0
BO_TO   000: size=1048576 offset=0
BO_TO   000: size=1048576 offset=0
REORDER 136: p3=1024 p4=2 srcsize=1310720
REORDER 137: p3=1024 p4=2 srcsize=655360
REORDER 138: p3=1024 p4=2 srcsize=655360
REORDER 139: p3=2048 p4=2 srcsize=1310720
REORDER 140: p3=1024 p4=2 srcsize=327680
REORDER 141: p3=1024 p4=2 srcsize=327680
REORDER 142: p3=1024 p4=2 srcsize=327680
REORDER 143: p3=1024 p4=2 srcsize=327680
REORDER 144: p3=1024 p4=2 srcsize=327680
REORDER 145: p3=1024 p4=2 srcsize=327680
REORDER 146: p3=1024 p4=2 srcsize=327680
REORDER 147: p3=1024 p4=2 srcsize=327680
REORDER 148: p3=1024 p4=2 srcsize=327680
REORDER 149: p3=1024 p4=2 srcsize=327680
REORDER 150: p3=1024 p4=2 srcsize=327680
REORDER 151: p3=1024 p4=2 srcsize=327680
REORDER 152: p3=3072 p4=2 srcsize=1966080
BO_TO   000: size=10485760 offset=0
BO_TO   000: size=1048576 offset=0
BO_TO   000: size=1048576 offset=0
REORDER 153: p3=1024 p4=2 srcsize=1310720
REORDER 154: p3=1024 p4=2 srcsize=655360
REORDER 155: p3=1024 p4=2 srcsize=655360
REORDER 156: p3=2048 p4=2 srcsize=1310720
REORDER 157: p3=1024 p4=2 srcsize=327680
REORDER 158: p3=1024 p4=2 srcsize=327680
REORDER 159: p3=1024 p4=2 srcsize=327680
REORDER 160: p3=1024 p4=2 srcsize=327680
REORDER 161: p3=1024 p4=2 srcsize=327680
REORDER 162: p3=1024 p4=2 srcsize=327680
REORDER 163: p3=1024 p4=2 srcsize=327680
REORDER 164: p3=1024 p4=2 srcsize=327680
REORDER 165: p3=1024 p4=2 srcsize=327680
REORDER 166: p3=1024 p4=2 srcsize=327680
REORDER 167: p3=1024 p4=2 srcsize=327680
REORDER 168: p3=1024 p4=2 srcsize=327680
REORDER 169: p3=3072 p4=2 srcsize=1966080
BO_TO   000: size=10485760 offset=0
BO_TO   000: size=1048576 offset=0
BO_TO   000: size=1048576 offset=0
REORDER 170: p3=1024 p4=2 srcsize=1310720
REORDER 171: p3=1024 p4=2 srcsize=655360
REORDER 172: p3=1024 p4=2 srcsize=655360
REORDER 173: p3=2048 p4=2 srcsize=1310720
REORDER 174: p3=1024 p4=2 srcsize=327680
REORDER 175: p3=1024 p4=2 srcsize=327680
REORDER 176: p3=1024 p4=2 srcsize=327680
REORDER 177: p3=1024 p4=2 srcsize=327680
REORDER 178: p3=1024 p4=2 srcsize=327680
REORDER 179: p3=1024 p4=2 srcsize=327680
REORDER 180: p3=1024 p4=2 srcsize=327680
REORDER 181: p3=1024 p4=2 srcsize=327680
REORDER 182: p3=1024 p4=2 srcsize=327680
REORDER 183: p3=1024 p4=2 srcsize=327680
REORDER 184: p3=1024 p4=2 srcsize=327680
REORDER 185: p3=1024 p4=2 srcsize=327680
REORDER 186: p3=3072 p4=2 srcsize=1966080
BO_TO   000: size=10485760 offset=0
BO_TO   000: size=1048576 offset=0
BO_TO   000: size=1048576 offset=0
REORDER 187: p3=1024 p4=2 srcsize=1310720
REORDER 188: p3=1024 p4=2 srcsize=655360
REORDER 189: p3=1024 p4=2 srcsize=655360
REORDER 190: p3=2048 p4=2 srcsize=1310720
REORDER 191: p3=1024 p4=2 srcsize=327680
REORDER 192: p3=1024 p4=2 srcsize=327680
REORDER 193: p3=1024 p4=2 srcsize=327680
REORDER 194: p3=1024 p4=2 srcsize=327680
REORDER 195: p3=1024 p4=2 srcsize=327680
REORDER 196: p3=1024 p4=2 srcsize=327680
REORDER 197: p3=1024 p4=2 srcsize=327680
REORDER 198: p3=1024 p4=2 srcsize=327680
REORDER 199: p3=1024 p4=2 srcsize=327680
REORDER 200: p3=1024 p4=2 srcsize=327680
REORDER 201: p3=1024 p4=2 srcsize=327680
REORDER 202: p3=1024 p4=2 srcsize=327680
REORDER 203: p3=3072 p4=2 srcsize=1966080
BO_TO   000: size=10485760 offset=0
BO_TO   000: size=1048576 offset=0
BO_TO   000: size=1048576 offset=0
REORDER 204: p3=1024 p4=2 srcsize=1310720
REORDER 205: p3=1024 p4=2 srcsize=655360
REORDER 206: p3=1024 p4=2 srcsize=655360
REORDER 207: p3=2048 p4=2 srcsize=1310720
REORDER 208: p3=1024 p4=2 srcsize=327680
REORDER 209: p3=1024 p4=2 srcsize=327680
REORDER 210: p3=1024 p4=2 srcsize=327680
REORDER 211: p3=1024 p4=2 srcsize=327680
REORDER 212: p3=1024 p4=2 srcsize=327680
REORDER 213: p3=1024 p4=2 srcsize=327680
REORDER 214: p3=1024 p4=2 srcsize=327680
REORDER 215: p3=1024 p4=2 srcsize=327680
REORDER 216: p3=1024 p4=2 srcsize=327680
REORDER 217: p3=1024 p4=2 srcsize=327680
REORDER 218: p3=1024 p4=2 srcsize=327680
REORDER 219: p3=1024 p4=2 srcsize=327680
REORDER 220: p3=3072 p4=2 srcsize=1966080
BO_TO   000: size=10485760 offset=0
BO_TO   000: size=1048576 offset=0
BO_TO   000: size=1048576 offset=0
REORDER 221: p3=1024 p4=2 srcsize=1310720
REORDER 222: p3=1024 p4=2 srcsize=655360
REORDER 223: p3=1024 p4=2 srcsize=655360
REORDER 224: p3=2048 p4=2 srcsize=1310720
REORDER 225: p3=1024 p4=2 srcsize=327680
REORDER 226: p3=1024 p4=2 srcsize=327680
REORDER 227: p3=1024 p4=2 srcsize=327680
REORDER 228: p3=1024 p4=2 srcsize=327680
REORDER 229: p3=1024 p4=2 srcsize=327680
REORDER 230: p3=1024 p4=2 srcsize=327680
REORDER 231: p3=1024 p4=2 srcsize=327680
REORDER 232: p3=1024 p4=2 srcsize=327680
REORDER 233: p3=1024 p4=2 srcsize=327680
REORDER 234: p3=1024 p4=2 srcsize=327680
REORDER 235: p3=1024 p4=2 srcsize=327680
REORDER 236: p3=1024 p4=2 srcsize=327680
REORDER 237: p3=3072 p4=2 srcsize=1966080
BO_TO   000: size=10485760 offset=0
BO_TO   000: size=1048576 offset=0
BO_TO   000: size=1048576 offset=0
REORDER 238: p3=1024 p4=2 srcsize=1310720
REORDER 239: p3=1024 p4=2 srcsize=655360
REORDER 240: p3=1024 p4=2 srcsize=655360
REORDER 241: p3=2048 p4=2 srcsize=1310720
REORDER 242: p3=1024 p4=2 srcsize=327680
REORDER 243: p3=1024 p4=2 srcsize=327680
REORDER 244: p3=1024 p4=2 srcsize=327680
REORDER 245: p3=1024 p4=2 srcsize=327680
REORDER 246: p3=1024 p4=2 srcsize=327680
REORDER 247: p3=1024 p4=2 srcsize=327680
REORDER 248: p3=1024 p4=2 srcsize=327680
REORDER 249: p3=1024 p4=2 srcsize=327680
REORDER 250: p3=1024 p4=2 srcsize=327680
REORDER 251: p3=1024 p4=2 srcsize=327680
REORDER 252: p3=1024 p4=2 srcsize=327680
REORDER 253: p3=1024 p4=2 srcsize=327680
REORDER 254: p3=3072 p4=2 srcsize=1966080
BO_TO   000: size=10485760 offset=0
BO_TO   000: size=1048576 offset=0
BO_TO   000: size=1048576 offset=0
REORDER 255: p3=1024 p4=2 srcsize=1310720
REORDER 256: p3=1024 p4=2 srcsize=655360
REORDER 257: p3=1024 p4=2 srcsize=655360
REORDER 258: p3=2048 p4=2 srcsize=1310720
REORDER 259: p3=1024 p4=2 srcsize=327680
REORDER 260: p3=1024 p4=2 srcsize=327680
REORDER 261: p3=1024 p4=2 srcsize=327680
REORDER 262: p3=1024 p4=2 srcsize=327680
REORDER 263: p3=1024 p4=2 srcsize=327680
REORDER 264: p3=1024 p4=2 srcsize=327680
REORDER 265: p3=1024 p4=2 srcsize=327680
REORDER 266: p3=1024 p4=2 srcsize=327680
REORDER 267: p3=1024 p4=2 srcsize=327680
REORDER 268: p3=1024 p4=2 srcsize=327680
REORDER 269: p3=1024 p4=2 srcsize=327680
REORDER 270: p3=1024 p4=2 srcsize=327680
REORDER 271: p3=3072 p4=2 srcsize=1966080
BO_TO   000: size=10485760 offset=0
BO_TO   000: size=1048576 offset=0
BO_TO   000: size=1048576 offset=0
REORDER 272: p3=1024 p4=2 srcsize=1310720
REORDER 273: p3=1024 p4=2 srcsize=655360
REORDER 274: p3=1024 p4=2 srcsize=655360
REORDER 275: p3=2048 p4=2 srcsize=1310720
REORDER 276: p3=1024 p4=2 srcsize=327680
REORDER 277: p3=1024 p4=2 srcsize=327680
REORDER 278: p3=1024 p4=2 srcsize=327680
REORDER 279: p3=1024 p4=2 srcsize=327680
REORDER 280: p3=1024 p4=2 srcsize=327680
REORDER 281: p3=1024 p4=2 srcsize=327680
REORDER 282: p3=1024 p4=2 srcsize=327680
REORDER 283: p3=1024 p4=2 srcsize=327680
REORDER 284: p3=1024 p4=2 srcsize=327680
REORDER 285: p3=1024 p4=2 srcsize=327680
REORDER 286: p3=1024 p4=2 srcsize=327680
REORDER 287: p3=1024 p4=2 srcsize=327680
REORDER 288: p3=3072 p4=2 srcsize=1966080
BO_TO   000: size=10485760 offset=0
BO_TO   000: size=1048576 offset=0
BO_TO   000: size=1048576 offset=0
REORDER 289: p3=1024 p4=2 srcsize=1310720
REORDER 290: p3=1024 p4=2 srcsize=655360
REORDER 291: p3=1024 p4=2 srcsize=655360
REORDER 292: p3=2048 p4=2 srcsize=1310720
REORDER 293: p3=1024 p4=2 srcsize=327680
REORDER 294: p3=1024 p4=2 srcsize=327680
REORDER 295: p3=1024 p4=2 srcsize=327680
REORDER 296: p3=1024 p4=2 srcsize=327680
REORDER 297: p3=1024 p4=2 srcsize=327680
REORDER 298: p3=1024 p4=2 srcsize=327680
REORDER 299: p3=1024 p4=2 srcsize=327680
REORDER 300: p3=1024 p4=2 srcsize=327680
REORDER 301: p3=1024 p4=2 srcsize=327680
REORDER 302: p3=1024 p4=2 srcsize=327680
REORDER 303: p3=1024 p4=2 srcsize=327680
REORDER 304: p3=1024 p4=2 srcsize=327680
REORDER 305: p3=3072 p4=2 srcsize=1966080
BO_TO   000: size=10485760 offset=0
BO_TO   000: size=1048576 offset=0
BO_TO   000: size=1048576 offset=0
REORDER 306: p3=1024 p4=2 srcsize=1310720
REORDER 307: p3=1024 p4=2 srcsize=655360
REORDER 308: p3=1024 p4=2 srcsize=655360
REORDER 309: p3=2048 p4=2 srcsize=1310720
REORDER 310: p3=1024 p4=2 srcsize=327680
REORDER 311: p3=1024 p4=2 srcsize=327680
REORDER 312: p3=1024 p4=2 srcsize=327680
REORDER 313: p3=1024 p4=2 srcsize=327680
REORDER 314: p3=1024 p4=2 srcsize=327680
REORDER 315: p3=1024 p4=2 srcsize=327680
REORDER 316: p3=1024 p4=2 srcsize=327680
REORDER 317: p3=1024 p4=2 srcsize=327680
REORDER 318: p3=1024 p4=2 srcsize=327680
REORDER 319: p3=1024 p4=2 srcsize=327680
REORDER 320: p3=1024 p4=2 srcsize=327680
REORDER 321: p3=1024 p4=2 srcsize=327680
REORDER 322: p3=3072 p4=2 srcsize=1966080
BO_TO   000: size=10485760 offset=0
BO_TO   000: size=1048576 offset=0
BO_TO   000: size=1048576 offset=0
REORDER 323: p3=1024 p4=2 srcsize=1310720
REORDER 324: p3=1024 p4=2 srcsize=655360
REORDER 325: p3=1024 p4=2 srcsize=655360
REORDER 326: p3=2048 p4=2 srcsize=1310720
REORDER 327: p3=1024 p4=2 srcsize=327680
REORDER 328: p3=1024 p4=2 srcsize=327680
REORDER 329: p3=1024 p4=2 srcsize=327680
REORDER 330: p3=1024 p4=2 srcsize=327680
REORDER 331: p3=1024 p4=2 srcsize=327680
REORDER 332: p3=1024 p4=2 srcsize=327680
REORDER 333: p3=1024 p4=2 srcsize=327680
REORDER 334: p3=1024 p4=2 srcsize=327680
REORDER 335: p3=1024 p4=2 srcsize=327680
REORDER 336: p3=1024 p4=2 srcsize=327680
REORDER 337: p3=1024 p4=2 srcsize=327680
REORDER 338: p3=1024 p4=2 srcsize=327680
REORDER 339: p3=3072 p4=2 srcsize=1966080
BO_TO   000: size=10485760 offset=0
BO_TO   000: size=1048576 offset=0
BO_TO   000: size=1048576 offset=0
REORDER 340: p3=1024 p4=2 srcsize=1310720
REORDER 341: p3=1024 p4=2 srcsize=655360
REORDER 342: p3=1024 p4=2 srcsize=655360
REORDER 343: p3=2048 p4=2 srcsize=1310720
REORDER 344: p3=1024 p4=2 srcsize=327680
REORDER 345: p3=1024 p4=2 srcsize=327680
REORDER 346: p3=1024 p4=2 srcsize=327680
REORDER 347: p3=1024 p4=2 srcsize=327680
REORDER 348: p3=1024 p4=2 srcsize=327680
REORDER 349: p3=1024 p4=2 srcsize=327680
REORDER 350: p3=1024 p4=2 srcsize=327680
REORDER 351: p3=1024 p4=2 srcsize=327680
REORDER 352: p3=1024 p4=2 srcsize=327680
REORDER 353: p3=1024 p4=2 srcsize=327680
REORDER 354: p3=1024 p4=2 srcsize=327680
REORDER 355: p3=1024 p4=2 srcsize=327680
REORDER 356: p3=3072 p4=2 srcsize=1966080
BO_TO   000: size=10485760 offset=0
BO_TO   000: size=1048576 offset=0
BO_TO   000: size=1048576 offset=0
REORDER 357: p3=1024 p4=2 srcsize=1310720
REORDER 358: p3=1024 p4=2 srcsize=655360
REORDER 359: p3=1024 p4=2 srcsize=655360
REORDER 360: p3=2048 p4=2 srcsize=1310720
REORDER 361: p3=1024 p4=2 srcsize=327680
REORDER 362: p3=1024 p4=2 srcsize=327680
REORDER 363: p3=1024 p4=2 srcsize=327680
REORDER 364: p3=1024 p4=2 srcsize=327680
REORDER 365: p3=1024 p4=2 srcsize=327680
REORDER 366: p3=1024 p4=2 srcsize=327680
REORDER 367: p3=1024 p4=2 srcsize=327680
REORDER 368: p3=1024 p4=2 srcsize=327680
REORDER 369: p3=1024 p4=2 srcsize=327680
REORDER 370: p3=1024 p4=2 srcsize=327680
REORDER 371: p3=1024 p4=2 srcsize=327680
REORDER 372: p3=1024 p4=2 srcsize=327680
REORDER 373: p3=3072 p4=2 srcsize=1966080
BO_TO   000: size=10485760 offset=0
BO_TO   000: size=1048576 offset=0
BO_TO   000: size=1048576 offset=0
REORDER 374: p3=1024 p4=2 srcsize=1310720
REORDER 375: p3=1024 p4=2 srcsize=655360
REORDER 376: p3=1024 p4=2 srcsize=655360
REORDER 377: p3=2048 p4=2 srcsize=1310720
REORDER 378: p3=1024 p4=2 srcsize=327680
REORDER 379: p3=1024 p4=2 srcsize=327680
REORDER 380: p3=1024 p4=2 srcsize=327680
REORDER 381: p3=1024 p4=2 srcsize=327680
REORDER 382: p3=1024 p4=2 srcsize=327680
REORDER 383: p3=1024 p4=2 srcsize=327680
REORDER 384: p3=1024 p4=2 srcsize=327680
REORDER 385: p3=1024 p4=2 srcsize=327680
REORDER 386: p3=1024 p4=2 srcsize=327680
REORDER 387: p3=1024 p4=2 srcsize=327680
REORDER 388: p3=1024 p4=2 srcsize=327680
REORDER 389: p3=1024 p4=2 srcsize=327680
REORDER 390: p3=3072 p4=2 srcsize=1966080
BO_TO   000: size=10485760 offset=0
BO_TO   000: size=1048576 offset=0
BO_TO   000: size=1048576 offset=0
REORDER 391: p3=1024 p4=2 srcsize=1310720
REORDER 392: p3=1024 p4=2 srcsize=655360
REORDER 393: p3=1024 p4=2 srcsize=655360
REORDER 394: p3=2048 p4=2 srcsize=1310720
REORDER 395: p3=1024 p4=2 srcsize=327680
REORDER 396: p3=1024 p4=2 srcsize=327680
REORDER 397: p3=1024 p4=2 srcsize=327680
REORDER 398: p3=1024 p4=2 srcsize=327680
REORDER 399: p3=1024 p4=2 srcsize=327680
REORDER 400: p3=1024 p4=2 srcsize=327680
REORDER 401: p3=1024 p4=2 srcsize=327680
REORDER 402: p3=1024 p4=2 srcsize=327680
REORDER 403: p3=1024 p4=2 srcsize=327680
REORDER 404: p3=1024 p4=2 srcsize=327680
REORDER 405: p3=1024 p4=2 srcsize=327680
REORDER 406: p3=1024 p4=2 srcsize=327680
REORDER 407: p3=3072 p4=2 srcsize=1966080
BO_TO   000: size=10485760 offset=0
BO_TO   000: size=1048576 offset=0
BO_TO   000: size=1048576 offset=0
REORDER 408: p3=1024 p4=2 srcsize=1310720
REORDER 409: p3=1024 p4=2 srcsize=655360
REORDER 410: p3=1024 p4=2 srcsize=655360
REORDER 411: p3=2048 p4=2 srcsize=1310720
REORDER 412: p3=1024 p4=2 srcsize=327680
REORDER 413: p3=1024 p4=2 srcsize=327680
REORDER 414: p3=1024 p4=2 srcsize=327680
REORDER 415: p3=1024 p4=2 srcsize=327680
REORDER 416: p3=1024 p4=2 srcsize=327680
REORDER 417: p3=1024 p4=2 srcsize=327680
REORDER 418: p3=1024 p4=2 srcsize=327680
REORDER 419: p3=1024 p4=2 srcsize=327680
REORDER 420: p3=1024 p4=2 srcsize=327680
REORDER 421: p3=1024 p4=2 srcsize=327680
REORDER 422: p3=1024 p4=2 srcsize=327680
REORDER 423: p3=1024 p4=2 srcsize=327680
REORDER 424: p3=3072 p4=2 srcsize=1966080
BO_TO   000: size=10485760 offset=0
BO_TO   000: size=1048576 offset=0
BO_TO   000: size=1048576 offset=0
REORDER 425: p3=1024 p4=2 srcsize=1310720
REORDER 426: p3=1024 p4=2 srcsize=655360
REORDER 427: p3=1024 p4=2 srcsize=655360
REORDER 428: p3=2048 p4=2 srcsize=1310720
REORDER 429: p3=1024 p4=2 srcsize=327680
REORDER 430: p3=1024 p4=2 srcsize=327680
REORDER 431: p3=1024 p4=2 srcsize=327680
REORDER 432: p3=1024 p4=2 srcsize=327680
REORDER 433: p3=1024 p4=2 srcsize=327680
REORDER 434: p3=1024 p4=2 srcsize=327680
REORDER 435: p3=1024 p4=2 srcsize=327680
REORDER 436: p3=1024 p4=2 srcsize=327680
REORDER 437: p3=1024 p4=2 srcsize=327680
REORDER 438: p3=1024 p4=2 srcsize=327680
REORDER 439: p3=1024 p4=2 srcsize=327680
REORDER 440: p3=1024 p4=2 srcsize=327680
REORDER 441: p3=3072 p4=2 srcsize=1966080
BO_TO   000: size=10485760 offset=0
BO_TO   000: size=1048576 offset=0
BO_TO   000: size=1048576 offset=0
REORDER 442: p3=1024 p4=2 srcsize=1310720
REORDER 443: p3=1024 p4=2 srcsize=655360
REORDER 444: p3=1024 p4=2 srcsize=655360
REORDER 445: p3=2048 p4=2 srcsize=1310720
REORDER 446: p3=1024 p4=2 srcsize=327680
REORDER 447: p3=1024 p4=2 srcsize=327680
REORDER 448: p3=1024 p4=2 srcsize=327680
REORDER 449: p3=1024 p4=2 srcsize=327680
REORDER 450: p3=1024 p4=2 srcsize=327680
REORDER 451: p3=1024 p4=2 srcsize=327680
REORDER 452: p3=1024 p4=2 srcsize=327680
REORDER 453: p3=1024 p4=2 srcsize=327680
REORDER 454: p3=1024 p4=2 srcsize=327680
REORDER 455: p3=1024 p4=2 srcsize=327680
REORDER 456: p3=1024 p4=2 srcsize=327680
REORDER 457: p3=1024 p4=2 srcsize=327680
REORDER 458: p3=3072 p4=2 srcsize=1966080
BO_TO   000: size=10485760 offset=0
BO_TO   000: size=1048576 offset=0
BO_TO   000: size=1048576 offset=0
REORDER 459: p3=1024 p4=2 srcsize=1310720
REORDER 460: p3=1024 p4=2 srcsize=655360
REORDER 461: p3=1024 p4=2 srcsize=655360
REORDER 462: p3=2048 p4=2 srcsize=1310720
REORDER 463: p3=1024 p4=2 srcsize=327680
REORDER 464: p3=1024 p4=2 srcsize=327680
REORDER 465: p3=1024 p4=2 srcsize=327680
REORDER 466: p3=1024 p4=2 srcsize=327680
REORDER 467: p3=1024 p4=2 srcsize=327680
REORDER 468: p3=1024 p4=2 srcsize=327680
REORDER 469: p3=1024 p4=2 srcsize=327680
REORDER 470: p3=1024 p4=2 srcsize=327680
REORDER 471: p3=1024 p4=2 srcsize=327680
REORDER 472: p3=1024 p4=2 srcsize=327680
REORDER 473: p3=1024 p4=2 srcsize=327680
REORDER 474: p3=1024 p4=2 srcsize=327680
REORDER 475: p3=3072 p4=2 srcsize=1966080
BO_TO   000: size=10485760 offset=0
BO_TO   000: size=1048576 offset=0
BO_TO   000: size=1048576 offset=0
REORDER 476: p3=1024 p4=2 srcsize=97239040
BO_TO   000: size=98566144 offset=0
BO_TO   000: size=1048576 offset=0
BO_TO   000: size=1048576 offset=0
BO_TO   000: size=1048576 offset=0
BO_TO   000: size=1048576 offset=0
BO_TO   000: size=1048576 offset=0
BO_TO   000: size=1048576 offset=0
BO_TO   000: size=1048576 offset=0
BO_TO   000: size=1048576 offset=0
BO_TO   000: size=1048576 offset=0
BO_TO   000: size=1048576 offset=0
BO_TO   000: size=1048576 offset=0
BO_TO   000: size=1048576 offset=0
BO_TO   000: size=1048576 offset=0
BO_TO   000: size=1048576 offset=0
BO_TO   000: size=1048576 offset=0
BO_TO   000: size=1048576 offset=0
BO_TO   000: size=1048576 offset=0
BO_TO   000: size=1048576 offset=0
BO_TO   000: size=1048576 offset=0
BO_TO   000: size=1048576 offset=0
BO_TO   000: size=1048576 offset=0
BO_TO   000: size=1048576 offset=0
BO_TO   000: size=1048576 offset=0
BO_TO   000: size=1048576 offset=0
BO_TO   000: size=1048576 offset=0
BO_TO   000: size=1048576 offset=0
BO_TO   000: size=1048576 offset=0
BO_TO   000: size=1048576 offset=0
BO_TO   000: size=1048576 offset=0
BO_TO   000: size=1048576 offset=0
BO_TO   000: size=1048576 offset=0
BO_TO   000: size=1048576 offset=0
BO_TO   000: size=1048576 offset=0
BO_TO   000: size=1048576 offset=0
BO_TO   000: size=1048576 offset=0
BO_TO   000: size=1048576 offset=0
BO_TO   000: size=1048576 offset=0
BO_TO   000: size=1048576 offset=0
BO_TO   000: size=1048576 offset=0
BO_TO   000: size=1048576 offset=0
BO_TO   000: size=1048576 offset=0
BO_TO   000: size=1048576 offset=0
BO_TO   000: size=1048576 offset=0
BO_TO   000: size=1048576 offset=0
BO_TO   000: size=1048576 offset=0
BO_TO   000: size=1048576 offset=0
BO_TO   000: size=1048576 offset=0
BO_TO   000: size=1048576 offset=0
BO_TO   000: size=1048576 offset=0
BO_TO   000: size=1048576 offset=0
BO_TO   000: size=1048576 offset=0
BO_TO   000: size=1048576 offset=0
BO_TO   000: size=1048576 offset=0
BO_TO   000: size=1048576 offset=0
BO_TO   000: size=1048576 offset=0
BO_TO   000: size=1048576 offset=0
Prompt: Hello
BO_TO   000: size=1048576 offset=0
BO_FROM 000: size=1048576 offset=0 -> /tmp/cap/bo_from_000_1048576.bin
BO_TO   001: size=1048576 offset=0
BO_FROM 001: size=1048576 offset=0 -> /tmp/cap/bo_from_001_1048576.bin
BO_TO   002: size=1048576 offset=0
BO_TO   002: size=1048576 offset=0
BO_FROM 002: size=1048576 offset=0 -> /tmp/cap/bo_from_002_1048576.bin
BO_FROM 003: size=134217728 offset=0 -> /tmp/cap/bo_from_003_134217728.bin
BO_TO   004: size=134217728 offset=0
BO_FROM 004: size=1048576 offset=0 -> /tmp/cap/bo_from_004_1048576.bin
BO_FROM 005: size=1048576 offset=0 -> /tmp/cap/bo_from_005_1048576.bin
BO_TO   006: size=1048576 offset=0
BO_TO   006: size=6291456 offset=0
BO_FROM 006: size=2097152 offset=0 -> /tmp/cap/bo_from_006_2097152.bin
BO_TO   007: size=6291456 offset=0
BO_FROM 007: size=2097152 offset=0 -> /tmp/cap/bo_from_007_2097152.bin
BO_TO   008: size=2097152 offset=0
BO_FROM 008: size=6291456 offset=0 -> /tmp/cap/bo_from_008_6291456.bin
BO_FROM 009: size=1048576 offset=0 -> /tmp/cap/bo_from_009_1048576.bin
BO_TO   010: size=1048576 offset=0
BO_FROM 010: size=1048576 offset=0 -> /tmp/cap/bo_from_010_1048576.bin
BO_TO   011: size=1048576 offset=0
BO_FROM 011: size=1048576 offset=0 -> /tmp/cap/bo_from_011_1048576.bin
BO_TO   012: size=1048576 offset=0
BO_FROM 012: size=1048576 offset=0 -> /tmp/cap/bo_from_012_1048576.bin
BO_TO   013: size=1048576 offset=0
BO_TO   013: size=1048576 offset=0
BO_FROM 013: size=1048576 offset=0 -> /tmp/cap/bo_from_013_1048576.bin
BO_FROM 014: size=134217728 offset=0 -> /tmp/cap/bo_from_014_134217728.bin
BO_TO   015: size=134217728 offset=0
BO_FROM 015: size=1048576 offset=0 -> /tmp/cap/bo_from_015_1048576.bin
BO_FROM 016: size=1048576 offset=0 -> /tmp/cap/bo_from_016_1048576.bin
BO_TO   017: size=1048576 offset=0
BO_TO   017: size=6291456 offset=0
BO_FROM 017: size=2097152 offset=0 -> /tmp/cap/bo_from_017_2097152.bin
BO_TO   018: size=6291456 offset=0
BO_FROM 018: size=2097152 offset=0 -> /tmp/cap/bo_from_018_2097152.bin
BO_TO   019: size=2097152 offset=0
BO_FROM 019: size=6291456 offset=0 -> /tmp/cap/bo_from_019_6291456.bin
BO_FROM 020: size=1048576 offset=0 -> /tmp/cap/bo_from_020_1048576.bin
BO_TO   021: size=1048576 offset=0
BO_FROM 021: size=1048576 offset=0 -> /tmp/cap/bo_from_021_1048576.bin
BO_TO   022: size=1048576 offset=0
BO_FROM 022: size=1048576 offset=0 -> /tmp/cap/bo_from_022_1048576.bin
BO_TO   023: size=1048576 offset=0
BO_FROM 023: size=1048576 offset=0 -> /tmp/cap/bo_from_023_1048576.bin
BO_TO   024: size=1048576 offset=0
BO_TO   024: size=1048576 offset=0
BO_FROM 024: size=1048576 offset=0 -> /tmp/cap/bo_from_024_1048576.bin
BO_FROM 025: size=134217728 offset=0 -> /tmp/cap/bo_from_025_134217728.bin
BO_TO   026: size=134217728 offset=0
BO_FROM 026: size=1048576 offset=0 -> /tmp/cap/bo_from_026_1048576.bin
BO_FROM 027: size=1048576 offset=0 -> /tmp/cap/bo_from_027_1048576.bin
BO_TO   028: size=1048576 offset=0
BO_TO   028: size=6291456 offset=0
BO_FROM 028: size=2097152 offset=0 -> /tmp/cap/bo_from_028_2097152.bin
BO_TO   029: size=6291456 offset=0
BO_FROM 029: size=2097152 offset=0 -> /tmp/cap/bo_from_029_2097152.bin
BO_TO   030: size=2097152 offset=0
BO_FROM 030: size=6291456 offset=0 -> /tmp/cap/bo_from_030_6291456.bin
BO_FROM 031: size=1048576 offset=0 -> /tmp/cap/bo_from_031_1048576.bin
BO_TO   032: size=1048576 offset=0
BO_FROM 032: size=1048576 offset=0 -> /tmp/cap/bo_from_032_1048576.bin
BO_TO   033: size=1048576 offset=0
BO_FROM 033: size=1048576 offset=0 -> /tmp/cap/bo_from_033_1048576.bin
BO_TO   034: size=1048576 offset=0
BO_FROM 034: size=1048576 offset=0 -> /tmp/cap/bo_from_034_1048576.bin
BO_TO   035: size=1048576 offset=0
BO_TO   035: size=1048576 offset=0
BO_FROM 035: size=1048576 offset=0 -> /tmp/cap/bo_from_035_1048576.bin
BO_FROM 036: size=134217728 offset=0 -> /tmp/cap/bo_from_036_134217728.bin
BO_TO   037: size=134217728 offset=0
BO_FROM 037: size=1048576 offset=0 -> /tmp/cap/bo_from_037_1048576.bin
BO_FROM 038: size=1048576 offset=0 -> /tmp/cap/bo_from_038_1048576.bin
BO_TO   039: size=1048576 offset=0
BO_TO   039: size=6291456 offset=0
BO_FROM 039: size=2097152 offset=0 -> /tmp/cap/bo_from_039_2097152.bin
BO_TO   040: size=6291456 offset=0
BO_FROM 040: size=2097152 offset=0 -> /tmp/cap/bo_from_040_2097152.bin
BO_TO   041: size=2097152 offset=0
BO_FROM 041: size=6291456 offset=0 -> /tmp/cap/bo_from_041_6291456.bin
BO_FROM 042: size=1048576 offset=0 -> /tmp/cap/bo_from_042_1048576.bin
BO_TO   043: size=1048576 offset=0
BO_FROM 043: size=1048576 offset=0 -> /tmp/cap/bo_from_043_1048576.bin
BO_TO   044: size=1048576 offset=0
BO_FROM 044: size=1048576 offset=0 -> /tmp/cap/bo_from_044_1048576.bin
BO_TO   045: size=1048576 offset=0
BO_FROM 045: size=1048576 offset=0 -> /tmp/cap/bo_from_045_1048576.bin
BO_TO   046: size=1048576 offset=0
BO_TO   046: size=1048576 offset=0
BO_FROM 046: size=1048576 offset=0 -> /tmp/cap/bo_from_046_1048576.bin
BO_FROM 047: size=134217728 offset=0 -> /tmp/cap/bo_from_047_134217728.bin
BO_TO   048: size=134217728 offset=0
BO_FROM 048: size=1048576 offset=0 -> /tmp/cap/bo_from_048_1048576.bin
BO_FROM 049: size=1048576 offset=0 -> /tmp/cap/bo_from_049_1048576.bin
BO_TO   050: size=1048576 offset=0
BO_TO   050: size=6291456 offset=0
BO_FROM 050: size=2097152 offset=0 -> /tmp/cap/bo_from_050_2097152.bin
BO_TO   051: size=6291456 offset=0
BO_FROM 051: size=2097152 offset=0 -> /tmp/cap/bo_from_051_2097152.bin
BO_TO   052: size=2097152 offset=0
BO_FROM 052: size=6291456 offset=0 -> /tmp/cap/bo_from_052_6291456.bin
BO_FROM 053: size=1048576 offset=0 -> /tmp/cap/bo_from_053_1048576.bin
BO_TO   054: size=1048576 offset=0
BO_FROM 054: size=1048576 offset=0 -> /tmp/cap/bo_from_054_1048576.bin
BO_TO   055: size=1048576 offset=0
BO_FROM 055: size=1048576 offset=0 -> /tmp/cap/bo_from_055_1048576.bin
BO_TO   056: size=1048576 offset=0
BO_FROM 056: size=1048576 offset=0 -> /tmp/cap/bo_from_056_1048576.bin
BO_TO   057: size=1048576 offset=0
BO_TO   057: size=1048576 offset=0
BO_FROM 057: size=1048576 offset=0 -> /tmp/cap/bo_from_057_1048576.bin
BO_FROM 058: size=134217728 offset=0 -> /tmp/cap/bo_from_058_134217728.bin
BO_TO   059: size=134217728 offset=0
BO_FROM 059: size=1048576 offset=0 -> /tmp/cap/bo_from_059_1048576.bin
BO_FROM 060: size=1048576 offset=0 -> /tmp/cap/bo_from_060_1048576.bin
BO_TO   061: size=1048576 offset=0
BO_TO   061: size=6291456 offset=0
BO_FROM 061: size=2097152 offset=0 -> /tmp/cap/bo_from_061_2097152.bin
BO_TO   062: size=6291456 offset=0
BO_FROM 062: size=2097152 offset=0 -> /tmp/cap/bo_from_062_2097152.bin
BO_TO   063: size=2097152 offset=0
BO_FROM 063: size=6291456 offset=0 -> /tmp/cap/bo_from_063_6291456.bin
BO_FROM 064: size=1048576 offset=0 -> /tmp/cap/bo_from_064_1048576.bin
BO_TO   065: size=1048576 offset=0
BO_FROM 065: size=1048576 offset=0 -> /tmp/cap/bo_from_065_1048576.bin
BO_TO   066: size=1048576 offset=0
BO_FROM 066: size=1048576 offset=0 -> /tmp/cap/bo_from_066_1048576.bin
BO_TO   067: size=1048576 offset=0
BO_FROM 067: size=1048576 offset=0 -> /tmp/cap/bo_from_067_1048576.bin
BO_TO   068: size=1048576 offset=0
BO_TO   068: size=1048576 offset=0
BO_FROM 068: size=1048576 offset=0 -> /tmp/cap/bo_from_068_1048576.bin
BO_FROM 069: size=134217728 offset=0 -> /tmp/cap/bo_from_069_134217728.bin
BO_TO   070: size=134217728 offset=0
BO_FROM 070: size=1048576 offset=0 -> /tmp/cap/bo_from_070_1048576.bin
BO_FROM 071: size=1048576 offset=0 -> /tmp/cap/bo_from_071_1048576.bin
BO_TO   072: size=1048576 offset=0
BO_TO   072: size=6291456 offset=0
BO_FROM 072: size=2097152 offset=0 -> /tmp/cap/bo_from_072_2097152.bin
BO_TO   073: size=6291456 offset=0
BO_FROM 073: size=2097152 offset=0 -> /tmp/cap/bo_from_073_2097152.bin
BO_TO   074: size=2097152 offset=0
BO_FROM 074: size=6291456 offset=0 -> /tmp/cap/bo_from_074_6291456.bin
BO_FROM 075: size=1048576 offset=0 -> /tmp/cap/bo_from_075_1048576.bin
BO_TO   076: size=1048576 offset=0
BO_FROM 076: size=1048576 offset=0 -> /tmp/cap/bo_from_076_1048576.bin
BO_TO   077: size=1048576 offset=0
BO_FROM 077: size=1048576 offset=0 -> /tmp/cap/bo_from_077_1048576.bin
BO_TO   078: size=1048576 offset=0
BO_FROM 078: size=1048576 offset=0 -> /tmp/cap/bo_from_078_1048576.bin
BO_TO   079: size=1048576 offset=0
BO_TO   079: size=1048576 offset=0
BO_FROM 079: size=1048576 offset=0 -> /tmp/cap/bo_from_079_1048576.bin
BO_FROM 080: size=134217728 offset=0 -> /tmp/cap/bo_from_080_134217728.bin
BO_TO   081: size=134217728 offset=0
BO_FROM 081: size=1048576 offset=0 -> /tmp/cap/bo_from_081_1048576.bin
BO_FROM 082: size=1048576 offset=0 -> /tmp/cap/bo_from_082_1048576.bin
BO_TO   083: size=1048576 offset=0
BO_TO   083: size=6291456 offset=0
BO_FROM 083: size=2097152 offset=0 -> /tmp/cap/bo_from_083_2097152.bin
BO_TO   084: size=6291456 offset=0
BO_FROM 084: size=2097152 offset=0 -> /tmp/cap/bo_from_084_2097152.bin
BO_TO   085: size=2097152 offset=0
BO_FROM 085: size=6291456 offset=0 -> /tmp/cap/bo_from_085_6291456.bin
BO_FROM 086: size=1048576 offset=0 -> /tmp/cap/bo_from_086_1048576.bin
BO_TO   087: size=1048576 offset=0
BO_FROM 087: size=1048576 offset=0 -> /tmp/cap/bo_from_087_1048576.bin
BO_TO   088: size=1048576 offset=0
BO_FROM 088: size=1048576 offset=0 -> /tmp/cap/bo_from_088_1048576.bin
BO_TO   089: size=1048576 offset=0
BO_FROM 089: size=1048576 offset=0 -> /tmp/cap/bo_from_089_1048576.bin
BO_TO   090: size=1048576 offset=0
BO_TO   090: size=1048576 offset=0
BO_FROM 090: size=1048576 offset=0 -> /tmp/cap/bo_from_090_1048576.bin
BO_FROM 091: size=134217728 offset=0 -> /tmp/cap/bo_from_091_134217728.bin
BO_TO   092: size=134217728 offset=0
BO_FROM 092: size=1048576 offset=0 -> /tmp/cap/bo_from_092_1048576.bin
BO_FROM 093: size=1048576 offset=0 -> /tmp/cap/bo_from_093_1048576.bin
BO_TO   094: size=1048576 offset=0
BO_TO   094: size=6291456 offset=0
BO_FROM 094: size=2097152 offset=0 -> /tmp/cap/bo_from_094_2097152.bin
BO_TO   095: size=6291456 offset=0
BO_FROM 095: size=2097152 offset=0 -> /tmp/cap/bo_from_095_2097152.bin
BO_TO   096: size=2097152 offset=0
BO_FROM 096: size=6291456 offset=0 -> /tmp/cap/bo_from_096_6291456.bin
BO_FROM 097: size=1048576 offset=0 -> /tmp/cap/bo_from_097_1048576.bin
BO_TO   098: size=1048576 offset=0
BO_FROM 098: size=1048576 offset=0 -> /tmp/cap/bo_from_098_1048576.bin
BO_TO   099: size=1048576 offset=0
BO_FROM 099: size=1048576 offset=0 -> /tmp/cap/bo_from_099_1048576.bin
BO_TO   100: size=1048576 offset=0
BO_FROM 100: size=1048576 offset=0 -> /tmp/cap/bo_from_100_1048576.bin
BO_TO   101: size=1048576 offset=0
BO_TO   101: size=1048576 offset=0
BO_FROM 101: size=1048576 offset=0 -> /tmp/cap/bo_from_101_1048576.bin
BO_FROM 102: size=134217728 offset=0 -> /tmp/cap/bo_from_102_134217728.bin
BO_TO   103: size=134217728 offset=0
BO_FROM 103: size=1048576 offset=0 -> /tmp/cap/bo_from_103_1048576.bin
BO_FROM 104: size=1048576 offset=0 -> /tmp/cap/bo_from_104_1048576.bin
BO_TO   105: size=1048576 offset=0
BO_TO   105: size=6291456 offset=0
BO_FROM 105: size=2097152 offset=0 -> /tmp/cap/bo_from_105_2097152.bin
BO_TO   106: size=6291456 offset=0
BO_FROM 106: size=2097152 offset=0 -> /tmp/cap/bo_from_106_2097152.bin
BO_TO   107: size=2097152 offset=0
BO_FROM 107: size=6291456 offset=0 -> /tmp/cap/bo_from_107_6291456.bin
BO_FROM 108: size=1048576 offset=0 -> /tmp/cap/bo_from_108_1048576.bin
BO_TO   109: size=1048576 offset=0
BO_FROM 109: size=1048576 offset=0 -> /tmp/cap/bo_from_109_1048576.bin
BO_TO   110: size=1048576 offset=0
BO_FROM 110: size=1048576 offset=0 -> /tmp/cap/bo_from_110_1048576.bin
BO_TO   111: size=1048576 offset=0
BO_FROM 111: size=1048576 offset=0 -> /tmp/cap/bo_from_111_1048576.bin
BO_TO   112: size=1048576 offset=0
BO_TO   112: size=1048576 offset=0
BO_FROM 112: size=1048576 offset=0 -> /tmp/cap/bo_from_112_1048576.bin
BO_FROM 113: size=134217728 offset=0 -> /tmp/cap/bo_from_113_134217728.bin
BO_TO   114: size=134217728 offset=0
BO_FROM 114: size=1048576 offset=0 -> /tmp/cap/bo_from_114_1048576.bin
BO_FROM 115: size=1048576 offset=0 -> /tmp/cap/bo_from_115_1048576.bin
BO_TO   116: size=1048576 offset=0
BO_TO   116: size=6291456 offset=0
BO_FROM 116: size=2097152 offset=0 -> /tmp/cap/bo_from_116_2097152.bin
BO_TO   117: size=6291456 offset=0
BO_FROM 117: size=2097152 offset=0 -> /tmp/cap/bo_from_117_2097152.bin
BO_TO   118: size=2097152 offset=0
BO_FROM 118: size=6291456 offset=0 -> /tmp/cap/bo_from_118_6291456.bin
BO_FROM 119: size=1048576 offset=0 -> /tmp/cap/bo_from_119_1048576.bin
BO_TO   120: size=1048576 offset=0
BO_FROM 120: size=1048576 offset=0 -> /tmp/cap/bo_from_120_1048576.bin
BO_TO   121: size=1048576 offset=0
BO_FROM 121: size=1048576 offset=0 -> /tmp/cap/bo_from_121_1048576.bin
BO_TO   122: size=1048576 offset=0
BO_FROM 122: size=1048576 offset=0 -> /tmp/cap/bo_from_122_1048576.bin
BO_TO   123: size=1048576 offset=0
BO_TO   123: size=1048576 offset=0
BO_FROM 123: size=1048576 offset=0 -> /tmp/cap/bo_from_123_1048576.bin
BO_FROM 124: size=134217728 offset=0 -> /tmp/cap/bo_from_124_134217728.bin
BO_TO   125: size=134217728 offset=0
BO_FROM 125: size=1048576 offset=0 -> /tmp/cap/bo_from_125_1048576.bin
BO_FROM 126: size=1048576 offset=0 -> /tmp/cap/bo_from_126_1048576.bin
BO_TO   127: size=1048576 offset=0
BO_TO   127: size=6291456 offset=0
BO_FROM 127: size=2097152 offset=0 -> /tmp/cap/bo_from_127_2097152.bin
BO_TO   128: size=6291456 offset=0
BO_FROM 128: size=2097152 offset=0 -> /tmp/cap/bo_from_128_2097152.bin
BO_TO   129: size=2097152 offset=0
BO_FROM 129: size=6291456 offset=0 -> /tmp/cap/bo_from_129_6291456.bin
BO_FROM 130: size=1048576 offset=0 -> /tmp/cap/bo_from_130_1048576.bin
BO_TO   131: size=1048576 offset=0
BO_FROM 131: size=1048576 offset=0 -> /tmp/cap/bo_from_131_1048576.bin
BO_TO   132: size=1048576 offset=0
BO_FROM 132: size=1048576 offset=0 -> /tmp/cap/bo_from_132_1048576.bin
BO_TO   133: size=1048576 offset=0
BO_FROM 133: size=1048576 offset=0 -> /tmp/cap/bo_from_133_1048576.bin
BO_TO   134: size=1048576 offset=0
BO_TO   134: size=1048576 offset=0
BO_FROM 134: size=1048576 offset=0 -> /tmp/cap/bo_from_134_1048576.bin
BO_FROM 135: size=134217728 offset=0 -> /tmp/cap/bo_from_135_134217728.bin
BO_TO   136: size=134217728 offset=0
BO_FROM 136: size=1048576 offset=0 -> /tmp/cap/bo_from_136_1048576.bin
BO_FROM 137: size=1048576 offset=0 -> /tmp/cap/bo_from_137_1048576.bin
BO_TO   138: size=1048576 offset=0
BO_TO   138: size=6291456 offset=0
BO_FROM 138: size=2097152 offset=0 -> /tmp/cap/bo_from_138_2097152.bin
BO_TO   139: size=6291456 offset=0
BO_FROM 139: size=2097152 offset=0 -> /tmp/cap/bo_from_139_2097152.bin
BO_TO   140: size=2097152 offset=0
BO_FROM 140: size=6291456 offset=0 -> /tmp/cap/bo_from_140_6291456.bin
BO_FROM 141: size=1048576 offset=0 -> /tmp/cap/bo_from_141_1048576.bin
BO_TO   142: size=1048576 offset=0
BO_FROM 142: size=1048576 offset=0 -> /tmp/cap/bo_from_142_1048576.bin
BO_TO   143: size=1048576 offset=0
BO_FROM 143: size=1048576 offset=0 -> /tmp/cap/bo_from_143_1048576.bin
BO_TO   144: size=1048576 offset=0
BO_FROM 144: size=1048576 offset=0 -> /tmp/cap/bo_from_144_1048576.bin
BO_TO   145: size=1048576 offset=0
BO_TO   145: size=1048576 offset=0
BO_FROM 145: size=1048576 offset=0 -> /tmp/cap/bo_from_145_1048576.bin
BO_FROM 146: size=134217728 offset=0 -> /tmp/cap/bo_from_146_134217728.bin
BO_TO   147: size=134217728 offset=0
BO_FROM 147: size=1048576 offset=0 -> /tmp/cap/bo_from_147_1048576.bin
BO_FROM 148: size=1048576 offset=0 -> /tmp/cap/bo_from_148_1048576.bin
BO_TO   149: size=1048576 offset=0
BO_TO   149: size=6291456 offset=0
BO_FROM 149: size=2097152 offset=0 -> /tmp/cap/bo_from_149_2097152.bin
BO_TO   150: size=6291456 offset=0
BO_FROM 150: size=2097152 offset=0 -> /tmp/cap/bo_from_150_2097152.bin
BO_TO   151: size=2097152 offset=0
BO_FROM 151: size=6291456 offset=0 -> /tmp/cap/bo_from_151_6291456.bin
BO_FROM 152: size=1048576 offset=0 -> /tmp/cap/bo_from_152_1048576.bin
BO_TO   153: size=1048576 offset=0
BO_FROM 153: size=1048576 offset=0 -> /tmp/cap/bo_from_153_1048576.bin
BO_TO   154: size=1048576 offset=0
BO_FROM 154: size=1048576 offset=0 -> /tmp/cap/bo_from_154_1048576.bin
BO_TO   155: size=1048576 offset=0
BO_FROM 155: size=1048576 offset=0 -> /tmp/cap/bo_from_155_1048576.bin
BO_TO   156: size=1048576 offset=0
BO_TO   156: size=1048576 offset=0
BO_FROM 156: size=1048576 offset=0 -> /tmp/cap/bo_from_156_1048576.bin
BO_FROM 157: size=134217728 offset=0 -> /tmp/cap/bo_from_157_134217728.bin
BO_TO   158: size=134217728 offset=0
BO_FROM 158: size=1048576 offset=0 -> /tmp/cap/bo_from_158_1048576.bin
BO_FROM 159: size=1048576 offset=0 -> /tmp/cap/bo_from_159_1048576.bin
BO_TO   160: size=1048576 offset=0
BO_TO   160: size=6291456 offset=0
BO_FROM 160: size=2097152 offset=0 -> /tmp/cap/bo_from_160_2097152.bin
BO_TO   161: size=6291456 offset=0
BO_FROM 161: size=2097152 offset=0 -> /tmp/cap/bo_from_161_2097152.bin
BO_TO   162: size=2097152 offset=0
BO_FROM 162: size=6291456 offset=0 -> /tmp/cap/bo_from_162_6291456.bin
BO_FROM 163: size=1048576 offset=0 -> /tmp/cap/bo_from_163_1048576.bin
BO_TO   164: size=1048576 offset=0
BO_FROM 164: size=1048576 offset=0 -> /tmp/cap/bo_from_164_1048576.bin
BO_TO   165: size=1048576 offset=0
BO_FROM 165: size=1048576 offset=0 -> /tmp/cap/bo_from_165_1048576.bin
BO_TO   166: size=1048576 offset=0
BO_FROM 166: size=1048576 offset=0 -> /tmp/cap/bo_from_166_1048576.bin
BO_TO   167: size=1048576 offset=0
BO_TO   167: size=1048576 offset=0
BO_FROM 167: size=1048576 offset=0 -> /tmp/cap/bo_from_167_1048576.bin
BO_FROM 168: size=134217728 offset=0 -> /tmp/cap/bo_from_168_134217728.bin
BO_TO   169: size=134217728 offset=0
BO_FROM 169: size=1048576 offset=0 -> /tmp/cap/bo_from_169_1048576.bin
BO_FROM 170: size=1048576 offset=0 -> /tmp/cap/bo_from_170_1048576.bin
BO_TO   171: size=1048576 offset=0
BO_TO   171: size=6291456 offset=0
BO_FROM 171: size=2097152 offset=0 -> /tmp/cap/bo_from_171_2097152.bin
BO_TO   172: size=6291456 offset=0
BO_FROM 172: size=2097152 offset=0 -> /tmp/cap/bo_from_172_2097152.bin
BO_TO   173: size=2097152 offset=0
BO_FROM 173: size=6291456 offset=0 -> /tmp/cap/bo_from_173_6291456.bin
BO_FROM 174: size=1048576 offset=0 -> /tmp/cap/bo_from_174_1048576.bin
BO_TO   175: size=1048576 offset=0
BO_FROM 175: size=1048576 offset=0 -> /tmp/cap/bo_from_175_1048576.bin
BO_TO   176: size=1048576 offset=0
BO_FROM 176: size=1048576 offset=0 -> /tmp/cap/bo_from_176_1048576.bin
BO_TO   177: size=1048576 offset=0
BO_FROM 177: size=1048576 offset=0 -> /tmp/cap/bo_from_177_1048576.bin
BO_TO   178: size=1048576 offset=0
BO_TO   178: size=1048576 offset=0
BO_FROM 178: size=1048576 offset=0 -> /tmp/cap/bo_from_178_1048576.bin
BO_FROM 179: size=134217728 offset=0 -> /tmp/cap/bo_from_179_134217728.bin
BO_TO   180: size=134217728 offset=0
BO_FROM 180: size=1048576 offset=0 -> /tmp/cap/bo_from_180_1048576.bin
BO_FROM 181: size=1048576 offset=0 -> /tmp/cap/bo_from_181_1048576.bin
BO_TO   182: size=1048576 offset=0
BO_TO   182: size=6291456 offset=0
BO_FROM 182: size=2097152 offset=0 -> /tmp/cap/bo_from_182_2097152.bin
BO_TO   183: size=6291456 offset=0
BO_FROM 183: size=2097152 offset=0 -> /tmp/cap/bo_from_183_2097152.bin
BO_TO   184: size=2097152 offset=0
BO_FROM 184: size=6291456 offset=0 -> /tmp/cap/bo_from_184_6291456.bin
BO_FROM 185: size=1048576 offset=0 -> /tmp/cap/bo_from_185_1048576.bin
BO_TO   186: size=1048576 offset=0
BO_FROM 186: size=1048576 offset=0 -> /tmp/cap/bo_from_186_1048576.bin
BO_TO   187: size=1048576 offset=0
BO_FROM 187: size=1048576 offset=0 -> /tmp/cap/bo_from_187_1048576.bin
BO_TO   188: size=1048576 offset=0
BO_FROM 188: size=1048576 offset=0 -> /tmp/cap/bo_from_188_1048576.bin
BO_TO   189: size=1048576 offset=0
BO_TO   189: size=1048576 offset=0
BO_FROM 189: size=1048576 offset=0 -> /tmp/cap/bo_from_189_1048576.bin
BO_FROM 190: size=134217728 offset=0 -> /tmp/cap/bo_from_190_134217728.bin
BO_TO   191: size=134217728 offset=0
BO_FROM 191: size=1048576 offset=0 -> /tmp/cap/bo_from_191_1048576.bin
BO_FROM 192: size=1048576 offset=0 -> /tmp/cap/bo_from_192_1048576.bin
BO_TO   193: size=1048576 offset=0
BO_TO   193: size=6291456 offset=0
BO_FROM 193: size=2097152 offset=0 -> /tmp/cap/bo_from_193_2097152.bin
BO_TO   194: size=6291456 offset=0
BO_FROM 194: size=2097152 offset=0 -> /tmp/cap/bo_from_194_2097152.bin
BO_TO   195: size=2097152 offset=0
BO_FROM 195: size=6291456 offset=0 -> /tmp/cap/bo_from_195_6291456.bin
BO_FROM 196: size=1048576 offset=0 -> /tmp/cap/bo_from_196_1048576.bin
BO_TO   197: size=1048576 offset=0
BO_FROM 197: size=1048576 offset=0 -> /tmp/cap/bo_from_197_1048576.bin
BO_TO   198: size=1048576 offset=0
BO_FROM 198: size=1048576 offset=0 -> /tmp/cap/bo_from_198_1048576.bin
BO_TO   199: size=1048576 offset=0
BO_FROM 199: size=1048576 offset=0 -> /tmp/cap/bo_from_199_1048576.bin
BO_TO   200: size=1048576 offset=0
BO_TO   200: size=1048576 offset=0
BO_FROM 200: size=1048576 offset=0 -> /tmp/cap/bo_from_200_1048576.bin
BO_FROM 201: size=134217728 offset=0 -> /tmp/cap/bo_from_201_134217728.bin
BO_TO   202: size=134217728 offset=0
BO_FROM 202: size=1048576 offset=0 -> /tmp/cap/bo_from_202_1048576.bin
BO_FROM 203: size=1048576 offset=0 -> /tmp/cap/bo_from_203_1048576.bin
BO_TO   204: size=1048576 offset=0
BO_TO   204: size=6291456 offset=0
BO_FROM 204: size=2097152 offset=0 -> /tmp/cap/bo_from_204_2097152.bin
BO_TO   205: size=6291456 offset=0
BO_FROM 205: size=2097152 offset=0 -> /tmp/cap/bo_from_205_2097152.bin
BO_TO   206: size=2097152 offset=0
BO_FROM 206: size=6291456 offset=0 -> /tmp/cap/bo_from_206_6291456.bin
BO_FROM 207: size=1048576 offset=0 -> /tmp/cap/bo_from_207_1048576.bin
BO_TO   208: size=1048576 offset=0
BO_FROM 208: size=1048576 offset=0 -> /tmp/cap/bo_from_208_1048576.bin
BO_TO   209: size=1048576 offset=0
BO_FROM 209: size=1048576 offset=0 -> /tmp/cap/bo_from_209_1048576.bin
BO_TO   210: size=1048576 offset=0
BO_FROM 210: size=1048576 offset=0 -> /tmp/cap/bo_from_210_1048576.bin
BO_TO   211: size=1048576 offset=0
BO_TO   211: size=1048576 offset=0
BO_FROM 211: size=1048576 offset=0 -> /tmp/cap/bo_from_211_1048576.bin
BO_FROM 212: size=134217728 offset=0 -> /tmp/cap/bo_from_212_134217728.bin
BO_TO   213: size=134217728 offset=0
BO_FROM 213: size=1048576 offset=0 -> /tmp/cap/bo_from_213_1048576.bin
BO_FROM 214: size=1048576 offset=0 -> /tmp/cap/bo_from_214_1048576.bin
BO_TO   215: size=1048576 offset=0
BO_TO   215: size=6291456 offset=0
BO_FROM 215: size=2097152 offset=0 -> /tmp/cap/bo_from_215_2097152.bin
BO_TO   216: size=6291456 offset=0
BO_FROM 216: size=2097152 offset=0 -> /tmp/cap/bo_from_216_2097152.bin
BO_TO   217: size=2097152 offset=0
BO_FROM 217: size=6291456 offset=0 -> /tmp/cap/bo_from_217_6291456.bin
BO_FROM 218: size=1048576 offset=0 -> /tmp/cap/bo_from_218_1048576.bin
BO_TO   219: size=1048576 offset=0
BO_FROM 219: size=1048576 offset=0 -> /tmp/cap/bo_from_219_1048576.bin
BO_TO   220: size=1048576 offset=0
BO_FROM 220: size=1048576 offset=0 -> /tmp/cap/bo_from_220_1048576.bin
BO_TO   221: size=1048576 offset=0
BO_FROM 221: size=1048576 offset=0 -> /tmp/cap/bo_from_221_1048576.bin
BO_TO   222: size=1048576 offset=0
BO_TO   222: size=1048576 offset=0
BO_FROM 222: size=1048576 offset=0 -> /tmp/cap/bo_from_222_1048576.bin
BO_FROM 223: size=134217728 offset=0 -> /tmp/cap/bo_from_223_134217728.bin
BO_TO   224: size=134217728 offset=0
BO_FROM 224: size=1048576 offset=0 -> /tmp/cap/bo_from_224_1048576.bin
BO_FROM 225: size=1048576 offset=0 -> /tmp/cap/bo_from_225_1048576.bin
BO_TO   226: size=1048576 offset=0
BO_TO   226: size=6291456 offset=0
BO_FROM 226: size=2097152 offset=0 -> /tmp/cap/bo_from_226_2097152.bin
BO_TO   227: size=6291456 offset=0
BO_FROM 227: size=2097152 offset=0 -> /tmp/cap/bo_from_227_2097152.bin
BO_TO   228: size=2097152 offset=0
BO_FROM 228: size=6291456 offset=0 -> /tmp/cap/bo_from_228_6291456.bin
BO_FROM 229: size=1048576 offset=0 -> /tmp/cap/bo_from_229_1048576.bin
BO_TO   230: size=1048576 offset=0
BO_FROM 230: size=1048576 offset=0 -> /tmp/cap/bo_from_230_1048576.bin
BO_TO   231: size=1048576 offset=0
BO_FROM 231: size=1048576 offset=0 -> /tmp/cap/bo_from_231_1048576.bin
BO_TO   232: size=1048576 offset=0
BO_FROM 232: size=1048576 offset=0 -> /tmp/cap/bo_from_232_1048576.bin
BO_TO   233: size=1048576 offset=0
BO_TO   233: size=1048576 offset=0
BO_FROM 233: size=1048576 offset=0 -> /tmp/cap/bo_from_233_1048576.bin
BO_FROM 234: size=134217728 offset=0 -> /tmp/cap/bo_from_234_134217728.bin
BO_TO   235: size=134217728 offset=0
BO_FROM 235: size=1048576 offset=0 -> /tmp/cap/bo_from_235_1048576.bin
BO_FROM 236: size=1048576 offset=0 -> /tmp/cap/bo_from_236_1048576.bin
BO_TO   237: size=1048576 offset=0
BO_TO   237: size=6291456 offset=0
BO_FROM 237: size=2097152 offset=0 -> /tmp/cap/bo_from_237_2097152.bin
BO_TO   238: size=6291456 offset=0
BO_FROM 238: size=2097152 offset=0 -> /tmp/cap/bo_from_238_2097152.bin
BO_TO   239: size=2097152 offset=0
BO_FROM 239: size=6291456 offset=0 -> /tmp/cap/bo_from_239_6291456.bin
BO_FROM 240: size=1048576 offset=0 -> /tmp/cap/bo_from_240_1048576.bin
BO_TO   241: size=1048576 offset=0
BO_FROM 241: size=1048576 offset=0 -> /tmp/cap/bo_from_241_1048576.bin
BO_TO   242: size=1048576 offset=0
BO_FROM 242: size=1048576 offset=0 -> /tmp/cap/bo_from_242_1048576.bin
BO_TO   243: size=1048576 offset=0
BO_FROM 243: size=1048576 offset=0 -> /tmp/cap/bo_from_243_1048576.bin
BO_TO   244: size=1048576 offset=0
BO_TO   244: size=1048576 offset=0
BO_FROM 244: size=1048576 offset=0 -> /tmp/cap/bo_from_244_1048576.bin
BO_FROM 245: size=134217728 offset=0 -> /tmp/cap/bo_from_245_134217728.bin
BO_TO   246: size=134217728 offset=0
BO_FROM 246: size=1048576 offset=0 -> /tmp/cap/bo_from_246_1048576.bin
BO_FROM 247: size=1048576 offset=0 -> /tmp/cap/bo_from_247_1048576.bin
BO_TO   248: size=1048576 offset=0
BO_TO   248: size=6291456 offset=0
BO_FROM 248: size=2097152 offset=0 -> /tmp/cap/bo_from_248_2097152.bin
BO_TO   249: size=6291456 offset=0
BO_FROM 249: size=2097152 offset=0 -> /tmp/cap/bo_from_249_2097152.bin
BO_TO   250: size=2097152 offset=0
BO_FROM 250: size=6291456 offset=0 -> /tmp/cap/bo_from_250_6291456.bin
BO_FROM 251: size=1048576 offset=0 -> /tmp/cap/bo_from_251_1048576.bin
BO_TO   252: size=1048576 offset=0
BO_FROM 252: size=1048576 offset=0 -> /tmp/cap/bo_from_252_1048576.bin
BO_TO   253: size=1048576 offset=0
BO_FROM 253: size=1048576 offset=0 -> /tmp/cap/bo_from_253_1048576.bin
BO_TO   254: size=1048576 offset=0
BO_FROM 254: size=1048576 offset=0 -> /tmp/cap/bo_from_254_1048576.bin
BO_TO   255: size=1048576 offset=0
BO_TO   255: size=1048576 offset=0
BO_FROM 255: size=1048576 offset=0 -> /tmp/cap/bo_from_255_1048576.bin
BO_FROM 256: size=134217728 offset=0 -> /tmp/cap/bo_from_256_134217728.bin
BO_TO   257: size=134217728 offset=0
BO_FROM 257: size=1048576 offset=0 -> /tmp/cap/bo_from_257_1048576.bin
BO_FROM 258: size=1048576 offset=0 -> /tmp/cap/bo_from_258_1048576.bin
BO_TO   259: size=1048576 offset=0
BO_TO   259: size=6291456 offset=0
BO_FROM 259: size=2097152 offset=0 -> /tmp/cap/bo_from_259_2097152.bin
BO_TO   260: size=6291456 offset=0
BO_FROM 260: size=2097152 offset=0 -> /tmp/cap/bo_from_260_2097152.bin
BO_TO   261: size=2097152 offset=0
BO_FROM 261: size=6291456 offset=0 -> /tmp/cap/bo_from_261_6291456.bin
BO_FROM 262: size=1048576 offset=0 -> /tmp/cap/bo_from_262_1048576.bin
BO_TO   263: size=1048576 offset=0
BO_FROM 263: size=1048576 offset=0 -> /tmp/cap/bo_from_263_1048576.bin
BO_TO   264: size=1048576 offset=0
BO_FROM 264: size=1048576 offset=0 -> /tmp/cap/bo_from_264_1048576.bin
BO_TO   265: size=1048576 offset=0
BO_FROM 265: size=1048576 offset=0 -> /tmp/cap/bo_from_265_1048576.bin
BO_TO   266: size=1048576 offset=0
BO_TO   266: size=1048576 offset=0
BO_FROM 266: size=1048576 offset=0 -> /tmp/cap/bo_from_266_1048576.bin
BO_FROM 267: size=134217728 offset=0 -> /tmp/cap/bo_from_267_134217728.bin
BO_TO   268: size=134217728 offset=0
BO_FROM 268: size=1048576 offset=0 -> /tmp/cap/bo_from_268_1048576.bin
BO_FROM 269: size=1048576 offset=0 -> /tmp/cap/bo_from_269_1048576.bin
BO_TO   270: size=1048576 offset=0
BO_TO   270: size=6291456 offset=0
BO_FROM 270: size=2097152 offset=0 -> /tmp/cap/bo_from_270_2097152.bin
BO_TO   271: size=6291456 offset=0
BO_FROM 271: size=2097152 offset=0 -> /tmp/cap/bo_from_271_2097152.bin
BO_TO   272: size=2097152 offset=0
BO_FROM 272: size=6291456 offset=0 -> /tmp/cap/bo_from_272_6291456.bin
BO_FROM 273: size=1048576 offset=0 -> /tmp/cap/bo_from_273_1048576.bin
BO_TO   274: size=1048576 offset=0
BO_FROM 274: size=1048576 offset=0 -> /tmp/cap/bo_from_274_1048576.bin
BO_TO   275: size=1048576 offset=0
BO_FROM 275: size=1048576 offset=0 -> /tmp/cap/bo_from_275_1048576.bin
BO_TO   276: size=1048576 offset=0
BO_FROM 276: size=1048576 offset=0 -> /tmp/cap/bo_from_276_1048576.bin
BO_TO   277: size=1048576 offset=0
BO_TO   277: size=1048576 offset=0
BO_FROM 277: size=1048576 offset=0 -> /tmp/cap/bo_from_277_1048576.bin
BO_FROM 278: size=134217728 offset=0 -> /tmp/cap/bo_from_278_134217728.bin
BO_TO   279: size=134217728 offset=0
BO_FROM 279: size=1048576 offset=0 -> /tmp/cap/bo_from_279_1048576.bin
BO_FROM 280: size=1048576 offset=0 -> /tmp/cap/bo_from_280_1048576.bin
BO_TO   281: size=1048576 offset=0
BO_TO   281: size=6291456 offset=0
BO_FROM 281: size=2097152 offset=0 -> /tmp/cap/bo_from_281_2097152.bin
BO_TO   282: size=6291456 offset=0
BO_FROM 282: size=2097152 offset=0 -> /tmp/cap/bo_from_282_2097152.bin
BO_TO   283: size=2097152 offset=0
BO_FROM 283: size=6291456 offset=0 -> /tmp/cap/bo_from_283_6291456.bin
BO_FROM 284: size=1048576 offset=0 -> /tmp/cap/bo_from_284_1048576.bin
BO_TO   285: size=1048576 offset=0
BO_FROM 285: size=1048576 offset=0 -> /tmp/cap/bo_from_285_1048576.bin
BO_TO   286: size=1048576 offset=0
BO_FROM 286: size=1048576 offset=0 -> /tmp/cap/bo_from_286_1048576.bin
BO_TO   287: size=1048576 offset=0
BO_FROM 287: size=1048576 offset=0 -> /tmp/cap/bo_from_287_1048576.bin
BO_TO   288: size=1048576 offset=0
BO_TO   288: size=1048576 offset=0
BO_FROM 288: size=1048576 offset=0 -> /tmp/cap/bo_from_288_1048576.bin
BO_FROM 289: size=134217728 offset=0 -> /tmp/cap/bo_from_289_134217728.bin
BO_TO   290: size=134217728 offset=0
BO_FROM 290: size=1048576 offset=0 -> /tmp/cap/bo_from_290_1048576.bin
BO_FROM 291: size=1048576 offset=0 -> /tmp/cap/bo_from_291_1048576.bin
BO_TO   292: size=1048576 offset=0
BO_TO   292: size=6291456 offset=0
BO_FROM 292: size=2097152 offset=0 -> /tmp/cap/bo_from_292_2097152.bin
BO_TO   293: size=6291456 offset=0
BO_FROM 293: size=2097152 offset=0 -> /tmp/cap/bo_from_293_2097152.bin
BO_TO   294: size=2097152 offset=0
BO_FROM 294: size=6291456 offset=0 -> /tmp/cap/bo_from_294_6291456.bin
BO_FROM 295: size=1048576 offset=0 -> /tmp/cap/bo_from_295_1048576.bin
BO_TO   296: size=1048576 offset=0
BO_FROM 296: size=1048576 offset=0 -> /tmp/cap/bo_from_296_1048576.bin
BO_TO   297: size=1048576 offset=0
BO_FROM 297: size=1048576 offset=0 -> /tmp/cap/bo_from_297_1048576.bin
BO_TO   298: size=1048576 offset=0
BO_FROM 298: size=1048576 offset=0 -> /tmp/cap/bo_from_298_1048576.bin
BO_TO   299: size=1048576 offset=0
BO_TO   299: size=1048576 offset=0
BO_FROM 299: size=1048576 offset=0 -> /tmp/cap/bo_from_299_1048576.bin
BO_FROM 300: size=134217728 offset=0 -> /tmp/cap/bo_from_300_134217728.bin
BO_TO   301: size=134217728 offset=0
BO_FROM 301: size=1048576 offset=0 -> /tmp/cap/bo_from_301_1048576.bin
BO_FROM 302: size=1048576 offset=0 -> /tmp/cap/bo_from_302_1048576.bin
BO_TO   303: size=1048576 offset=0
BO_TO   303: size=6291456 offset=0
BO_FROM 303: size=2097152 offset=0 -> /tmp/cap/bo_from_303_2097152.bin
BO_TO   304: size=6291456 offset=0
BO_FROM 304: size=2097152 offset=0 -> /tmp/cap/bo_from_304_2097152.bin
BO_TO   305: size=2097152 offset=0
BO_FROM 305: size=6291456 offset=0 -> /tmp/cap/bo_from_305_6291456.bin
BO_FROM 306: size=1048576 offset=0 -> /tmp/cap/bo_from_306_1048576.bin
BO_TO   307: size=1048576 offset=0
BO_FROM 307: size=1048576 offset=0 -> /tmp/cap/bo_from_307_1048576.bin
BO_TO   308: size=1048576 offset=0
BO_FROM 308: size=1048576 offset=0 -> /tmp/cap/bo_from_308_1048576.bin
BO_TO   309: size=1048576 offset=0
BO_TO   309: size=1048576 offset=0
BO_TO   309: size=1048576 offset=0
BO_TO   309: size=1048576 offset=0
BO_TO   309: size=1048576 offset=0
BO_TO   309: size=1048576 offset=0
BO_TO   309: size=1048576 offset=0
BO_TO   309: size=1048576 offset=0
BO_TO   309: size=1048576 offset=0
BO_TO   309: size=1048576 offset=0
BO_TO   309: size=1048576 offset=0
BO_TO   309: size=1048576 offset=0
BO_TO   309: size=1048576 offset=0
BO_TO   309: size=1048576 offset=0
BO_TO   309: size=1048576 offset=0
BO_TO   309: size=1048576 offset=0
BO_TO   309: size=1048576 offset=0
BO_TO   309: size=1048576 offset=0
BO_TO   309: size=1048576 offset=0
BO_TO   309: size=1048576 offset=0
BO_TO   309: size=1048576 offset=0
BO_TO   309: size=1048576 offset=0
BO_TO   309: size=1048576 offset=0
BO_TO   309: size=1048576 offset=0
BO_TO   309: size=1048576 offset=0
BO_TO   309: size=1048576 offset=0
BO_TO   309: size=1048576 offset=0
BO_TO   309: size=1048576 offset=0
Response: [31m[FLM]  Creating checkpoint at context length 14[0m
<think>BO_TO   309: size=1048576 offset=0
BO_TO   309: size=1048576 offset=0
BO_TO   309: size=1048576 offset=0
BO_TO   309: size=1048576 offset=0
BO_TO   309: size=1048576 offset=0
BO_TO   309: size=1048576 offset=0
BO_TO   309: size=1048576 offset=0
BO_TO   309: size=1048576 offset=0
BO_TO   309: size=1048576 offset=0
BO_TO   309: size=1048576 offset=0
BO_TO   309: size=1048576 offset=0
BO_TO   309: size=1048576 offset=0
BO_TO   309: size=1048576 offset=0
BO_TO   309: size=1048576 offset=0
BO_TO   309: size=1048576 offset=0
BO_TO   309: size=1048576 offset=0
BO_TO   309: size=1048576 offset=0
BO_TO   309: size=1048576 offset=0
BO_TO   309: size=1048576 offset=0
BO_TO   309: size=1048576 offset=0
BO_TO   309: size=1048576 offset=0
BO_TO   309: size=1048576 offset=0
BO_TO   309: size=1048576 offset=0
BO_TO   309: size=1048576 offset=0
BO_TO   309: size=1048576 offset=0
BO_TO   309: size=1048576 offset=0
BO_TO   309: size=1048576 offset=0
BO_TO   309: size=1048576 offset=0
BO_TO   309: size=1048576 offset=0
BO_FROM 309: size=1048576 offset=0 -> /tmp/cap/bo_from_309_1048576.bin

BO_TO   310: size=1048576 offset=0
BO_TO   310: size=1048576 offset=0
BO_TO   310: size=1048576 offset=0
BO_TO   310: size=1048576 offset=0
BO_TO   310: size=1048576 offset=0
BO_TO   310: size=1048576 offset=0
BO_TO   310: size=1048576 offset=0
BO_TO   310: size=1048576 offset=0
BO_TO   310: size=1048576 offset=0
BO_TO   310: size=1048576 offset=0
BO_TO   310: size=1048576 offset=0
BO_TO   310: size=1048576 offset=0
BO_TO   310: size=1048576 offset=0
BO_TO   310: size=1048576 offset=0
BO_TO   310: size=1048576 offset=0
BO_TO   310: size=1048576 offset=0
BO_TO   310: size=1048576 offset=0
BO_TO   310: size=1048576 offset=0
BO_TO   310: size=1048576 offset=0
BO_TO   310: size=1048576 offset=0
BO_TO   310: size=1048576 offset=0
BO_TO   310: size=1048576 offset=0
BO_TO   310: size=1048576 offset=0
BO_TO   310: size=1048576 offset=0
BO_TO   310: size=1048576 offset=0
BO_TO   310: size=1048576 offset=0
BO_TO   310: size=1048576 offset=0
BO_TO   310: size=1048576 offset=0
BO_TO   310: size=1048576 offset=0
BO_FROM 310: size=1048576 offset=0 -> /tmp/cap/bo_from_310_1048576.bin
OkayBO_TO   311: size=1048576 offset=0
BO_TO   311: size=1048576 offset=0
BO_TO   311: size=1048576 offset=0
BO_TO   311: size=1048576 offset=0
BO_TO   311: size=1048576 offset=0
BO_TO   311: size=1048576 offset=0
BO_TO   311: size=1048576 offset=0
BO_TO   311: size=1048576 offset=0
BO_TO   311: size=1048576 offset=0
BO_TO   311: size=1048576 offset=0
BO_TO   311: size=1048576 offset=0
BO_TO   311: size=1048576 offset=0
BO_TO   311: size=1048576 offset=0
BO_TO   311: size=1048576 offset=0
BO_TO   311: size=1048576 offset=0
BO_TO   311: size=1048576 offset=0
BO_TO   311: size=1048576 offset=0
BO_TO   311: size=1048576 offset=0
BO_TO   311: size=1048576 offset=0
BO_TO   311: size=1048576 offset=0
BO_TO   311: size=1048576 offset=0
BO_TO   311: size=1048576 offset=0
BO_TO   311: size=1048576 offset=0
BO_TO   311: size=1048576 offset=0
BO_TO   311: size=1048576 offset=0
BO_TO   311: size=1048576 offset=0
BO_TO   311: size=1048576 offset=0
BO_TO   311: size=1048576 offset=0
BO_TO   311: size=1048576 offset=0
BO_FROM 311: size=1048576 offset=0 -> /tmp/cap/bo_from_311_1048576.bin
,BO_TO   312: size=1048576 offset=0
BO_TO   312: size=1048576 offset=0
BO_TO   312: size=1048576 offset=0
BO_TO   312: size=1048576 offset=0
BO_TO   312: size=1048576 offset=0
BO_TO   312: size=1048576 offset=0
BO_TO   312: size=1048576 offset=0
BO_TO   312: size=1048576 offset=0
BO_TO   312: size=1048576 offset=0
BO_TO   312: size=1048576 offset=0
BO_TO   312: size=1048576 offset=0
BO_TO   312: size=1048576 offset=0
BO_TO   312: size=1048576 offset=0
BO_TO   312: size=1048576 offset=0
BO_TO   312: size=1048576 offset=0
BO_TO   312: size=1048576 offset=0
BO_TO   312: size=1048576 offset=0
BO_TO   312: size=1048576 offset=0
BO_TO   312: size=1048576 offset=0
BO_TO   312: size=1048576 offset=0
BO_TO   312: size=1048576 offset=0
BO_TO   312: size=1048576 offset=0
BO_TO   312: size=1048576 offset=0
BO_TO   312: size=1048576 offset=0
BO_TO   312: size=1048576 offset=0
BO_TO   312: size=1048576 offset=0
BO_TO   312: size=1048576 offset=0
BO_TO   312: size=1048576 offset=0
BO_TO   312: size=1048576 offset=0
BO_FROM 312: size=1048576 offset=0 -> /tmp/cap/bo_from_312_1048576.bin
 theBO_TO   313: size=1048576 offset=0
BO_TO   313: size=1048576 offset=0
BO_TO   313: size=1048576 offset=0
BO_TO   313: size=1048576 offset=0
BO_TO   313: size=1048576 offset=0
BO_TO   313: size=1048576 offset=0
BO_TO   313: size=1048576 offset=0
BO_TO   313: size=1048576 offset=0
BO_TO   313: size=1048576 offset=0
BO_TO   313: size=1048576 offset=0
BO_TO   313: size=1048576 offset=0
BO_TO   313: size=1048576 offset=0
BO_TO   313: size=1048576 offset=0
BO_TO   313: size=1048576 offset=0
BO_TO   313: size=1048576 offset=0
BO_TO   313: size=1048576 offset=0
BO_TO   313: size=1048576 offset=0
BO_TO   313: size=1048576 offset=0
BO_TO   313: size=1048576 offset=0
BO_TO   313: size=1048576 offset=0
BO_TO   313: size=1048576 offset=0
BO_TO   313: size=1048576 offset=0
BO_TO   313: size=1048576 offset=0
BO_TO   313: size=1048576 offset=0
BO_TO   313: size=1048576 offset=0
BO_TO   313: size=1048576 offset=0
BO_TO   313: size=1048576 offset=0
BO_TO   313: size=1048576 offset=0
BO_TO   313: size=1048576 offset=0
BO_FROM 313: size=1048576 offset=0 -> /tmp/cap/bo_from_313_1048576.bin
 userBO_TO   314: size=1048576 offset=0
BO_TO   314: size=1048576 offset=0
BO_TO   314: size=1048576 offset=0
BO_TO   314: size=1048576 offset=0
BO_TO   314: size=1048576 offset=0
BO_TO   314: size=1048576 offset=0
BO_TO   314: size=1048576 offset=0
BO_TO   314: size=1048576 offset=0
BO_TO   314: size=1048576 offset=0
BO_TO   314: size=1048576 offset=0
BO_TO   314: size=1048576 offset=0
BO_TO   314: size=1048576 offset=0
BO_TO   314: size=1048576 offset=0
BO_TO   314: size=1048576 offset=0
BO_TO   314: size=1048576 offset=0
BO_TO   314: size=1048576 offset=0
BO_TO   314: size=1048576 offset=0
BO_TO   314: size=1048576 offset=0
BO_TO   314: size=1048576 offset=0
BO_TO   314: size=1048576 offset=0
BO_TO   314: size=1048576 offset=0
BO_TO   314: size=1048576 offset=0
BO_TO   314: size=1048576 offset=0
BO_TO   314: size=1048576 offset=0
BO_TO   314: size=1048576 offset=0
BO_TO   314: size=1048576 offset=0
BO_TO   314: size=1048576 offset=0
BO_TO   314: size=1048576 offset=0
BO_TO   314: size=1048576 offset=0
BO_FROM 314: size=1048576 offset=0 -> /tmp/cap/bo_from_314_1048576.bin
 justBO_TO   315: size=1048576 offset=0
BO_TO   315: size=1048576 offset=0
BO_TO   315: size=1048576 offset=0
BO_TO   315: size=1048576 offset=0
BO_TO   315: size=1048576 offset=0
BO_TO   315: size=1048576 offset=0
BO_TO   315: size=1048576 offset=0
BO_TO   315: size=1048576 offset=0
BO_TO   315: size=1048576 offset=0
BO_TO   315: size=1048576 offset=0
BO_TO   315: size=1048576 offset=0
BO_TO   315: size=1048576 offset=0
BO_TO   315: size=1048576 offset=0
BO_TO   315: size=1048576 offset=0
BO_TO   315: size=1048576 offset=0
BO_TO   315: size=1048576 offset=0
BO_TO   315: size=1048576 offset=0
BO_TO   315: size=1048576 offset=0
BO_TO   315: size=1048576 offset=0
BO_TO   315: size=1048576 offset=0
BO_TO   315: size=1048576 offset=0
BO_TO   315: size=1048576 offset=0
BO_TO   315: size=1048576 offset=0
BO_TO   315: size=1048576 offset=0
BO_TO   315: size=1048576 offset=0
BO_TO   315: size=1048576 offset=0
BO_TO   315: size=1048576 offset=0
BO_TO   315: size=1048576 offset=0
BO_TO   315: size=1048576 offset=0
BO_FROM 315: size=1048576 offset=0 -> /tmp/cap/bo_from_315_1048576.bin
 saidBO_TO   316: size=1048576 offset=0
BO_TO   316: size=1048576 offset=0
BO_TO   316: size=1048576 offset=0
BO_TO   316: size=1048576 offset=0
BO_TO   316: size=1048576 offset=0
BO_TO   316: size=1048576 offset=0
BO_TO   316: size=1048576 offset=0
BO_TO   316: size=1048576 offset=0
BO_TO   316: size=1048576 offset=0
BO_TO   316: size=1048576 offset=0
BO_TO   316: size=1048576 offset=0
BO_TO   316: size=1048576 offset=0
BO_TO   316: size=1048576 offset=0
BO_TO   316: size=1048576 offset=0
BO_TO   316: size=1048576 offset=0
BO_TO   316: size=1048576 offset=0
BO_TO   316: size=1048576 offset=0
BO_TO   316: size=1048576 offset=0
BO_TO   316: size=1048576 offset=0
BO_TO   316: size=1048576 offset=0
BO_TO   316: size=1048576 offset=0
BO_TO   316: size=1048576 offset=0
BO_TO   316: size=1048576 offset=0
BO_TO   316: size=1048576 offset=0
BO_TO   316: size=1048576 offset=0
BO_TO   316: size=1048576 offset=0
BO_TO   316: size=1048576 offset=0
BO_TO   316: size=1048576 offset=0
BO_TO   316: size=1048576 offset=0
BO_FROM 316: size=1048576 offset=0 -> /tmp/cap/bo_from_316_1048576.bin
 "BO_TO   317: size=1048576 offset=0
BO_TO   317: size=1048576 offset=0
BO_TO   317: size=1048576 offset=0
BO_TO   317: size=1048576 offset=0
BO_TO   317: size=1048576 offset=0
BO_TO   317: size=1048576 offset=0
BO_TO   317: size=1048576 offset=0
BO_TO   317: size=1048576 offset=0
BO_TO   317: size=1048576 offset=0
BO_TO   317: size=1048576 offset=0
BO_TO   317: size=1048576 offset=0
BO_TO   317: size=1048576 offset=0
BO_TO   317: size=1048576 offset=0
BO_TO   317: size=1048576 offset=0
BO_TO   317: size=1048576 offset=0
BO_TO   317: size=1048576 offset=0
BO_TO   317: size=1048576 offset=0
BO_TO   317: size=1048576 offset=0
BO_TO   317: size=1048576 offset=0
BO_TO   317: size=1048576 offset=0
BO_TO   317: size=1048576 offset=0
BO_TO   317: size=1048576 offset=0
BO_TO   317: size=1048576 offset=0
BO_TO   317: size=1048576 offset=0
BO_TO   317: size=1048576 offset=0
BO_TO   317: size=1048576 offset=0
BO_TO   317: size=1048576 offset=0
BO_TO   317: size=1048576 offset=0
BO_TO   317: size=1048576 offset=0
BO_FROM 317: size=1048576 offset=0 -> /tmp/cap/bo_from_317_1048576.bin
HelloBO_TO   318: size=1048576 offset=0
BO_TO   318: size=1048576 offset=0
BO_TO   318: size=1048576 offset=0
BO_TO   318: size=1048576 offset=0
BO_TO   318: size=1048576 offset=0
BO_TO   318: size=1048576 offset=0
BO_TO   318: size=1048576 offset=0
BO_TO   318: size=1048576 offset=0
BO_TO   318: size=1048576 offset=0
BO_TO   318: size=1048576 offset=0
BO_TO   318: size=1048576 offset=0
BO_TO   318: size=1048576 offset=0
BO_TO   318: size=1048576 offset=0
BO_TO   318: size=1048576 offset=0
BO_TO   318: size=1048576 offset=0
BO_TO   318: size=1048576 offset=0
BO_TO   318: size=1048576 offset=0
BO_TO   318: size=1048576 offset=0
BO_TO   318: size=1048576 offset=0
BO_TO   318: size=1048576 offset=0
BO_TO   318: size=1048576 offset=0
BO_TO   318: size=1048576 offset=0
BO_TO   318: size=1048576 offset=0
BO_TO   318: size=1048576 offset=0
BO_TO   318: size=1048576 offset=0
BO_TO   318: size=1048576 offset=0
BO_TO   318: size=1048576 offset=0
BO_TO   318: size=1048576 offset=0
BO_TO   318: size=1048576 offset=0
BO_FROM 318: size=1048576 offset=0 -> /tmp/cap/bo_from_318_1048576.bin
".BO_TO   319: size=1048576 offset=0
BO_TO   319: size=1048576 offset=0
BO_TO   319: size=1048576 offset=0
BO_TO   319: size=1048576 offset=0
BO_TO   319: size=1048576 offset=0
BO_TO   319: size=1048576 offset=0
BO_TO   319: size=1048576 offset=0
BO_TO   319: size=1048576 offset=0
BO_TO   319: size=1048576 offset=0
BO_TO   319: size=1048576 offset=0
BO_TO   319: size=1048576 offset=0
BO_TO   319: size=1048576 offset=0
BO_TO   319: size=1048576 offset=0
BO_TO   319: size=1048576 offset=0
BO_TO   319: size=1048576 offset=0
BO_TO   319: size=1048576 offset=0
BO_TO   319: size=1048576 offset=0
BO_TO   319: size=1048576 offset=0
BO_TO   319: size=1048576 offset=0
BO_TO   319: size=1048576 offset=0
BO_TO   319: size=1048576 offset=0
BO_TO   319: size=1048576 offset=0
BO_TO   319: size=1048576 offset=0
BO_TO   319: size=1048576 offset=0
BO_TO   319: size=1048576 offset=0
BO_TO   319: size=1048576 offset=0
BO_TO   319: size=1048576 offset=0
BO_TO   319: size=1048576 offset=0
BO_TO   319: size=1048576 offset=0
BO_FROM 319: size=1048576 offset=0 -> /tmp/cap/bo_from_319_1048576.bin
 IBO_TO   320: size=1048576 offset=0
BO_TO   320: size=1048576 offset=0
BO_TO   320: size=1048576 offset=0
BO_TO   320: size=1048576 offset=0
BO_TO   320: size=1048576 offset=0
BO_TO   320: size=1048576 offset=0
BO_TO   320: size=1048576 offset=0
BO_TO   320: size=1048576 offset=0
BO_TO   320: size=1048576 offset=0
BO_TO   320: size=1048576 offset=0
BO_TO   320: size=1048576 offset=0
BO_TO   320: size=1048576 offset=0
BO_TO   320: size=1048576 offset=0
BO_TO   320: size=1048576 offset=0
BO_TO   320: size=1048576 offset=0
BO_TO   320: size=1048576 offset=0
BO_TO   320: size=1048576 offset=0
BO_TO   320: size=1048576 offset=0
BO_TO   320: size=1048576 offset=0
BO_TO   320: size=1048576 offset=0
BO_TO   320: size=1048576 offset=0
BO_TO   320: size=1048576 offset=0
BO_TO   320: size=1048576 offset=0
BO_TO   320: size=1048576 offset=0
BO_TO   320: size=1048576 offset=0
BO_TO   320: size=1048576 offset=0
BO_TO   320: size=1048576 offset=0
BO_TO   320: size=1048576 offset=0
BO_TO   320: size=1048576 offset=0
BO_FROM 320: size=1048576 offset=0 -> /tmp/cap/bo_from_320_1048576.bin
 needBO_TO   321: size=1048576 offset=0
BO_TO   321: size=1048576 offset=0
BO_TO   321: size=1048576 offset=0
BO_TO   321: size=1048576 offset=0
BO_TO   321: size=1048576 offset=0
BO_TO   321: size=1048576 offset=0
BO_TO   321: size=1048576 offset=0
BO_TO   321: size=1048576 offset=0
BO_TO   321: size=1048576 offset=0
BO_TO   321: size=1048576 offset=0
BO_TO   321: size=1048576 offset=0
BO_TO   321: size=1048576 offset=0
BO_TO   321: size=1048576 offset=0
BO_TO   321: size=1048576 offset=0
BO_TO   321: size=1048576 offset=0
BO_TO   321: size=1048576 offset=0
BO_TO   321: size=1048576 offset=0
BO_TO   321: size=1048576 offset=0
BO_TO   321: size=1048576 offset=0
BO_TO   321: size=1048576 offset=0
BO_TO   321: size=1048576 offset=0
BO_TO   321: size=1048576 offset=0
BO_TO   321: size=1048576 offset=0
BO_TO   321: size=1048576 offset=0
BO_TO   321: size=1048576 offset=0
BO_TO   321: size=1048576 offset=0
BO_TO   321: size=1048576 offset=0
BO_TO   321: size=1048576 offset=0
BO_TO   321: size=1048576 offset=0
BO_FROM 321: size=1048576 offset=0 -> /tmp/cap/bo_from_321_1048576.bin
 toBO_TO   322: size=1048576 offset=0
BO_TO   322: size=1048576 offset=0
BO_TO   322: size=1048576 offset=0
BO_TO   322: size=1048576 offset=0
BO_TO   322: size=1048576 offset=0
BO_TO   322: size=1048576 offset=0
BO_TO   322: size=1048576 offset=0
BO_TO   322: size=1048576 offset=0
BO_TO   322: size=1048576 offset=0
BO_TO   322: size=1048576 offset=0
BO_TO   322: size=1048576 offset=0
BO_TO   322: size=1048576 offset=0
BO_TO   322: size=1048576 offset=0
BO_TO   322: size=1048576 offset=0
BO_TO   322: size=1048576 offset=0
BO_TO   322: size=1048576 offset=0
BO_TO   322: size=1048576 offset=0
BO_TO   322: size=1048576 offset=0
BO_TO   322: size=1048576 offset=0
BO_TO   322: size=1048576 offset=0
BO_TO   322: size=1048576 offset=0
BO_TO   322: size=1048576 offset=0
BO_TO   322: size=1048576 offset=0
BO_TO   322: size=1048576 offset=0
BO_TO   322: size=1048576 offset=0
BO_TO   322: size=1048576 offset=0
BO_TO   322: size=1048576 offset=0
BO_TO   322: size=1048576 offset=0
BO_TO   322: size=1048576 offset=0
BO_FROM 322: size=1048576 offset=0 -> /tmp/cap/bo_from_322_1048576.bin
 respondBO_TO   323: size=1048576 offset=0
BO_TO   323: size=1048576 offset=0
BO_TO   323: size=1048576 offset=0
BO_TO   323: size=1048576 offset=0
BO_TO   323: size=1048576 offset=0
BO_TO   323: size=1048576 offset=0
BO_TO   323: size=1048576 offset=0
BO_TO   323: size=1048576 offset=0
BO_TO   323: size=1048576 offset=0
BO_TO   323: size=1048576 offset=0
BO_TO   323: size=1048576 offset=0
BO_TO   323: size=1048576 offset=0
BO_TO   323: size=1048576 offset=0
BO_TO   323: size=1048576 offset=0
BO_TO   323: size=1048576 offset=0
BO_TO   323: size=1048576 offset=0
BO_TO   323: size=1048576 offset=0
BO_TO   323: size=1048576 offset=0
BO_TO   323: size=1048576 offset=0
BO_TO   323: size=1048576 offset=0
BO_TO   323: size=1048576 offset=0
BO_TO   323: size=1048576 offset=0
BO_TO   323: size=1048576 offset=0
BO_TO   323: size=1048576 offset=0
BO_TO   323: size=1048576 offset=0
BO_TO   323: size=1048576 offset=0
BO_TO   323: size=1048576 offset=0
BO_TO   323: size=1048576 offset=0
BO_TO   323: size=1048576 offset=0
BO_FROM 323: size=1048576 offset=0 -> /tmp/cap/bo_from_323_1048576.bin
 appropriatelyBO_TO   324: size=1048576 offset=0
BO_TO   324: size=1048576 offset=0
BO_TO   324: size=1048576 offset=0
BO_TO   324: size=1048576 offset=0
BO_TO   324: size=1048576 offset=0
BO_TO   324: size=1048576 offset=0
BO_TO   324: size=1048576 offset=0
BO_TO   324: size=1048576 offset=0
BO_TO   324: size=1048576 offset=0
BO_TO   324: size=1048576 offset=0
BO_TO   324: size=1048576 offset=0
BO_TO   324: size=1048576 offset=0
BO_TO   324: size=1048576 offset=0
BO_TO   324: size=1048576 offset=0
BO_TO   324: size=1048576 offset=0
BO_TO   324: size=1048576 offset=0
BO_TO   324: size=1048576 offset=0
BO_TO   324: size=1048576 offset=0
BO_TO   324: size=1048576 offset=0
BO_TO   324: size=1048576 offset=0
BO_TO   324: size=1048576 offset=0
BO_TO   324: size=1048576 offset=0
BO_TO   324: size=1048576 offset=0
BO_TO   324: size=1048576 offset=0
BO_TO   324: size=1048576 offset=0
BO_TO   324: size=1048576 offset=0
BO_TO   324: size=1048576 offset=0
BO_TO   324: size=1048576 offset=0
BO_TO   324: size=1048576 offset=0
BO_FROM 324: size=1048576 offset=0 -> /tmp/cap/bo_from_324_1048576.bin
.BO_TO   325: size=1048576 offset=0
BO_TO   325: size=1048576 offset=0
BO_TO   325: size=1048576 offset=0
BO_TO   325: size=1048576 offset=0
BO_TO   325: size=1048576 offset=0
BO_TO   325: size=1048576 offset=0
BO_TO   325: size=1048576 offset=0
BO_TO   325: size=1048576 offset=0
BO_TO   325: size=1048576 offset=0
BO_TO   325: size=1048576 offset=0
BO_TO   325: size=1048576 offset=0
BO_TO   325: size=1048576 offset=0
BO_TO   325: size=1048576 offset=0
BO_TO   325: size=1048576 offset=0
BO_TO   325: size=1048576 offset=0
BO_TO   325: size=1048576 offset=0
BO_TO   325: size=1048576 offset=0
BO_TO   325: size=1048576 offset=0
BO_TO   325: size=1048576 offset=0
BO_TO   325: size=1048576 offset=0
BO_TO   325: size=1048576 offset=0
BO_TO   325: size=1048576 offset=0
BO_TO   325: size=1048576 offset=0
BO_TO   325: size=1048576 offset=0
BO_TO   325: size=1048576 offset=0
BO_TO   325: size=1048576 offset=0
BO_TO   325: size=1048576 offset=0
BO_TO   325: size=1048576 offset=0
BO_TO   325: size=1048576 offset=0
BO_FROM 325: size=1048576 offset=0 -> /tmp/cap/bo_from_325_1048576.bin
 LetBO_TO   326: size=1048576 offset=0
BO_TO   326: size=1048576 offset=0
BO_TO   326: size=1048576 offset=0
BO_TO   326: size=1048576 offset=0
BO_TO   326: size=1048576 offset=0
BO_TO   326: size=1048576 offset=0
BO_TO   326: size=1048576 offset=0
BO_TO   326: size=1048576 offset=0
BO_TO   326: size=1048576 offset=0
BO_TO   326: size=1048576 offset=0
BO_TO   326: size=1048576 offset=0
BO_TO   326: size=1048576 offset=0
BO_TO   326: size=1048576 offset=0
BO_TO   326: size=1048576 offset=0
BO_TO   326: size=1048576 offset=0
BO_TO   326: size=1048576 offset=0
BO_TO   326: size=1048576 offset=0
BO_TO   326: size=1048576 offset=0
BO_TO   326: size=1048576 offset=0
BO_TO   326: size=1048576 offset=0
BO_TO   326: size=1048576 offset=0
BO_TO   326: size=1048576 offset=0
BO_TO   326: size=1048576 offset=0
BO_TO   326: size=1048576 offset=0
BO_TO   326: size=1048576 offset=0
BO_TO   326: size=1048576 offset=0
BO_TO   326: size=1048576 offset=0
BO_TO   326: size=1048576 offset=0
BO_TO   326: size=1048576 offset=0
BO_FROM 326: size=1048576 offset=0 -> /tmp/cap/bo_from_326_1048576.bin
 meBO_TO   327: size=1048576 offset=0
BO_TO   327: size=1048576 offset=0
BO_TO   327: size=1048576 offset=0
BO_TO   327: size=1048576 offset=0
BO_TO   327: size=1048576 offset=0
BO_TO   327: size=1048576 offset=0
BO_TO   327: size=1048576 offset=0
BO_TO   327: size=1048576 offset=0
BO_TO   327: size=1048576 offset=0
BO_TO   327: size=1048576 offset=0
BO_TO   327: size=1048576 offset=0
BO_TO   327: size=1048576 offset=0
BO_TO   327: size=1048576 offset=0
BO_TO   327: size=1048576 offset=0
BO_TO   327: size=1048576 offset=0
BO_TO   327: size=1048576 offset=0
BO_TO   327: size=1048576 offset=0
BO_TO   327: size=1048576 offset=0
BO_TO   327: size=1048576 offset=0
BO_TO   327: size=1048576 offset=0
BO_TO   327: size=1048576 offset=0
BO_TO   327: size=1048576 offset=0
BO_TO   327: size=1048576 offset=0
BO_TO   327: size=1048576 offset=0
BO_TO   327: size=1048576 offset=0
BO_TO   327: size=1048576 offset=0
BO_TO   327: size=1048576 offset=0
BO_TO   327: size=1048576 offset=0
BO_TO   327: size=1048576 offset=0
BO_FROM 327: size=1048576 offset=0 -> /tmp/cap/bo_from_327_1048576.bin
 thinkBO_TO   328: size=1048576 offset=0
BO_TO   328: size=1048576 offset=0
BO_TO   328: size=1048576 offset=0
BO_TO   328: size=1048576 offset=0
BO_TO   328: size=1048576 offset=0
BO_TO   328: size=1048576 offset=0
BO_TO   328: size=1048576 offset=0
BO_TO   328: size=1048576 offset=0
BO_TO   328: size=1048576 offset=0
BO_TO   328: size=1048576 offset=0
BO_TO   328: size=1048576 offset=0
BO_TO   328: size=1048576 offset=0
BO_TO   328: size=1048576 offset=0
BO_TO   328: size=1048576 offset=0
BO_TO   328: size=1048576 offset=0
BO_TO   328: size=1048576 offset=0
BO_TO   328: size=1048576 offset=0
BO_TO   328: size=1048576 offset=0
BO_TO   328: size=1048576 offset=0
BO_TO   328: size=1048576 offset=0
BO_TO   328: size=1048576 offset=0
BO_TO   328: size=1048576 offset=0
BO_TO   328: size=1048576 offset=0
BO_TO   328: size=1048576 offset=0
BO_TO   328: size=1048576 offset=0
BO_TO   328: size=1048576 offset=0
BO_TO   328: size=1048576 offset=0
BO_TO   328: size=1048576 offset=0
BO_TO   328: size=1048576 offset=0
BO_FROM 328: size=1048576 offset=0 -> /tmp/cap/bo_from_328_1048576.bin
 aboutBO_TO   329: size=1048576 offset=0
BO_TO   329: size=1048576 offset=0
BO_TO   329: size=1048576 offset=0
BO_TO   329: size=1048576 offset=0
BO_TO   329: size=1048576 offset=0
BO_TO   329: size=1048576 offset=0
BO_TO   329: size=1048576 offset=0
BO_TO   329: size=1048576 offset=0
BO_TO   329: size=1048576 offset=0
BO_TO   329: size=1048576 offset=0
BO_TO   329: size=1048576 offset=0
BO_TO   329: size=1048576 offset=0
BO_TO   329: size=1048576 offset=0
BO_TO   329: size=1048576 offset=0
BO_TO   329: size=1048576 offset=0
BO_TO   329: size=1048576 offset=0
BO_TO   329: size=1048576 offset=0
BO_TO   329: size=1048576 offset=0
BO_TO   329: size=1048576 offset=0
BO_TO   329: size=1048576 offset=0
BO_TO   329: size=1048576 offset=0
BO_TO   329: size=1048576 offset=0
BO_TO   329: size=1048576 offset=0
BO_TO   329: size=1048576 offset=0
BO_TO   329: size=1048576 offset=0
BO_TO   329: size=1048576 offset=0
BO_TO   329: size=1048576 offset=0
BO_TO   329: size=1048576 offset=0
BO_TO   329: size=1048576 offset=0
BO_FROM 329: size=1048576 offset=0 -> /tmp/cap/bo_from_329_1048576.bin
 howBO_TO   330: size=1048576 offset=0
BO_TO   330: size=1048576 offset=0
BO_TO   330: size=1048576 offset=0
BO_TO   330: size=1048576 offset=0
BO_TO   330: size=1048576 offset=0
BO_TO   330: size=1048576 offset=0
BO_TO   330: size=1048576 offset=0
BO_TO   330: size=1048576 offset=0
BO_TO   330: size=1048576 offset=0
BO_TO   330: size=1048576 offset=0
BO_TO   330: size=1048576 offset=0
BO_TO   330: size=1048576 offset=0
BO_TO   330: size=1048576 offset=0
BO_TO   330: size=1048576 offset=0
BO_TO   330: size=1048576 offset=0
BO_TO   330: size=1048576 offset=0
BO_TO   330: size=1048576 offset=0
BO_TO   330: size=1048576 offset=0
BO_TO   330: size=1048576 offset=0
BO_TO   330: size=1048576 offset=0
BO_TO   330: size=1048576 offset=0
BO_TO   330: size=1048576 offset=0
BO_TO   330: size=1048576 offset=0
BO_TO   330: size=1048576 offset=0
BO_TO   330: size=1048576 offset=0
BO_TO   330: size=1048576 offset=0
BO_TO   330: size=1048576 offset=0
BO_TO   330: size=1048576 offset=0
BO_TO   330: size=1048576 offset=0
BO_FROM 330: size=1048576 offset=0 -> /tmp/cap/bo_from_330_1048576.bin
 toBO_TO   331: size=1048576 offset=0
BO_TO   331: size=1048576 offset=0
BO_TO   331: size=1048576 offset=0
BO_TO   331: size=1048576 offset=0
BO_TO   331: size=1048576 offset=0
BO_TO   331: size=1048576 offset=0
BO_TO   331: size=1048576 offset=0
BO_TO   331: size=1048576 offset=0
BO_TO   331: size=1048576 offset=0
BO_TO   331: size=1048576 offset=0
BO_TO   331: size=1048576 offset=0
BO_TO   331: size=1048576 offset=0
BO_TO   331: size=1048576 offset=0
BO_TO   331: size=1048576 offset=0
BO_TO   331: size=1048576 offset=0
BO_TO   331: size=1048576 offset=0
BO_TO   331: size=1048576 offset=0
BO_TO   331: size=1048576 offset=0
BO_TO   331: size=1048576 offset=0
BO_TO   331: size=1048576 offset=0
BO_TO   331: size=1048576 offset=0
BO_TO   331: size=1048576 offset=0
BO_TO   331: size=1048576 offset=0
BO_TO   331: size=1048576 offset=0
BO_TO   331: size=1048576 offset=0
BO_TO   331: size=1048576 offset=0
BO_TO   331: size=1048576 offset=0
BO_TO   331: size=1048576 offset=0
BO_TO   331: size=1048576 offset=0
BO_FROM 331: size=1048576 offset=0 -> /tmp/cap/bo_from_331_1048576.bin
 greetBO_TO   332: size=1048576 offset=0
BO_TO   332: size=1048576 offset=0
BO_TO   332: size=1048576 offset=0
BO_TO   332: size=1048576 offset=0
BO_TO   332: size=1048576 offset=0
BO_TO   332: size=1048576 offset=0
BO_TO   332: size=1048576 offset=0
BO_TO   332: size=1048576 offset=0
BO_TO   332: size=1048576 offset=0
BO_TO   332: size=1048576 offset=0
BO_TO   332: size=1048576 offset=0
BO_TO   332: size=1048576 offset=0
BO_TO   332: size=1048576 offset=0
BO_TO   332: size=1048576 offset=0
BO_TO   332: size=1048576 offset=0
BO_TO   332: size=1048576 offset=0
BO_TO   332: size=1048576 offset=0
BO_TO   332: size=1048576 offset=0
BO_TO   332: size=1048576 offset=0
BO_TO   332: size=1048576 offset=0
BO_TO   332: size=1048576 offset=0
BO_TO   332: size=1048576 offset=0
BO_TO   332: size=1048576 offset=0
BO_TO   332: size=1048576 offset=0
BO_TO   332: size=1048576 offset=0
BO_TO   332: size=1048576 offset=0
BO_TO   332: size=1048576 offset=0
BO_TO   332: size=1048576 offset=0
BO_TO   332: size=1048576 offset=0
BO_FROM 332: size=1048576 offset=0 -> /tmp/cap/bo_from_332_1048576.bin
 themBO_TO   333: size=1048576 offset=0
BO_TO   333: size=1048576 offset=0
BO_TO   333: size=1048576 offset=0
BO_TO   333: size=1048576 offset=0
BO_TO   333: size=1048576 offset=0
BO_TO   333: size=1048576 offset=0
BO_TO   333: size=1048576 offset=0
BO_TO   333: size=1048576 offset=0
BO_TO   333: size=1048576 offset=0
BO_TO   333: size=1048576 offset=0
BO_TO   333: size=1048576 offset=0
BO_TO   333: size=1048576 offset=0
BO_TO   333: size=1048576 offset=0
BO_TO   333: size=1048576 offset=0
BO_TO   333: size=1048576 offset=0
BO_TO   333: size=1048576 offset=0
BO_TO   333: size=1048576 offset=0
BO_TO   333: size=1048576 offset=0
BO_TO   333: size=1048576 offset=0
BO_TO   333: size=1048576 offset=0
BO_TO   333: size=1048576 offset=0
BO_TO   333: size=1048576 offset=0
BO_TO   333: size=1048576 offset=0
BO_TO   333: size=1048576 offset=0
BO_TO   333: size=1048576 offset=0
BO_TO   333: size=1048576 offset=0
BO_TO   333: size=1048576 offset=0
BO_TO   333: size=1048576 offset=0
BO_TO   333: size=1048576 offset=0
BO_FROM 333: size=1048576 offset=0 -> /tmp/cap/bo_from_333_1048576.bin
.

BO_TO   334: size=1048576 offset=0
BO_TO   334: size=1048576 offset=0
BO_TO   334: size=1048576 offset=0
BO_TO   334: size=1048576 offset=0
BO_TO   334: size=1048576 offset=0
BO_TO   334: size=1048576 offset=0
BO_TO   334: size=1048576 offset=0
BO_TO   334: size=1048576 offset=0
BO_TO   334: size=1048576 offset=0
BO_TO   334: size=1048576 offset=0
BO_TO   334: size=1048576 offset=0
BO_TO   334: size=1048576 offset=0
BO_TO   334: size=1048576 offset=0
BO_TO   334: size=1048576 offset=0
BO_TO   334: size=1048576 offset=0
BO_TO   334: size=1048576 offset=0
BO_TO   334: size=1048576 offset=0
BO_TO   334: size=1048576 offset=0
BO_TO   334: size=1048576 offset=0
BO_TO   334: size=1048576 offset=0
BO_TO   334: size=1048576 offset=0
BO_TO   334: size=1048576 offset=0
BO_TO   334: size=1048576 offset=0
BO_TO   334: size=1048576 offset=0
BO_TO   334: size=1048576 offset=0
BO_TO   334: size=1048576 offset=0
BO_TO   334: size=1048576 offset=0
BO_TO   334: size=1048576 offset=0
BO_TO   334: size=1048576 offset=0
BO_FROM 334: size=1048576 offset=0 -> /tmp/cap/bo_from_334_1048576.bin
FirstBO_TO   335: size=1048576 offset=0
BO_TO   335: size=1048576 offset=0
BO_TO   335: size=1048576 offset=0
BO_TO   335: size=1048576 offset=0
BO_TO   335: size=1048576 offset=0
BO_TO   335: size=1048576 offset=0
BO_TO   335: size=1048576 offset=0
BO_TO   335: size=1048576 offset=0
BO_TO   335: size=1048576 offset=0
BO_TO   335: size=1048576 offset=0
BO_TO   335: size=1048576 offset=0
BO_TO   335: size=1048576 offset=0
BO_TO   335: size=1048576 offset=0
BO_TO   335: size=1048576 offset=0
BO_TO   335: size=1048576 offset=0
BO_TO   335: size=1048576 offset=0
BO_TO   335: size=1048576 offset=0
BO_TO   335: size=1048576 offset=0
BO_TO   335: size=1048576 offset=0
BO_TO   335: size=1048576 offset=0
BO_TO   335: size=1048576 offset=0
BO_TO   335: size=1048576 offset=0
BO_TO   335: size=1048576 offset=0
BO_TO   335: size=1048576 offset=0
BO_TO   335: size=1048576 offset=0
BO_TO   335: size=1048576 offset=0
BO_TO   335: size=1048576 offset=0
BO_TO   335: size=1048576 offset=0
BO_TO   335: size=1048576 offset=0
BO_FROM 335: size=1048576 offset=0 -> /tmp/cap/bo_from_335_1048576.bin
,BO_TO   336: size=1048576 offset=0
BO_TO   336: size=1048576 offset=0
BO_TO   336: size=1048576 offset=0
BO_TO   336: size=1048576 offset=0
BO_TO   336: size=1048576 offset=0
BO_TO   336: size=1048576 offset=0
BO_TO   336: size=1048576 offset=0
BO_TO   336: size=1048576 offset=0
BO_TO   336: size=1048576 offset=0
BO_TO   336: size=1048576 offset=0
BO_TO   336: size=1048576 offset=0
BO_TO   336: size=1048576 offset=0
BO_TO   336: size=1048576 offset=0
BO_TO   336: size=1048576 offset=0
BO_TO   336: size=1048576 offset=0
BO_TO   336: size=1048576 offset=0
BO_TO   336: size=1048576 offset=0
BO_TO   336: size=1048576 offset=0
BO_TO   336: size=1048576 offset=0
BO_TO   336: size=1048576 offset=0
BO_TO   336: size=1048576 offset=0
BO_TO   336: size=1048576 offset=0
BO_TO   336: size=1048576 offset=0
BO_TO   336: size=1048576 offset=0
BO_TO   336: size=1048576 offset=0
BO_TO   336: size=1048576 offset=0
BO_TO   336: size=1048576 offset=0
BO_TO   336: size=1048576 offset=0
BO_TO   336: size=1048576 offset=0
BO_FROM 336: size=1048576 offset=0 -> /tmp/cap/bo_from_336_1048576.bin
 aBO_TO   337: size=1048576 offset=0
BO_TO   337: size=1048576 offset=0
BO_TO   337: size=1048576 offset=0
BO_TO   337: size=1048576 offset=0
BO_TO   337: size=1048576 offset=0
BO_TO   337: size=1048576 offset=0
BO_TO   337: size=1048576 offset=0
BO_TO   337: size=1048576 offset=0
BO_TO   337: size=1048576 offset=0
BO_TO   337: size=1048576 offset=0
BO_TO   337: size=1048576 offset=0
BO_TO   337: size=1048576 offset=0
BO_TO   337: size=1048576 offset=0
BO_TO   337: size=1048576 offset=0
BO_TO   337: size=1048576 offset=0
BO_TO   337: size=1048576 offset=0
BO_TO   337: size=1048576 offset=0
BO_TO   337: size=1048576 offset=0
BO_TO   337: size=1048576 offset=0
BO_TO   337: size=1048576 offset=0
BO_TO   337: size=1048576 offset=0
BO_TO   337: size=1048576 offset=0
BO_TO   337: size=1048576 offset=0
BO_TO   337: size=1048576 offset=0
BO_TO   337: size=1048576 offset=0
BO_TO   337: size=1048576 offset=0
BO_TO   337: size=1048576 offset=0
BO_TO   337: size=1048576 offset=0
BO_TO   337: size=1048576 offset=0
BO_FROM 337: size=1048576 offset=0 -> /tmp/cap/bo_from_337_1048576.bin
 simpleBO_TO   338: size=1048576 offset=0
BO_TO   338: size=1048576 offset=0
BO_TO   338: size=1048576 offset=0
BO_TO   338: size=1048576 offset=0
BO_TO   338: size=1048576 offset=0
BO_TO   338: size=1048576 offset=0
BO_TO   338: size=1048576 offset=0
BO_TO   338: size=1048576 offset=0
BO_TO   338: size=1048576 offset=0
BO_TO   338: size=1048576 offset=0
BO_TO   338: size=1048576 offset=0
BO_TO   338: size=1048576 offset=0
BO_TO   338: size=1048576 offset=0
BO_TO   338: size=1048576 offset=0
BO_TO   338: size=1048576 offset=0
BO_TO   338: size=1048576 offset=0
BO_TO   338: size=1048576 offset=0
BO_TO   338: size=1048576 offset=0
BO_TO   338: size=1048576 offset=0
BO_TO   338: size=1048576 offset=0
BO_TO   338: size=1048576 offset=0
BO_TO   338: size=1048576 offset=0
BO_TO   338: size=1048576 offset=0
BO_TO   338: size=1048576 offset=0
BO_TO   338: size=1048576 offset=0
BO_TO   338: size=1048576 offset=0
BO_TO   338: size=1048576 offset=0
BO_TO   338: size=1048576 offset=0
BO_TO   338: size=1048576 offset=0
BO_FROM 338: size=1048576 offset=0 -> /tmp/cap/bo_from_338_1048576.bin
 andBO_TO   339: size=1048576 offset=0
BO_TO   339: size=1048576 offset=0
BO_TO   339: size=1048576 offset=0
BO_TO   339: size=1048576 offset=0
BO_TO   339: size=1048576 offset=0
BO_TO   339: size=1048576 offset=0
BO_TO   339: size=1048576 offset=0
BO_TO   339: size=1048576 offset=0
BO_TO   339: size=1048576 offset=0
BO_TO   339: size=1048576 offset=0
BO_TO   339: size=1048576 offset=0
BO_TO   339: size=1048576 offset=0
BO_TO   339: size=1048576 offset=0
BO_TO   339: size=1048576 offset=0
BO_TO   339: size=1048576 offset=0
BO_TO   339: size=1048576 offset=0
BO_TO   339: size=1048576 offset=0
BO_TO   339: size=1048576 offset=0
BO_TO   339: size=1048576 offset=0
BO_TO   339: size=1048576 offset=0
BO_TO   339: size=1048576 offset=0
BO_TO   339: size=1048576 offset=0
BO_TO   339: size=1048576 offset=0
BO_TO   339: size=1048576 offset=0
BO_TO   339: size=1048576 offset=0
BO_TO   339: size=1048576 offset=0
BO_TO   339: size=1048576 offset=0
BO_TO   339: size=1048576 offset=0
BO_TO   339: size=1048576 offset=0
BO_FROM 339: size=1048576 offset=0 -> /tmp/cap/bo_from_339_1048576.bin
 friendlyBO_TO   340: size=1048576 offset=0
BO_TO   340: size=1048576 offset=0
BO_TO   340: size=1048576 offset=0
BO_TO   340: size=1048576 offset=0
BO_TO   340: size=1048576 offset=0
BO_TO   340: size=1048576 offset=0
BO_TO   340: size=1048576 offset=0
BO_TO   340: size=1048576 offset=0
BO_TO   340: size=1048576 offset=0
BO_TO   340: size=1048576 offset=0
BO_TO   340: size=1048576 offset=0
BO_TO   340: size=1048576 offset=0
BO_TO   340: size=1048576 offset=0
BO_TO   340: size=1048576 offset=0
BO_TO   340: size=1048576 offset=0
BO_TO   340: size=1048576 offset=0
BO_TO   340: size=1048576 offset=0
BO_TO   340: size=1048576 offset=0
BO_TO   340: size=1048576 offset=0
BO_TO   340: size=1048576 offset=0
BO_TO   340: size=1048576 offset=0
BO_TO   340: size=1048576 offset=0
BO_TO   340: size=1048576 offset=0
BO_TO   340: size=1048576 offset=0
BO_TO   340: size=1048576 offset=0
BO_TO   340: size=1048576 offset=0
BO_TO   340: size=1048576 offset=0
BO_TO   340: size=1048576 offset=0
BO_TO   340: size=1048576 offset=0
BO_FROM 340: size=1048576 offset=0 -> /tmp/cap/bo_from_340_1048576.bin
 greetingBO_TO   341: size=1048576 offset=0
BO_TO   341: size=1048576 offset=0
BO_TO   341: size=1048576 offset=0
BO_TO   341: size=1048576 offset=0
BO_TO   341: size=1048576 offset=0
BO_TO   341: size=1048576 offset=0
BO_TO   341: size=1048576 offset=0
BO_TO   341: size=1048576 offset=0
BO_TO   341: size=1048576 offset=0
BO_TO   341: size=1048576 offset=0
BO_TO   341: size=1048576 offset=0
BO_TO   341: size=1048576 offset=0
BO_TO   341: size=1048576 offset=0
BO_TO   341: size=1048576 offset=0
BO_TO   341: size=1048576 offset=0
BO_TO   341: size=1048576 offset=0
BO_TO   341: size=1048576 offset=0
BO_TO   341: size=1048576 offset=0
BO_TO   341: size=1048576 offset=0
BO_TO   341: size=1048576 offset=0
BO_TO   341: size=1048576 offset=0
BO_TO   341: size=1048576 offset=0
BO_TO   341: size=1048576 offset=0
BO_TO   341: size=1048576 offset=0
BO_TO   341: size=1048576 offset=0
BO_TO   341: size=1048576 offset=0
BO_TO   341: size=1048576 offset=0
BO_TO   341: size=1048576 offset=0
BO_TO   341: size=1048576 offset=0
BO_FROM 341: size=1048576 offset=0 -> /tmp/cap/bo_from_341_1048576.bin
 isBO_TO   342: size=1048576 offset=0
BO_TO   342: size=1048576 offset=0
BO_TO   342: size=1048576 offset=0
BO_TO   342: size=1048576 offset=0
BO_TO   342: size=1048576 offset=0
BO_TO   342: size=1048576 offset=0
BO_TO   342: size=1048576 offset=0
BO_TO   342: size=1048576 offset=0
BO_TO   342: size=1048576 offset=0
BO_TO   342: size=1048576 offset=0
BO_TO   342: size=1048576 offset=0
BO_TO   342: size=1048576 offset=0
BO_TO   342: size=1048576 offset=0
BO_TO   342: size=1048576 offset=0
BO_TO   342: size=1048576 offset=0
BO_TO   342: size=1048576 offset=0
BO_TO   342: size=1048576 offset=0
BO_TO   342: size=1048576 offset=0
BO_TO   342: size=1048576 offset=0
BO_TO   342: size=1048576 offset=0
BO_TO   342: size=1048576 offset=0
BO_TO   342: size=1048576 offset=0
BO_TO   342: size=1048576 offset=0
BO_TO   342: size=1048576 offset=0
BO_TO   342: size=1048576 offset=0
BO_TO   342: size=1048576 offset=0
BO_TO   342: size=1048576 offset=0
BO_TO   342: size=1048576 offset=0
BO_TO   342: size=1048576 offset=0
BO_FROM 342: size=1048576 offset=0 -> /tmp/cap/bo_from_342_1048576.bin
 greatBO_TO   343: size=1048576 offset=0
BO_TO   343: size=1048576 offset=0
BO_TO   343: size=1048576 offset=0
BO_TO   343: size=1048576 offset=0
BO_TO   343: size=1048576 offset=0
BO_TO   343: size=1048576 offset=0
BO_TO   343: size=1048576 offset=0
BO_TO   343: size=1048576 offset=0
BO_TO   343: size=1048576 offset=0
BO_TO   343: size=1048576 offset=0
BO_TO   343: size=1048576 offset=0
BO_TO   343: size=1048576 offset=0
BO_TO   343: size=1048576 offset=0
BO_TO   343: size=1048576 offset=0
BO_TO   343: size=1048576 offset=0
BO_TO   343: size=1048576 offset=0
BO_TO   343: size=1048576 offset=0
BO_TO   343: size=1048576 offset=0
BO_TO   343: size=1048576 offset=0
BO_TO   343: size=1048576 offset=0
BO_TO   343: size=1048576 offset=0
BO_TO   343: size=1048576 offset=0
BO_TO   343: size=1048576 offset=0
BO_TO   343: size=1048576 offset=0
BO_TO   343: size=1048576 offset=0
BO_TO   343: size=1048576 offset=0
BO_TO   343: size=1048576 offset=0
BO_TO   343: size=1048576 offset=0
BO_TO   343: size=1048576 offset=0
BO_FROM 343: size=1048576 offset=0 -> /tmp/cap/bo_from_343_1048576.bin
.BO_TO   344: size=1048576 offset=0
BO_TO   344: size=1048576 offset=0
BO_TO   344: size=1048576 offset=0
BO_TO   344: size=1048576 offset=0
BO_TO   344: size=1048576 offset=0
BO_TO   344: size=1048576 offset=0
BO_TO   344: size=1048576 offset=0
BO_TO   344: size=1048576 offset=0
BO_TO   344: size=1048576 offset=0
BO_TO   344: size=1048576 offset=0
BO_TO   344: size=1048576 offset=0
BO_TO   344: size=1048576 offset=0
BO_TO   344: size=1048576 offset=0
BO_TO   344: size=1048576 offset=0
BO_TO   344: size=1048576 offset=0
BO_TO   344: size=1048576 offset=0
BO_TO   344: size=1048576 offset=0
BO_TO   344: size=1048576 offset=0
BO_TO   344: size=1048576 offset=0
BO_TO   344: size=1048576 offset=0
BO_TO   344: size=1048576 offset=0
BO_TO   344: size=1048576 offset=0
BO_TO   344: size=1048576 offset=0
BO_TO   344: size=1048576 offset=0
BO_TO   344: size=1048576 offset=0
BO_TO   344: size=1048576 offset=0
BO_TO   344: size=1048576 offset=0
BO_TO   344: size=1048576 offset=0
BO_TO   344: size=1048576 offset=0
BO_FROM 344: size=1048576 offset=0 -> /tmp/cap/bo_from_344_1048576.bin
 MaybeBO_TO   345: size=1048576 offset=0
BO_TO   345: size=1048576 offset=0
BO_TO   345: size=1048576 offset=0
BO_TO   345: size=1048576 offset=0
BO_TO   345: size=1048576 offset=0
BO_TO   345: size=1048576 offset=0
BO_TO   345: size=1048576 offset=0
BO_TO   345: size=1048576 offset=0
BO_TO   345: size=1048576 offset=0
BO_TO   345: size=1048576 offset=0
BO_TO   345: size=1048576 offset=0
BO_TO   345: size=1048576 offset=0
BO_TO   345: size=1048576 offset=0
BO_TO   345: size=1048576 offset=0
BO_TO   345: size=1048576 offset=0
BO_TO   345: size=1048576 offset=0
BO_TO   345: size=1048576 offset=0
BO_TO   345: size=1048576 offset=0
BO_TO   345: size=1048576 offset=0
BO_TO   345: size=1048576 offset=0
BO_TO   345: size=1048576 offset=0
BO_TO   345: size=1048576 offset=0
BO_TO   345: size=1048576 offset=0
BO_TO   345: size=1048576 offset=0
BO_TO   345: size=1048576 offset=0
BO_TO   345: size=1048576 offset=0
BO_TO   345: size=1048576 offset=0
BO_TO   345: size=1048576 offset=0
BO_TO   345: size=1048576 offset=0
BO_FROM 345: size=1048576 offset=0 -> /tmp/cap/bo_from_345_1048576.bin
 startBO_TO   346: size=1048576 offset=0
BO_TO   346: size=1048576 offset=0
BO_TO   346: size=1048576 offset=0
BO_TO   346: size=1048576 offset=0
BO_TO   346: size=1048576 offset=0
BO_TO   346: size=1048576 offset=0
BO_TO   346: size=1048576 offset=0
BO_TO   346: size=1048576 offset=0
BO_TO   346: size=1048576 offset=0
BO_TO   346: size=1048576 offset=0
BO_TO   346: size=1048576 offset=0
BO_TO   346: size=1048576 offset=0
BO_TO   346: size=1048576 offset=0
BO_TO   346: size=1048576 offset=0
BO_TO   346: size=1048576 offset=0
BO_TO   346: size=1048576 offset=0
BO_TO   346: size=1048576 offset=0
BO_TO   346: size=1048576 offset=0
BO_TO   346: size=1048576 offset=0
BO_TO   346: size=1048576 offset=0
BO_TO   346: size=1048576 offset=0
BO_TO   346: size=1048576 offset=0
BO_TO   346: size=1048576 offset=0
BO_TO   346: size=1048576 offset=0
BO_TO   346: size=1048576 offset=0
BO_TO   346: size=1048576 offset=0
BO_TO   346: size=1048576 offset=0
BO_TO   346: size=1048576 offset=0
BO_TO   346: size=1048576 offset=0
BO_FROM 346: size=1048576 offset=0 -> /tmp/cap/bo_from_346_1048576.bin
 withBO_TO   347: size=1048576 offset=0
BO_TO   347: size=1048576 offset=0
BO_TO   347: size=1048576 offset=0
BO_TO   347: size=1048576 offset=0
BO_TO   347: size=1048576 offset=0
BO_TO   347: size=1048576 offset=0
BO_TO   347: size=1048576 offset=0
BO_TO   347: size=1048576 offset=0
BO_TO   347: size=1048576 offset=0
BO_TO   347: size=1048576 offset=0
BO_TO   347: size=1048576 offset=0
BO_TO   347: size=1048576 offset=0
BO_TO   347: size=1048576 offset=0
BO_TO   347: size=1048576 offset=0
BO_TO   347: size=1048576 offset=0
BO_TO   347: size=1048576 offset=0
BO_TO   347: size=1048576 offset=0
BO_TO   347: size=1048576 offset=0
BO_TO   347: size=1048576 offset=0
BO_TO   347: size=1048576 offset=0
BO_TO   347: size=1048576 offset=0
BO_TO   347: size=1048576 offset=0
BO_TO   347: size=1048576 offset=0
BO_TO   347: size=1048576 offset=0
BO_TO   347: size=1048576 offset=0
BO_TO   347: size=1048576 offset=0
BO_TO   347: size=1048576 offset=0
BO_TO   347: size=1048576 offset=0
BO_TO   347: size=1048576 offset=0
BO_FROM 347: size=1048576 offset=0 -> /tmp/cap/bo_from_347_1048576.bin
 "BO_TO   348: size=1048576 offset=0
BO_TO   348: size=1048576 offset=0
BO_TO   348: size=1048576 offset=0
BO_TO   348: size=1048576 offset=0
BO_TO   348: size=1048576 offset=0
BO_TO   348: size=1048576 offset=0
BO_TO   348: size=1048576 offset=0
BO_TO   348: size=1048576 offset=0
BO_TO   348: size=1048576 offset=0
BO_TO   348: size=1048576 offset=0
BO_TO   348: size=1048576 offset=0
BO_TO   348: size=1048576 offset=0
BO_TO   348: size=1048576 offset=0
BO_TO   348: size=1048576 offset=0
BO_TO   348: size=1048576 offset=0
BO_TO   348: size=1048576 offset=0
BO_TO   348: size=1048576 offset=0
BO_TO   348: size=1048576 offset=0
BO_TO   348: size=1048576 offset=0
BO_TO   348: size=1048576 offset=0
BO_TO   348: size=1048576 offset=0
BO_TO   348: size=1048576 offset=0
BO_TO   348: size=1048576 offset=0
BO_TO   348: size=1048576 offset=0
BO_TO   348: size=1048576 offset=0
BO_TO   348: size=1048576 offset=0
BO_TO   348: size=1048576 offset=0
BO_TO   348: size=1048576 offset=0
BO_TO   348: size=1048576 offset=0
BO_FROM 348: size=1048576 offset=0 -> /tmp/cap/bo_from_348_1048576.bin
HelloBO_TO   349: size=1048576 offset=0
BO_TO   349: size=1048576 offset=0
BO_TO   349: size=1048576 offset=0
BO_TO   349: size=1048576 offset=0
BO_TO   349: size=1048576 offset=0
BO_TO   349: size=1048576 offset=0
BO_TO   349: size=1048576 offset=0
BO_TO   349: size=1048576 offset=0
BO_TO   349: size=1048576 offset=0
BO_TO   349: size=1048576 offset=0
BO_TO   349: size=1048576 offset=0
BO_TO   349: size=1048576 offset=0
BO_TO   349: size=1048576 offset=0
BO_TO   349: size=1048576 offset=0
BO_TO   349: size=1048576 offset=0
BO_TO   349: size=1048576 offset=0
BO_TO   349: size=1048576 offset=0
BO_TO   349: size=1048576 offset=0
BO_TO   349: size=1048576 offset=0
BO_TO   349: size=1048576 offset=0
BO_TO   349: size=1048576 offset=0
BO_TO   349: size=1048576 offset=0
BO_TO   349: size=1048576 offset=0
BO_TO   349: size=1048576 offset=0
BO_TO   349: size=1048576 offset=0
BO_TO   349: size=1048576 offset=0
BO_TO   349: size=1048576 offset=0
BO_TO   349: size=1048576 offset=0
BO_TO   349: size=1048576 offset=0
BO_FROM 349: size=1048576 offset=0 -> /tmp/cap/bo_from_349_1048576.bin
!"BO_TO   350: size=1048576 offset=0
BO_TO   350: size=1048576 offset=0
BO_TO   350: size=1048576 offset=0
BO_TO   350: size=1048576 offset=0
BO_TO   350: size=1048576 offset=0
BO_TO   350: size=1048576 offset=0
BO_TO   350: size=1048576 offset=0
BO_TO   350: size=1048576 offset=0
BO_TO   350: size=1048576 offset=0
BO_TO   350: size=1048576 offset=0
BO_TO   350: size=1048576 offset=0
BO_TO   350: size=1048576 offset=0
BO_TO   350: size=1048576 offset=0
BO_TO   350: size=1048576 offset=0
BO_TO   350: size=1048576 offset=0
BO_TO   350: size=1048576 offset=0
BO_TO   350: size=1048576 offset=0
BO_TO   350: size=1048576 offset=0
BO_TO   350: size=1048576 offset=0
BO_TO   350: size=1048576 offset=0
BO_TO   350: size=1048576 offset=0
BO_TO   350: size=1048576 offset=0
BO_TO   350: size=1048576 offset=0
BO_TO   350: size=1048576 offset=0
BO_TO   350: size=1048576 offset=0
BO_TO   350: size=1048576 offset=0
BO_TO   350: size=1048576 offset=0
BO_TO   350: size=1048576 offset=0
BO_TO   350: size=1048576 offset=0
BO_FROM 350: size=1048576 offset=0 -> /tmp/cap/bo_from_350_1048576.bin
 andBO_TO   351: size=1048576 offset=0
BO_TO   351: size=1048576 offset=0
BO_TO   351: size=1048576 offset=0
BO_TO   351: size=1048576 offset=0
BO_TO   351: size=1048576 offset=0
BO_TO   351: size=1048576 offset=0
BO_TO   351: size=1048576 offset=0
BO_TO   351: size=1048576 offset=0
BO_TO   351: size=1048576 offset=0
BO_TO   351: size=1048576 offset=0
BO_TO   351: size=1048576 offset=0
BO_TO   351: size=1048576 offset=0
BO_TO   351: size=1048576 offset=0
BO_TO   351: size=1048576 offset=0
BO_TO   351: size=1048576 offset=0
BO_TO   351: size=1048576 offset=0
BO_TO   351: size=1048576 offset=0
BO_TO   351: size=1048576 offset=0
BO_TO   351: size=1048576 offset=0
BO_TO   351: size=1048576 offset=0
BO_TO   351: size=1048576 offset=0
BO_TO   351: size=1048576 offset=0
BO_TO   351: size=1048576 offset=0
BO_TO   351: size=1048576 offset=0
BO_TO   351: size=1048576 offset=0
BO_TO   351: size=1048576 offset=0
BO_TO   351: size=1048576 offset=0
BO_TO   351: size=1048576 offset=0
BO_TO   351: size=1048576 offset=0
BO_FROM 351: size=1048576 offset=0 -> /tmp/cap/bo_from_351_1048576.bin
 addBO_TO   352: size=1048576 offset=0
BO_TO   352: size=1048576 offset=0
BO_TO   352: size=1048576 offset=0
BO_TO   352: size=1048576 offset=0
BO_TO   352: size=1048576 offset=0
BO_TO   352: size=1048576 offset=0
BO_TO   352: size=1048576 offset=0
BO_TO   352: size=1048576 offset=0
BO_TO   352: size=1048576 offset=0
BO_TO   352: size=1048576 offset=0
BO_TO   352: size=1048576 offset=0
BO_TO   352: size=1048576 offset=0
BO_TO   352: size=1048576 offset=0
BO_TO   352: size=1048576 offset=0
BO_TO   352: size=1048576 offset=0
BO_TO   352: size=1048576 offset=0
BO_TO   352: size=1048576 offset=0
BO_TO   352: size=1048576 offset=0
BO_TO   352: size=1048576 offset=0
BO_TO   352: size=1048576 offset=0
BO_TO   352: size=1048576 offset=0
BO_TO   352: size=1048576 offset=0
BO_TO   352: size=1048576 offset=0
BO_TO   352: size=1048576 offset=0
BO_TO   352: size=1048576 offset=0
BO_TO   352: size=1048576 offset=0
BO_TO   352: size=1048576 offset=0
BO_TO   352: size=1048576 offset=0
BO_TO   352: size=1048576 offset=0
BO_FROM 352: size=1048576 offset=0 -> /tmp/cap/bo_from_352_1048576.bin
 aBO_TO   353: size=1048576 offset=0
BO_TO   353: size=1048576 offset=0
BO_TO   353: size=1048576 offset=0
BO_TO   353: size=1048576 offset=0
BO_TO   353: size=1048576 offset=0
BO_TO   353: size=1048576 offset=0
BO_TO   353: size=1048576 offset=0
BO_TO   353: size=1048576 offset=0
BO_TO   353: size=1048576 offset=0
BO_TO   353: size=1048576 offset=0
BO_TO   353: size=1048576 offset=0
BO_TO   353: size=1048576 offset=0
BO_TO   353: size=1048576 offset=0
BO_TO   353: size=1048576 offset=0
BO_TO   353: size=1048576 offset=0
BO_TO   353: size=1048576 offset=0
BO_TO   353: size=1048576 offset=0
BO_TO   353: size=1048576 offset=0
BO_TO   353: size=1048576 offset=0
BO_TO   353: size=1048576 offset=0
BO_TO   353: size=1048576 offset=0
BO_TO   353: size=1048576 offset=0
BO_TO   353: size=1048576 offset=0
BO_TO   353: size=1048576 offset=0
BO_TO   353: size=1048576 offset=0
BO_TO   353: size=1048576 offset=0
BO_TO   353: size=1048576 offset=0
BO_TO   353: size=1048576 offset=0
BO_TO   353: size=1048576 offset=0
BO_FROM 353: size=1048576 offset=0 -> /tmp/cap/bo_from_353_1048576.bin
 lightBO_TO   354: size=1048576 offset=0
BO_TO   354: size=1048576 offset=0
BO_TO   354: size=1048576 offset=0
BO_TO   354: size=1048576 offset=0
BO_TO   354: size=1048576 offset=0
BO_TO   354: size=1048576 offset=0
BO_TO   354: size=1048576 offset=0
BO_TO   354: size=1048576 offset=0
BO_TO   354: size=1048576 offset=0
BO_TO   354: size=1048576 offset=0
BO_TO   354: size=1048576 offset=0
BO_TO   354: size=1048576 offset=0
BO_TO   354: size=1048576 offset=0
BO_TO   354: size=1048576 offset=0
BO_TO   354: size=1048576 offset=0
BO_TO   354: size=1048576 offset=0
BO_TO   354: size=1048576 offset=0
BO_TO   354: size=1048576 offset=0
BO_TO   354: size=1048576 offset=0
BO_TO   354: size=1048576 offset=0
BO_TO   354: size=1048576 offset=0
BO_TO   354: size=1048576 offset=0
BO_TO   354: size=1048576 offset=0
BO_TO   354: size=1048576 offset=0
BO_TO   354: size=1048576 offset=0
BO_TO   354: size=1048576 offset=0
BO_TO   354: size=1048576 offset=0
BO_TO   354: size=1048576 offset=0
BO_TO   354: size=1048576 offset=0
BO_FROM 354: size=1048576 offset=0 -> /tmp/cap/bo_from_354_1048576.bin
-heartedBO_TO   355: size=1048576 offset=0
BO_TO   355: size=1048576 offset=0
BO_TO   355: size=1048576 offset=0
BO_TO   355: size=1048576 offset=0
BO_TO   355: size=1048576 offset=0
BO_TO   355: size=1048576 offset=0
BO_TO   355: size=1048576 offset=0
BO_TO   355: size=1048576 offset=0
BO_TO   355: size=1048576 offset=0
BO_TO   355: size=1048576 offset=0
BO_TO   355: size=1048576 offset=0
BO_TO   355: size=1048576 offset=0
BO_TO   355: size=1048576 offset=0
BO_TO   355: size=1048576 offset=0
BO_TO   355: size=1048576 offset=0
BO_TO   355: size=1048576 offset=0
BO_TO   355: size=1048576 offset=0
BO_TO   355: size=1048576 offset=0
BO_TO   355: size=1048576 offset=0
BO_TO   355: size=1048576 offset=0
BO_TO   355: size=1048576 offset=0
BO_TO   355: size=1048576 offset=0
BO_TO   355: size=1048576 offset=0
BO_TO   355: size=1048576 offset=0
BO_TO   355: size=1048576 offset=0
BO_TO   355: size=1048576 offset=0
BO_TO   355: size=1048576 offset=0
BO_TO   355: size=1048576 offset=0
BO_TO   355: size=1048576 offset=0
BO_FROM 355: size=1048576 offset=0 -> /tmp/cap/bo_from_355_1048576.bin
 commentBO_TO   356: size=1048576 offset=0
BO_TO   356: size=1048576 offset=0
BO_TO   356: size=1048576 offset=0
BO_TO   356: size=1048576 offset=0
BO_TO   356: size=1048576 offset=0
BO_TO   356: size=1048576 offset=0
BO_TO   356: size=1048576 offset=0
BO_TO   356: size=1048576 offset=0
BO_TO   356: size=1048576 offset=0
BO_TO   356: size=1048576 offset=0
BO_TO   356: size=1048576 offset=0
BO_TO   356: size=1048576 offset=0
BO_TO   356: size=1048576 offset=0
BO_TO   356: size=1048576 offset=0
BO_TO   356: size=1048576 offset=0
BO_TO   356: size=1048576 offset=0
BO_TO   356: size=1048576 offset=0
BO_TO   356: size=1048576 offset=0
BO_TO   356: size=1048576 offset=0
BO_TO   356: size=1048576 offset=0
BO_TO   356: size=1048576 offset=0
BO_TO   356: size=1048576 offset=0
BO_TO   356: size=1048576 offset=0
BO_TO   356: size=1048576 offset=0
BO_TO   356: size=1048576 offset=0
BO_TO   356: size=1048576 offset=0
BO_TO   356: size=1048576 offset=0
BO_TO   356: size=1048576 offset=0
BO_TO   356: size=1048576 offset=0
BO_FROM 356: size=1048576 offset=0 -> /tmp/cap/bo_from_356_1048576.bin
.BO_TO   357: size=1048576 offset=0
BO_TO   357: size=1048576 offset=0
BO_TO   357: size=1048576 offset=0
BO_TO   357: size=1048576 offset=0
BO_TO   357: size=1048576 offset=0
BO_TO   357: size=1048576 offset=0
BO_TO   357: size=1048576 offset=0
BO_TO   357: size=1048576 offset=0
BO_TO   357: size=1048576 offset=0
BO_TO   357: size=1048576 offset=0
BO_TO   357: size=1048576 offset=0
BO_TO   357: size=1048576 offset=0
BO_TO   357: size=1048576 offset=0
BO_TO   357: size=1048576 offset=0
BO_TO   357: size=1048576 offset=0
BO_TO   357: size=1048576 offset=0
BO_TO   357: size=1048576 offset=0
BO_TO   357: size=1048576 offset=0
BO_TO   357: size=1048576 offset=0
BO_TO   357: size=1048576 offset=0
BO_TO   357: size=1048576 offset=0
BO_TO   357: size=1048576 offset=0
BO_TO   357: size=1048576 offset=0
BO_TO   357: size=1048576 offset=0
BO_TO   357: size=1048576 offset=0
BO_TO   357: size=1048576 offset=0
BO_TO   357: size=1048576 offset=0
BO_TO   357: size=1048576 offset=0
BO_TO   357: size=1048576 offset=0
BO_FROM 357: size=1048576 offset=0 -> /tmp/cap/bo_from_357_1048576.bin
 SinceBO_TO   358: size=1048576 offset=0
BO_TO   358: size=1048576 offset=0
BO_TO   358: size=1048576 offset=0
BO_TO   358: size=1048576 offset=0
BO_TO   358: size=1048576 offset=0
BO_TO   358: size=1048576 offset=0
BO_TO   358: size=1048576 offset=0
BO_TO   358: size=1048576 offset=0
BO_TO   358: size=1048576 offset=0
BO_TO   358: size=1048576 offset=0
BO_TO   358: size=1048576 offset=0
BO_TO   358: size=1048576 offset=0
BO_TO   358: size=1048576 offset=0
BO_TO   358: size=1048576 offset=0
BO_TO   358: size=1048576 offset=0
BO_TO   358: size=1048576 offset=0
BO_TO   358: size=1048576 offset=0
BO_TO   358: size=1048576 offset=0
BO_TO   358: size=1048576 offset=0
BO_TO   358: size=1048576 offset=0
BO_TO   358: size=1048576 offset=0
BO_TO   358: size=1048576 offset=0
BO_TO   358: size=1048576 offset=0
BO_TO   358: size=1048576 offset=0
BO_TO   358: size=1048576 offset=0
BO_TO   358: size=1048576 offset=0
BO_TO   358: size=1048576 offset=0
BO_TO   358: size=1048576 offset=0
BO_TO   358: size=1048576 offset=0
BO_FROM 358: size=1048576 offset=0 -> /tmp/cap/bo_from_358_1048576.bin
 theyBO_TO   359: size=1048576 offset=0
BO_TO   359: size=1048576 offset=0
BO_TO   359: size=1048576 offset=0
BO_TO   359: size=1048576 offset=0
BO_TO   359: size=1048576 offset=0
BO_TO   359: size=1048576 offset=0
BO_TO   359: size=1048576 offset=0
BO_TO   359: size=1048576 offset=0
BO_TO   359: size=1048576 offset=0
BO_TO   359: size=1048576 offset=0
BO_TO   359: size=1048576 offset=0
BO_TO   359: size=1048576 offset=0
BO_TO   359: size=1048576 offset=0
BO_TO   359: size=1048576 offset=0
BO_TO   359: size=1048576 offset=0
BO_TO   359: size=1048576 offset=0
BO_TO   359: size=1048576 offset=0
BO_TO   359: size=1048576 offset=0
BO_TO   359: size=1048576 offset=0
BO_TO   359: size=1048576 offset=0
BO_TO   359: size=1048576 offset=0
BO_TO   359: size=1048576 offset=0
BO_TO   359: size=1048576 offset=0
BO_TO   359: size=1048576 offset=0
BO_TO   359: size=1048576 offset=0
BO_TO   359: size=1048576 offset=0
BO_TO   359: size=1048576 offset=0
BO_TO   359: size=1048576 offset=0
BO_TO   359: size=1048576 offset=0
BO_FROM 359: size=1048576 offset=0 -> /tmp/cap/bo_from_359_1048576.bin
 mightBO_TO   360: size=1048576 offset=0
BO_TO   360: size=1048576 offset=0
BO_TO   360: size=1048576 offset=0
BO_TO   360: size=1048576 offset=0
BO_TO   360: size=1048576 offset=0
BO_TO   360: size=1048576 offset=0
BO_TO   360: size=1048576 offset=0
BO_TO   360: size=1048576 offset=0
BO_TO   360: size=1048576 offset=0
BO_TO   360: size=1048576 offset=0
BO_TO   360: size=1048576 offset=0
BO_TO   360: size=1048576 offset=0
BO_TO   360: size=1048576 offset=0
BO_TO   360: size=1048576 offset=0
BO_TO   360: size=1048576 offset=0
BO_TO   360: size=1048576 offset=0
BO_TO   360: size=1048576 offset=0
BO_TO   360: size=1048576 offset=0
BO_TO   360: size=1048576 offset=0
BO_TO   360: size=1048576 offset=0
BO_TO   360: size=1048576 offset=0
BO_TO   360: size=1048576 offset=0
BO_TO   360: size=1048576 offset=0
BO_TO   360: size=1048576 offset=0
BO_TO   360: size=1048576 offset=0
BO_TO   360: size=1048576 offset=0
BO_TO   360: size=1048576 offset=0
BO_TO   360: size=1048576 offset=0
BO_TO   360: size=1048576 offset=0
BO_FROM 360: size=1048576 offset=0 -> /tmp/cap/bo_from_360_1048576.bin
 beBO_TO   361: size=1048576 offset=0
BO_TO   361: size=1048576 offset=0
BO_TO   361: size=1048576 offset=0
BO_TO   361: size=1048576 offset=0
BO_TO   361: size=1048576 offset=0
BO_TO   361: size=1048576 offset=0
BO_TO   361: size=1048576 offset=0
BO_TO   361: size=1048576 offset=0
BO_TO   361: size=1048576 offset=0
BO_TO   361: size=1048576 offset=0
BO_TO   361: size=1048576 offset=0
BO_TO   361: size=1048576 offset=0
BO_TO   361: size=1048576 offset=0
BO_TO   361: size=1048576 offset=0
BO_TO   361: size=1048576 offset=0
BO_TO   361: size=1048576 offset=0
BO_TO   361: size=1048576 offset=0
BO_TO   361: size=1048576 offset=0
BO_TO   361: size=1048576 offset=0
BO_TO   361: size=1048576 offset=0
BO_TO   361: size=1048576 offset=0
BO_TO   361: size=1048576 offset=0
BO_TO   361: size=1048576 offset=0
BO_TO   361: size=1048576 offset=0
BO_TO   361: size=1048576 offset=0
BO_TO   361: size=1048576 offset=0
BO_TO   361: size=1048576 offset=0
BO_TO   361: size=1048576 offset=0
BO_TO   361: size=1048576 offset=0
BO_FROM 361: size=1048576 offset=0 -> /tmp/cap/bo_from_361_1048576.bin
 testingBO_TO   362: size=1048576 offset=0
BO_TO   362: size=1048576 offset=0
BO_TO   362: size=1048576 offset=0
BO_TO   362: size=1048576 offset=0
BO_TO   362: size=1048576 offset=0
BO_TO   362: size=1048576 offset=0
BO_TO   362: size=1048576 offset=0
BO_TO   362: size=1048576 offset=0
BO_TO   362: size=1048576 offset=0
BO_TO   362: size=1048576 offset=0
BO_TO   362: size=1048576 offset=0
BO_TO   362: size=1048576 offset=0
BO_TO   362: size=1048576 offset=0
BO_TO   362: size=1048576 offset=0
BO_TO   362: size=1048576 offset=0
BO_TO   362: size=1048576 offset=0
BO_TO   362: size=1048576 offset=0
BO_TO   362: size=1048576 offset=0
BO_TO   362: size=1048576 offset=0
BO_TO   362: size=1048576 offset=0
BO_TO   362: size=1048576 offset=0
BO_TO   362: size=1048576 offset=0
BO_TO   362: size=1048576 offset=0
BO_TO   362: size=1048576 offset=0
BO_TO   362: size=1048576 offset=0
BO_TO   362: size=1048576 offset=0
BO_TO   362: size=1048576 offset=0
BO_TO   362: size=1048576 offset=0
BO_TO   362: size=1048576 offset=0
BO_FROM 362: size=1048576 offset=0 -> /tmp/cap/bo_from_362_1048576.bin
 orBO_TO   363: size=1048576 offset=0
BO_TO   363: size=1048576 offset=0
BO_TO   363: size=1048576 offset=0
BO_TO   363: size=1048576 offset=0
BO_TO   363: size=1048576 offset=0
BO_TO   363: size=1048576 offset=0
BO_TO   363: size=1048576 offset=0
BO_TO   363: size=1048576 offset=0
BO_TO   363: size=1048576 offset=0
BO_TO   363: size=1048576 offset=0
BO_TO   363: size=1048576 offset=0
BO_TO   363: size=1048576 offset=0
BO_TO   363: size=1048576 offset=0
BO_TO   363: size=1048576 offset=0
BO_TO   363: size=1048576 offset=0
BO_TO   363: size=1048576 offset=0
BO_TO   363: size=1048576 offset=0
BO_TO   363: size=1048576 offset=0
BO_TO   363: size=1048576 offset=0
BO_TO   363: size=1048576 offset=0
BO_TO   363: size=1048576 offset=0
BO_TO   363: size=1048576 offset=0
BO_TO   363: size=1048576 offset=0
BO_TO   363: size=1048576 offset=0
BO_TO   363: size=1048576 offset=0
BO_TO   363: size=1048576 offset=0
BO_TO   363: size=1048576 offset=0
BO_TO   363: size=1048576 offset=0
BO_TO   363: size=1048576 offset=0
BO_FROM 363: size=1048576 offset=0 -> /tmp/cap/bo_from_363_1048576.bin
 justBO_TO   364: size=1048576 offset=0
BO_TO   364: size=1048576 offset=0
BO_TO   364: size=1048576 offset=0
BO_TO   364: size=1048576 offset=0
BO_TO   364: size=1048576 offset=0
BO_TO   364: size=1048576 offset=0
BO_TO   364: size=1048576 offset=0
BO_TO   364: size=1048576 offset=0
BO_TO   364: size=1048576 offset=0
BO_TO   364: size=1048576 offset=0
BO_TO   364: size=1048576 offset=0
BO_TO   364: size=1048576 offset=0
BO_TO   364: size=1048576 offset=0
BO_TO   364: size=1048576 offset=0
BO_TO   364: size=1048576 offset=0
BO_TO   364: size=1048576 offset=0
BO_TO   364: size=1048576 offset=0
BO_TO   364: size=1048576 offset=0
BO_TO   364: size=1048576 offset=0
BO_TO   364: size=1048576 offset=0
BO_TO   364: size=1048576 offset=0
BO_TO   364: size=1048576 offset=0
BO_TO   364: size=1048576 offset=0
BO_TO   364: size=1048576 offset=0
BO_TO   364: size=1048576 offset=0
BO_TO   364: size=1048576 offset=0
BO_TO   364: size=1048576 offset=0
BO_TO   364: size=1048576 offset=0
BO_TO   364: size=1048576 offset=0
BO_FROM 364: size=1048576 offset=0 -> /tmp/cap/bo_from_364_1048576.bin
 wantBO_TO   365: size=1048576 offset=0
BO_TO   365: size=1048576 offset=0
BO_TO   365: size=1048576 offset=0
BO_TO   365: size=1048576 offset=0
BO_TO   365: size=1048576 offset=0
BO_TO   365: size=1048576 offset=0
BO_TO   365: size=1048576 offset=0
BO_TO   365: size=1048576 offset=0
BO_TO   365: size=1048576 offset=0
BO_TO   365: size=1048576 offset=0
BO_TO   365: size=1048576 offset=0
BO_TO   365: size=1048576 offset=0
BO_TO   365: size=1048576 offset=0
BO_TO   365: size=1048576 offset=0
BO_TO   365: size=1048576 offset=0
BO_TO   365: size=1048576 offset=0
BO_TO   365: size=1048576 offset=0
BO_TO   365: size=1048576 offset=0
BO_TO   365: size=1048576 offset=0
BO_TO   365: size=1048576 offset=0
BO_TO   365: size=1048576 offset=0
BO_TO   365: size=1048576 offset=0
BO_TO   365: size=1048576 offset=0
BO_TO   365: size=1048576 offset=0
BO_TO   365: size=1048576 offset=0
BO_TO   365: size=1048576 offset=0
BO_TO   365: size=1048576 offset=0
BO_TO   365: size=1048576 offset=0
BO_TO   365: size=1048576 offset=0
BO_FROM 365: size=1048576 offset=0 -> /tmp/cap/bo_from_365_1048576.bin
 aBO_TO   366: size=1048576 offset=0
BO_TO   366: size=1048576 offset=0
BO_TO   366: size=1048576 offset=0
BO_TO   366: size=1048576 offset=0
BO_TO   366: size=1048576 offset=0
BO_TO   366: size=1048576 offset=0
BO_TO   366: size=1048576 offset=0
BO_TO   366: size=1048576 offset=0
BO_TO   366: size=1048576 offset=0
BO_TO   366: size=1048576 offset=0
BO_TO   366: size=1048576 offset=0
BO_TO   366: size=1048576 offset=0
BO_TO   366: size=1048576 offset=0
BO_TO   366: size=1048576 offset=0
BO_TO   366: size=1048576 offset=0
BO_TO   366: size=1048576 offset=0
BO_TO   366: size=1048576 offset=0
BO_TO   366: size=1048576 offset=0
BO_TO   366: size=1048576 offset=0
BO_TO   366: size=1048576 offset=0
BO_TO   366: size=1048576 offset=0
BO_TO   366: size=1048576 offset=0
BO_TO   366: size=1048576 offset=0
BO_TO   366: size=1048576 offset=0
BO_TO   366: size=1048576 offset=0
BO_TO   366: size=1048576 offset=0
BO_TO   366: size=1048576 offset=0
BO_TO   366: size=1048576 offset=0
BO_TO   366: size=1048576 offset=0
BO_FROM 366: size=1048576 offset=0 -> /tmp/cap/bo_from_366_1048576.bin
 quickBO_TO   367: size=1048576 offset=0
BO_TO   367: size=1048576 offset=0
BO_TO   367: size=1048576 offset=0
BO_TO   367: size=1048576 offset=0
BO_TO   367: size=1048576 offset=0
BO_TO   367: size=1048576 offset=0
BO_TO   367: size=1048576 offset=0
BO_TO   367: size=1048576 offset=0
BO_TO   367: size=1048576 offset=0
BO_TO   367: size=1048576 offset=0
BO_TO   367: size=1048576 offset=0
BO_TO   367: size=1048576 offset=0
BO_TO   367: size=1048576 offset=0
BO_TO   367: size=1048576 offset=0
BO_TO   367: size=1048576 offset=0
BO_TO   367: size=1048576 offset=0
BO_TO   367: size=1048576 offset=0
BO_TO   367: size=1048576 offset=0
BO_TO   367: size=1048576 offset=0
BO_TO   367: size=1048576 offset=0
BO_TO   367: size=1048576 offset=0
BO_TO   367: size=1048576 offset=0
BO_TO   367: size=1048576 offset=0
BO_TO   367: size=1048576 offset=0
BO_TO   367: size=1048576 offset=0
BO_TO   367: size=1048576 offset=0
BO_TO   367: size=1048576 offset=0
BO_TO   367: size=1048576 offset=0
BO_TO   367: size=1048576 offset=0
BO_FROM 367: size=1048576 offset=0 -> /tmp/cap/bo_from_367_1048576.bin
 responseBO_TO   368: size=1048576 offset=0
BO_TO   368: size=1048576 offset=0
BO_TO   368: size=1048576 offset=0
BO_TO   368: size=1048576 offset=0
BO_TO   368: size=1048576 offset=0
BO_TO   368: size=1048576 offset=0
BO_TO   368: size=1048576 offset=0
BO_TO   368: size=1048576 offset=0
BO_TO   368: size=1048576 offset=0
BO_TO   368: size=1048576 offset=0
BO_TO   368: size=1048576 offset=0
BO_TO   368: size=1048576 offset=0
BO_TO   368: size=1048576 offset=0
BO_TO   368: size=1048576 offset=0
BO_TO   368: size=1048576 offset=0
BO_TO   368: size=1048576 offset=0
BO_TO   368: size=1048576 offset=0
BO_TO   368: size=1048576 offset=0
BO_TO   368: size=1048576 offset=0
BO_TO   368: size=1048576 offset=0
BO_TO   368: size=1048576 offset=0
BO_TO   368: size=1048576 offset=0
BO_TO   368: size=1048576 offset=0
BO_TO   368: size=1048576 offset=0
BO_TO   368: size=1048576 offset=0
BO_TO   368: size=1048576 offset=0
BO_TO   368: size=1048576 offset=0
BO_TO   368: size=1048576 offset=0
BO_TO   368: size=1048576 offset=0
BO_FROM 368: size=1048576 offset=0 -> /tmp/cap/bo_from_368_1048576.bin
,BO_TO   369: size=1048576 offset=0
BO_TO   369: size=1048576 offset=0
BO_TO   369: size=1048576 offset=0
BO_TO   369: size=1048576 offset=0
BO_TO   369: size=1048576 offset=0
BO_TO   369: size=1048576 offset=0
BO_TO   369: size=1048576 offset=0
BO_TO   369: size=1048576 offset=0
BO_TO   369: size=1048576 offset=0
BO_TO   369: size=1048576 offset=0
BO_TO   369: size=1048576 offset=0
BO_TO   369: size=1048576 offset=0
BO_TO   369: size=1048576 offset=0
BO_TO   369: size=1048576 offset=0
BO_TO   369: size=1048576 offset=0
BO_TO   369: size=1048576 offset=0
BO_TO   369: size=1048576 offset=0
BO_TO   369: size=1048576 offset=0
BO_TO   369: size=1048576 offset=0
BO_TO   369: size=1048576 offset=0
BO_TO   369: size=1048576 offset=0
BO_TO   369: size=1048576 offset=0
BO_TO   369: size=1048576 offset=0
BO_TO   369: size=1048576 offset=0
BO_TO   369: size=1048576 offset=0
BO_TO   369: size=1048576 offset=0
BO_TO   369: size=1048576 offset=0
BO_TO   369: size=1048576 offset=0
BO_TO   369: size=1048576 offset=0
BO_FROM 369: size=1048576 offset=0 -> /tmp/cap/bo_from_369_1048576.bin
 keepingBO_TO   370: size=1048576 offset=0
BO_TO   370: size=1048576 offset=0
BO_TO   370: size=1048576 offset=0
BO_TO   370: size=1048576 offset=0
BO_TO   370: size=1048576 offset=0
BO_TO   370: size=1048576 offset=0
BO_TO   370: size=1048576 offset=0
BO_TO   370: size=1048576 offset=0
BO_TO   370: size=1048576 offset=0
BO_TO   370: size=1048576 offset=0
BO_TO   370: size=1048576 offset=0
BO_TO   370: size=1048576 offset=0
BO_TO   370: size=1048576 offset=0
BO_TO   370: size=1048576 offset=0
BO_TO   370: size=1048576 offset=0
BO_TO   370: size=1048576 offset=0
BO_TO   370: size=1048576 offset=0
BO_TO   370: size=1048576 offset=0
BO_TO   370: size=1048576 offset=0
BO_TO   370: size=1048576 offset=0
BO_TO   370: size=1048576 offset=0
BO_TO   370: size=1048576 offset=0
BO_TO   370: size=1048576 offset=0
BO_TO   370: size=1048576 offset=0
BO_TO   370: size=1048576 offset=0
BO_TO   370: size=1048576 offset=0
BO_TO   370: size=1048576 offset=0
BO_TO   370: size=1048576 offset=0
BO_TO   370: size=1048576 offset=0
BO_FROM 370: size=1048576 offset=0 -> /tmp/cap/bo_from_370_1048576.bin
 itBO_TO   371: size=1048576 offset=0
BO_TO   371: size=1048576 offset=0
BO_TO   371: size=1048576 offset=0
BO_TO   371: size=1048576 offset=0
BO_TO   371: size=1048576 offset=0
BO_TO   371: size=1048576 offset=0
BO_TO   371: size=1048576 offset=0
BO_TO   371: size=1048576 offset=0
BO_TO   371: size=1048576 offset=0
BO_TO   371: size=1048576 offset=0
BO_TO   371: size=1048576 offset=0
BO_TO   371: size=1048576 offset=0
BO_TO   371: size=1048576 offset=0
BO_TO   371: size=1048576 offset=0
BO_TO   371: size=1048576 offset=0
BO_TO   371: size=1048576 offset=0
BO_TO   371: size=1048576 offset=0
BO_TO   371: size=1048576 offset=0
BO_TO   371: size=1048576 offset=0
BO_TO   371: size=1048576 offset=0
BO_TO   371: size=1048576 offset=0
BO_TO   371: size=1048576 offset=0
BO_TO   371: size=1048576 offset=0
BO_TO   371: size=1048576 offset=0
BO_TO   371: size=1048576 offset=0
BO_TO   371: size=1048576 offset=0
BO_TO   371: size=1048576 offset=0
BO_TO   371: size=1048576 offset=0
BO_TO   371: size=1048576 offset=0
BO_FROM 371: size=1048576 offset=0 -> /tmp/cap/bo_from_371_1048576.bin
 straightforwardBO_TO   372: size=1048576 offset=0
BO_TO   372: size=1048576 offset=0
BO_TO   372: size=1048576 offset=0
BO_TO   372: size=1048576 offset=0
BO_TO   372: size=1048576 offset=0
BO_TO   372: size=1048576 offset=0
BO_TO   372: size=1048576 offset=0
BO_TO   372: size=1048576 offset=0
BO_TO   372: size=1048576 offset=0
BO_TO   372: size=1048576 offset=0
BO_TO   372: size=1048576 offset=0
BO_TO   372: size=1048576 offset=0
BO_TO   372: size=1048576 offset=0
BO_TO   372: size=1048576 offset=0
BO_TO   372: size=1048576 offset=0
BO_TO   372: size=1048576 offset=0
BO_TO   372: size=1048576 offset=0
BO_TO   372: size=1048576 offset=0
BO_TO   372: size=1048576 offset=0
BO_TO   372: size=1048576 offset=0
BO_TO   372: size=1048576 offset=0
BO_TO   372: size=1048576 offset=0
BO_TO   372: size=1048576 offset=0
BO_TO   372: size=1048576 offset=0
BO_TO   372: size=1048576 offset=0
BO_TO   372: size=1048576 offset=0
BO_TO   372: size=1048576 offset=0
BO_TO   372: size=1048576 offset=0
BO_TO   372: size=1048576 offset=0
BO_FROM 372: size=1048576 offset=0 -> /tmp/cap/bo_from_372_1048576.bin
 isBO_TO   373: size=1048576 offset=0
BO_TO   373: size=1048576 offset=0
BO_TO   373: size=1048576 offset=0
BO_TO   373: size=1048576 offset=0
BO_TO   373: size=1048576 offset=0
BO_TO   373: size=1048576 offset=0
BO_TO   373: size=1048576 offset=0
BO_TO   373: size=1048576 offset=0
BO_TO   373: size=1048576 offset=0
BO_TO   373: size=1048576 offset=0
BO_TO   373: size=1048576 offset=0
BO_TO   373: size=1048576 offset=0
BO_TO   373: size=1048576 offset=0
BO_TO   373: size=1048576 offset=0
BO_TO   373: size=1048576 offset=0
BO_TO   373: size=1048576 offset=0
BO_TO   373: size=1048576 offset=0
BO_TO   373: size=1048576 offset=0
BO_TO   373: size=1048576 offset=0
BO_TO   373: size=1048576 offset=0
BO_TO   373: size=1048576 offset=0
BO_TO   373: size=1048576 offset=0
BO_TO   373: size=1048576 offset=0
BO_TO   373: size=1048576 offset=0
BO_TO   373: size=1048576 offset=0
BO_TO   373: size=1048576 offset=0
BO_TO   373: size=1048576 offset=0
BO_TO   373: size=1048576 offset=0
BO_TO   373: size=1048576 offset=0
BO_FROM 373: size=1048576 offset=0 -> /tmp/cap/bo_from_373_1048576.bin
 bestBO_TO   374: size=1048576 offset=0
BO_TO   374: size=1048576 offset=0
BO_TO   374: size=1048576 offset=0
BO_TO   374: size=1048576 offset=0
BO_TO   374: size=1048576 offset=0
BO_TO   374: size=1048576 offset=0
BO_TO   374: size=1048576 offset=0
BO_TO   374: size=1048576 offset=0
BO_TO   374: size=1048576 offset=0
BO_TO   374: size=1048576 offset=0
BO_TO   374: size=1048576 offset=0
BO_TO   374: size=1048576 offset=0
BO_TO   374: size=1048576 offset=0
BO_TO   374: size=1048576 offset=0
BO_TO   374: size=1048576 offset=0
BO_TO   374: size=1048576 offset=0
BO_TO   374: size=1048576 offset=0
BO_TO   374: size=1048576 offset=0
BO_TO   374: size=1048576 offset=0
BO_TO   374: size=1048576 offset=0
BO_TO   374: size=1048576 offset=0
BO_TO   374: size=1048576 offset=0
BO_TO   374: size=1048576 offset=0
BO_TO   374: size=1048576 offset=0
BO_TO   374: size=1048576 offset=0
BO_TO   374: size=1048576 offset=0
BO_TO   374: size=1048576 offset=0
BO_TO   374: size=1048576 offset=0
BO_TO   374: size=1048576 offset=0
BO_FROM 374: size=1048576 offset=0 -> /tmp/cap/bo_from_374_1048576.bin
.

BO_TO   375: size=1048576 offset=0
BO_TO   375: size=1048576 offset=0
BO_TO   375: size=1048576 offset=0
BO_TO   375: size=1048576 offset=0
BO_TO   375: size=1048576 offset=0
BO_TO   375: size=1048576 offset=0
BO_TO   375: size=1048576 offset=0
BO_TO   375: size=1048576 offset=0
BO_TO   375: size=1048576 offset=0
BO_TO   375: size=1048576 offset=0
BO_TO   375: size=1048576 offset=0
BO_TO   375: size=1048576 offset=0
BO_TO   375: size=1048576 offset=0
BO_TO   375: size=1048576 offset=0
BO_TO   375: size=1048576 offset=0
BO_TO   375: size=1048576 offset=0
BO_TO   375: size=1048576 offset=0
BO_TO   375: size=1048576 offset=0
BO_TO   375: size=1048576 offset=0
BO_TO   375: size=1048576 offset=0
BO_TO   375: size=1048576 offset=0
BO_TO   375: size=1048576 offset=0
BO_TO   375: size=1048576 offset=0
BO_TO   375: size=1048576 offset=0
BO_TO   375: size=1048576 offset=0
BO_TO   375: size=1048576 offset=0
BO_TO   375: size=1048576 offset=0
BO_TO   375: size=1048576 offset=0
BO_TO   375: size=1048576 offset=0
BO_FROM 375: size=1048576 offset=0 -> /tmp/cap/bo_from_375_1048576.bin
WhatBO_TO   376: size=1048576 offset=0
BO_TO   376: size=1048576 offset=0
BO_TO   376: size=1048576 offset=0
BO_TO   376: size=1048576 offset=0
BO_TO   376: size=1048576 offset=0
BO_TO   376: size=1048576 offset=0
BO_TO   376: size=1048576 offset=0
BO_TO   376: size=1048576 offset=0
BO_TO   376: size=1048576 offset=0
BO_TO   376: size=1048576 offset=0
BO_TO   376: size=1048576 offset=0
BO_TO   376: size=1048576 offset=0
BO_TO   376: size=1048576 offset=0
BO_TO   376: size=1048576 offset=0
BO_TO   376: size=1048576 offset=0
BO_TO   376: size=1048576 offset=0
BO_TO   376: size=1048576 offset=0
BO_TO   376: size=1048576 offset=0
BO_TO   376: size=1048576 offset=0
BO_TO   376: size=1048576 offset=0
BO_TO   376: size=1048576 offset=0
BO_TO   376: size=1048576 offset=0
BO_TO   376: size=1048576 offset=0
BO_TO   376: size=1048576 offset=0
BO_TO   376: size=1048576 offset=0
BO_TO   376: size=1048576 offset=0
BO_TO   376: size=1048576 offset=0
BO_TO   376: size=1048576 offset=0
BO_TO   376: size=1048576 offset=0
BO_FROM 376: size=1048576 offset=0 -> /tmp/cap/bo_from_376_1048576.bin
 couldBO_TO   377: size=1048576 offset=0
BO_TO   377: size=1048576 offset=0
BO_TO   377: size=1048576 offset=0
BO_TO   377: size=1048576 offset=0
BO_TO   377: size=1048576 offset=0
BO_TO   377: size=1048576 offset=0
BO_TO   377: size=1048576 offset=0
BO_TO   377: size=1048576 offset=0
BO_TO   377: size=1048576 offset=0
BO_TO   377: size=1048576 offset=0
BO_TO   377: size=1048576 offset=0
BO_TO   377: size=1048576 offset=0
BO_TO   377: size=1048576 offset=0
BO_TO   377: size=1048576 offset=0
BO_TO   377: size=1048576 offset=0
BO_TO   377: size=1048576 offset=0
BO_TO   377: size=1048576 offset=0
BO_TO   377: size=1048576 offset=0
BO_TO   377: size=1048576 offset=0
BO_TO   377: size=1048576 offset=0
BO_TO   377: size=1048576 offset=0
BO_TO   377: size=1048576 offset=0
BO_TO   377: size=1048576 offset=0
BO_TO   377: size=1048576 offset=0
BO_TO   377: size=1048576 offset=0
BO_TO   377: size=1048576 offset=0
BO_TO   377: size=1048576 offset=0
BO_TO   377: size=1048576 offset=0
BO_TO   377: size=1048576 offset=0
BO_FROM 377: size=1048576 offset=0 -> /tmp/cap/bo_from_377_1048576.bin
 IBO_TO   378: size=1048576 offset=0
BO_TO   378: size=1048576 offset=0
BO_TO   378: size=1048576 offset=0
BO_TO   378: size=1048576 offset=0
BO_TO   378: size=1048576 offset=0
BO_TO   378: size=1048576 offset=0
BO_TO   378: size=1048576 offset=0
BO_TO   378: size=1048576 offset=0
BO_TO   378: size=1048576 offset=0
BO_TO   378: size=1048576 offset=0
BO_TO   378: size=1048576 offset=0
BO_TO   378: size=1048576 offset=0
BO_TO   378: size=1048576 offset=0
BO_TO   378: size=1048576 offset=0
BO_TO   378: size=1048576 offset=0
BO_TO   378: size=1048576 offset=0
BO_TO   378: size=1048576 offset=0
BO_TO   378: size=1048576 offset=0
BO_TO   378: size=1048576 offset=0
BO_TO   378: size=1048576 offset=0
BO_TO   378: size=1048576 offset=0
BO_TO   378: size=1048576 offset=0
BO_TO   378: size=1048576 offset=0
BO_TO   378: size=1048576 offset=0
BO_TO   378: size=1048576 offset=0
BO_TO   378: size=1048576 offset=0
BO_TO   378: size=1048576 offset=0
BO_TO   378: size=1048576 offset=0
BO_TO   378: size=1048576 offset=0
BO_FROM 378: size=1048576 offset=0 -> /tmp/cap/bo_from_378_1048576.bin
 sayBO_TO   379: size=1048576 offset=0
BO_TO   379: size=1048576 offset=0
BO_TO   379: size=1048576 offset=0
BO_TO   379: size=1048576 offset=0
BO_TO   379: size=1048576 offset=0
BO_TO   379: size=1048576 offset=0
BO_TO   379: size=1048576 offset=0
BO_TO   379: size=1048576 offset=0
BO_TO   379: size=1048576 offset=0
BO_TO   379: size=1048576 offset=0
BO_TO   379: size=1048576 offset=0
BO_TO   379: size=1048576 offset=0
BO_TO   379: size=1048576 offset=0
BO_TO   379: size=1048576 offset=0
BO_TO   379: size=1048576 offset=0
BO_TO   379: size=1048576 offset=0
BO_TO   379: size=1048576 offset=0
BO_TO   379: size=1048576 offset=0
BO_TO   379: size=1048576 offset=0
BO_TO   379: size=1048576 offset=0
BO_TO   379: size=1048576 offset=0
BO_TO   379: size=1048576 offset=0
BO_TO   379: size=1048576 offset=0
BO_TO   379: size=1048576 offset=0
BO_TO   379: size=1048576 offset=0
BO_TO   379: size=1048576 offset=0
BO_TO   379: size=1048576 offset=0
BO_TO   379: size=1048576 offset=0
BO_TO   379: size=1048576 offset=0
BO_FROM 379: size=1048576 offset=0 -> /tmp/cap/bo_from_379_1048576.bin
?BO_TO   380: size=1048576 offset=0
BO_TO   380: size=1048576 offset=0
BO_TO   380: size=1048576 offset=0
BO_TO   380: size=1048576 offset=0
BO_TO   380: size=1048576 offset=0
BO_TO   380: size=1048576 offset=0
BO_TO   380: size=1048576 offset=0
BO_TO   380: size=1048576 offset=0
BO_TO   380: size=1048576 offset=0
BO_TO   380: size=1048576 offset=0
BO_TO   380: size=1048576 offset=0
BO_TO   380: size=1048576 offset=0
BO_TO   380: size=1048576 offset=0
BO_TO   380: size=1048576 offset=0
BO_TO   380: size=1048576 offset=0
BO_TO   380: size=1048576 offset=0
BO_TO   380: size=1048576 offset=0
BO_TO   380: size=1048576 offset=0
BO_TO   380: size=1048576 offset=0
BO_TO   380: size=1048576 offset=0
BO_TO   380: size=1048576 offset=0
BO_TO   380: size=1048576 offset=0
BO_TO   380: size=1048576 offset=0
BO_TO   380: size=1048576 offset=0
BO_TO   380: size=1048576 offset=0
BO_TO   380: size=1048576 offset=0
BO_TO   380: size=1048576 offset=0
BO_TO   380: size=1048576 offset=0
BO_TO   380: size=1048576 offset=0
BO_FROM 380: size=1048576 offset=0 -> /tmp/cap/bo_from_380_1048576.bin
 SomethingBO_TO   381: size=1048576 offset=0
BO_TO   381: size=1048576 offset=0
BO_TO   381: size=1048576 offset=0
BO_TO   381: size=1048576 offset=0
BO_TO   381: size=1048576 offset=0
BO_TO   381: size=1048576 offset=0
BO_TO   381: size=1048576 offset=0
BO_TO   381: size=1048576 offset=0
BO_TO   381: size=1048576 offset=0
BO_TO   381: size=1048576 offset=0
BO_TO   381: size=1048576 offset=0
BO_TO   381: size=1048576 offset=0
BO_TO   381: size=1048576 offset=0
BO_TO   381: size=1048576 offset=0
BO_TO   381: size=1048576 offset=0
BO_TO   381: size=1048576 offset=0
BO_TO   381: size=1048576 offset=0
BO_TO   381: size=1048576 offset=0
BO_TO   381: size=1048576 offset=0
BO_TO   381: size=1048576 offset=0
BO_TO   381: size=1048576 offset=0
BO_TO   381: size=1048576 offset=0
BO_TO   381: size=1048576 offset=0
BO_TO   381: size=1048576 offset=0
BO_TO   381: size=1048576 offset=0
BO_TO   381: size=1048576 offset=0
BO_TO   381: size=1048576 offset=0
BO_TO   381: size=1048576 offset=0
BO_TO   381: size=1048576 offset=0
BO_FROM 381: size=1048576 offset=0 -> /tmp/cap/bo_from_381_1048576.bin
 likeBO_TO   382: size=1048576 offset=0
BO_TO   382: size=1048576 offset=0
BO_TO   382: size=1048576 offset=0
BO_TO   382: size=1048576 offset=0
BO_TO   382: size=1048576 offset=0
BO_TO   382: size=1048576 offset=0
BO_TO   382: size=1048576 offset=0
BO_TO   382: size=1048576 offset=0
BO_TO   382: size=1048576 offset=0
BO_TO   382: size=1048576 offset=0
BO_TO   382: size=1048576 offset=0
BO_TO   382: size=1048576 offset=0
BO_TO   382: size=1048576 offset=0
BO_TO   382: size=1048576 offset=0
BO_TO   382: size=1048576 offset=0
BO_TO   382: size=1048576 offset=0
BO_TO   382: size=1048576 offset=0
BO_TO   382: size=1048576 offset=0
BO_TO   382: size=1048576 offset=0
BO_TO   382: size=1048576 offset=0
BO_TO   382: size=1048576 offset=0
BO_TO   382: size=1048576 offset=0
BO_TO   382: size=1048576 offset=0
BO_TO   382: size=1048576 offset=0
BO_TO   382: size=1048576 offset=0
BO_TO   382: size=1048576 offset=0
BO_TO   382: size=1048576 offset=0
BO_TO   382: size=1048576 offset=0
BO_TO   382: size=1048576 offset=0
BO_FROM 382: size=1048576 offset=0 -> /tmp/cap/bo_from_382_1048576.bin
 "BO_TO   383: size=1048576 offset=0
BO_TO   383: size=1048576 offset=0
BO_TO   383: size=1048576 offset=0
BO_TO   383: size=1048576 offset=0
BO_TO   383: size=1048576 offset=0
BO_TO   383: size=1048576 offset=0
BO_TO   383: size=1048576 offset=0
BO_TO   383: size=1048576 offset=0
BO_TO   383: size=1048576 offset=0
BO_TO   383: size=1048576 offset=0
BO_TO   383: size=1048576 offset=0
BO_TO   383: size=1048576 offset=0
BO_TO   383: size=1048576 offset=0
BO_TO   383: size=1048576 offset=0
BO_TO   383: size=1048576 offset=0
BO_TO   383: size=1048576 offset=0
BO_TO   383: size=1048576 offset=0
BO_TO   383: size=1048576 offset=0
BO_TO   383: size=1048576 offset=0
BO_TO   383: size=1048576 offset=0
BO_TO   383: size=1048576 offset=0
BO_TO   383: size=1048576 offset=0
BO_TO   383: size=1048576 offset=0
BO_TO   383: size=1048576 offset=0
BO_TO   383: size=1048576 offset=0
BO_TO   383: size=1048576 offset=0
BO_TO   383: size=1048576 offset=0
BO_TO   383: size=1048576 offset=0
BO_TO   383: size=1048576 offset=0
BO_FROM 383: size=1048576 offset=0 -> /tmp/cap/bo_from_383_1048576.bin
HelloBO_TO   384: size=1048576 offset=0
BO_TO   384: size=1048576 offset=0
BO_TO   384: size=1048576 offset=0
BO_TO   384: size=1048576 offset=0
BO_TO   384: size=1048576 offset=0
BO_TO   384: size=1048576 offset=0
BO_TO   384: size=1048576 offset=0
BO_TO   384: size=1048576 offset=0
BO_TO   384: size=1048576 offset=0
BO_TO   384: size=1048576 offset=0
BO_TO   384: size=1048576 offset=0
BO_TO   384: size=1048576 offset=0
BO_TO   384: size=1048576 offset=0
BO_TO   384: size=1048576 offset=0
BO_TO   384: size=1048576 offset=0
BO_TO   384: size=1048576 offset=0
BO_TO   384: size=1048576 offset=0
BO_TO   384: size=1048576 offset=0
BO_TO   384: size=1048576 offset=0
BO_TO   384: size=1048576 offset=0
BO_TO   384: size=1048576 offset=0
BO_TO   384: size=1048576 offset=0
BO_TO   384: size=1048576 offset=0
BO_TO   384: size=1048576 offset=0
BO_TO   384: size=1048576 offset=0
BO_TO   384: size=1048576 offset=0
BO_TO   384: size=1048576 offset=0
BO_TO   384: size=1048576 offset=0
BO_TO   384: size=1048576 offset=0
BO_FROM 384: size=1048576 offset=0 -> /tmp/cap/bo_from_384_1048576.bin
!BO_TO   385: size=1048576 offset=0
BO_TO   385: size=1048576 offset=0
BO_TO   385: size=1048576 offset=0
BO_TO   385: size=1048576 offset=0
BO_TO   385: size=1048576 offset=0
BO_TO   385: size=1048576 offset=0
BO_TO   385: size=1048576 offset=0
BO_TO   385: size=1048576 offset=0
BO_TO   385: size=1048576 offset=0
BO_TO   385: size=1048576 offset=0
BO_TO   385: size=1048576 offset=0
BO_TO   385: size=1048576 offset=0
BO_TO   385: size=1048576 offset=0
BO_TO   385: size=1048576 offset=0
BO_TO   385: size=1048576 offset=0
BO_TO   385: size=1048576 offset=0
BO_TO   385: size=1048576 offset=0
BO_TO   385: size=1048576 offset=0
BO_TO   385: size=1048576 offset=0
BO_TO   385: size=1048576 offset=0
BO_TO   385: size=1048576 offset=0
BO_TO   385: size=1048576 offset=0
BO_TO   385: size=1048576 offset=0
BO_TO   385: size=1048576 offset=0
BO_TO   385: size=1048576 offset=0
BO_TO   385: size=1048576 offset=0
BO_TO   385: size=1048576 offset=0
BO_TO   385: size=1048576 offset=0
BO_TO   385: size=1048576 offset=0
BO_FROM 385: size=1048576 offset=0 -> /tmp/cap/bo_from_385_1048576.bin
 HowBO_TO   386: size=1048576 offset=0
BO_TO   386: size=1048576 offset=0
BO_TO   386: size=1048576 offset=0
BO_TO   386: size=1048576 offset=0
BO_TO   386: size=1048576 offset=0
BO_TO   386: size=1048576 offset=0
BO_TO   386: size=1048576 offset=0
BO_TO   386: size=1048576 offset=0
BO_TO   386: size=1048576 offset=0
BO_TO   386: size=1048576 offset=0
BO_TO   386: size=1048576 offset=0
BO_TO   386: size=1048576 offset=0
BO_TO   386: size=1048576 offset=0
BO_TO   386: size=1048576 offset=0
BO_TO   386: size=1048576 offset=0
BO_TO   386: size=1048576 offset=0
BO_TO   386: size=1048576 offset=0
BO_TO   386: size=1048576 offset=0
BO_TO   386: size=1048576 offset=0
BO_TO   386: size=1048576 offset=0
BO_TO   386: size=1048576 offset=0
BO_TO   386: size=1048576 offset=0
BO_TO   386: size=1048576 offset=0
BO_TO   386: size=1048576 offset=0
BO_TO   386: size=1048576 offset=0
BO_TO   386: size=1048576 offset=0
BO_TO   386: size=1048576 offset=0
BO_TO   386: size=1048576 offset=0
BO_TO   386: size=1048576 offset=0
BO_FROM 386: size=1048576 offset=0 -> /tmp/cap/bo_from_386_1048576.bin
 canBO_TO   387: size=1048576 offset=0
BO_TO   387: size=1048576 offset=0
BO_TO   387: size=1048576 offset=0
BO_TO   387: size=1048576 offset=0
BO_TO   387: size=1048576 offset=0
BO_TO   387: size=1048576 offset=0
BO_TO   387: size=1048576 offset=0
BO_TO   387: size=1048576 offset=0
BO_TO   387: size=1048576 offset=0
BO_TO   387: size=1048576 offset=0
BO_TO   387: size=1048576 offset=0
BO_TO   387: size=1048576 offset=0
BO_TO   387: size=1048576 offset=0
BO_TO   387: size=1048576 offset=0
BO_TO   387: size=1048576 offset=0
BO_TO   387: size=1048576 offset=0
BO_TO   387: size=1048576 offset=0
BO_TO   387: size=1048576 offset=0
BO_TO   387: size=1048576 offset=0
BO_TO   387: size=1048576 offset=0
BO_TO   387: size=1048576 offset=0
BO_TO   387: size=1048576 offset=0
BO_TO   387: size=1048576 offset=0
BO_TO   387: size=1048576 offset=0
BO_TO   387: size=1048576 offset=0
BO_TO   387: size=1048576 offset=0
BO_TO   387: size=1048576 offset=0
BO_TO   387: size=1048576 offset=0
BO_TO   387: size=1048576 offset=0
BO_FROM 387: size=1048576 offset=0 -> /tmp/cap/bo_from_387_1048576.bin
 IBO_TO   388: size=1048576 offset=0
BO_TO   388: size=1048576 offset=0
BO_TO   388: size=1048576 offset=0
BO_TO   388: size=1048576 offset=0
BO_TO   388: size=1048576 offset=0
BO_TO   388: size=1048576 offset=0
BO_TO   388: size=1048576 offset=0
BO_TO   388: size=1048576 offset=0
BO_TO   388: size=1048576 offset=0
BO_TO   388: size=1048576 offset=0
BO_TO   388: size=1048576 offset=0
BO_TO   388: size=1048576 offset=0
BO_TO   388: size=1048576 offset=0
BO_TO   388: size=1048576 offset=0
BO_TO   388: size=1048576 offset=0
BO_TO   388: size=1048576 offset=0
BO_TO   388: size=1048576 offset=0
BO_TO   388: size=1048576 offset=0
BO_TO   388: size=1048576 offset=0
BO_TO   388: size=1048576 offset=0
BO_TO   388: size=1048576 offset=0
BO_TO   388: size=1048576 offset=0
BO_TO   388: size=1048576 offset=0
BO_TO   388: size=1048576 offset=0
BO_TO   388: size=1048576 offset=0
BO_TO   388: size=1048576 offset=0
BO_TO   388: size=1048576 offset=0
BO_TO   388: size=1048576 offset=0
BO_TO   388: size=1048576 offset=0
BO_FROM 388: size=1048576 offset=0 -> /tmp/cap/bo_from_388_1048576.bin
 assistBO_TO   389: size=1048576 offset=0
BO_TO   389: size=1048576 offset=0
BO_TO   389: size=1048576 offset=0
BO_TO   389: size=1048576 offset=0
BO_TO   389: size=1048576 offset=0
BO_TO   389: size=1048576 offset=0
BO_TO   389: size=1048576 offset=0
BO_TO   389: size=1048576 offset=0
BO_TO   389: size=1048576 offset=0
BO_TO   389: size=1048576 offset=0
BO_TO   389: size=1048576 offset=0
BO_TO   389: size=1048576 offset=0
BO_TO   389: size=1048576 offset=0
BO_TO   389: size=1048576 offset=0
BO_TO   389: size=1048576 offset=0
BO_TO   389: size=1048576 offset=0
BO_TO   389: size=1048576 offset=0
BO_TO   389: size=1048576 offset=0
BO_TO   389: size=1048576 offset=0
BO_TO   389: size=1048576 offset=0
BO_TO   389: size=1048576 offset=0
BO_TO   389: size=1048576 offset=0
BO_TO   389: size=1048576 offset=0
BO_TO   389: size=1048576 offset=0
BO_TO   389: size=1048576 offset=0
BO_TO   389: size=1048576 offset=0
BO_TO   389: size=1048576 offset=0
BO_TO   389: size=1048576 offset=0
BO_TO   389: size=1048576 offset=0
BO_FROM 389: size=1048576 offset=0 -> /tmp/cap/bo_from_389_1048576.bin
 youBO_TO   390: size=1048576 offset=0
BO_TO   390: size=1048576 offset=0
BO_TO   390: size=1048576 offset=0
BO_TO   390: size=1048576 offset=0
BO_TO   390: size=1048576 offset=0
BO_TO   390: size=1048576 offset=0
BO_TO   390: size=1048576 offset=0
BO_TO   390: size=1048576 offset=0
BO_TO   390: size=1048576 offset=0
BO_TO   390: size=1048576 offset=0
BO_TO   390: size=1048576 offset=0
BO_TO   390: size=1048576 offset=0
BO_TO   390: size=1048576 offset=0
BO_TO   390: size=1048576 offset=0
BO_TO   390: size=1048576 offset=0
BO_TO   390: size=1048576 offset=0
BO_TO   390: size=1048576 offset=0
BO_TO   390: size=1048576 offset=0
BO_TO   390: size=1048576 offset=0
BO_TO   390: size=1048576 offset=0
BO_TO   390: size=1048576 offset=0
BO_TO   390: size=1048576 offset=0
BO_TO   390: size=1048576 offset=0
BO_TO   390: size=1048576 offset=0
BO_TO   390: size=1048576 offset=0
BO_TO   390: size=1048576 offset=0
BO_TO   390: size=1048576 offset=0
BO_TO   390: size=1048576 offset=0
BO_TO   390: size=1048576 offset=0
BO_FROM 390: size=1048576 offset=0 -> /tmp/cap/bo_from_390_1048576.bin
 todayBO_TO   391: size=1048576 offset=0
BO_TO   391: size=1048576 offset=0
BO_TO   391: size=1048576 offset=0
BO_TO   391: size=1048576 offset=0
BO_TO   391: size=1048576 offset=0
BO_TO   391: size=1048576 offset=0
BO_TO   391: size=1048576 offset=0
BO_TO   391: size=1048576 offset=0
BO_TO   391: size=1048576 offset=0
BO_TO   391: size=1048576 offset=0
BO_TO   391: size=1048576 offset=0
BO_TO   391: size=1048576 offset=0
BO_TO   391: size=1048576 offset=0
BO_TO   391: size=1048576 offset=0
BO_TO   391: size=1048576 offset=0
BO_TO   391: size=1048576 offset=0
BO_TO   391: size=1048576 offset=0
BO_TO   391: size=1048576 offset=0
BO_TO   391: size=1048576 offset=0
BO_TO   391: size=1048576 offset=0
BO_TO   391: size=1048576 offset=0
BO_TO   391: size=1048576 offset=0
BO_TO   391: size=1048576 offset=0
BO_TO   391: size=1048576 offset=0
BO_TO   391: size=1048576 offset=0
BO_TO   391: size=1048576 offset=0
BO_TO   391: size=1048576 offset=0
BO_TO   391: size=1048576 offset=0
BO_TO   391: size=1048576 offset=0
BO_FROM 391: size=1048576 offset=0 -> /tmp/cap/bo_from_391_1048576.bin
?"BO_TO   392: size=1048576 offset=0
BO_TO   392: size=1048576 offset=0
BO_TO   392: size=1048576 offset=0
BO_TO   392: size=1048576 offset=0
BO_TO   392: size=1048576 offset=0
BO_TO   392: size=1048576 offset=0
BO_TO   392: size=1048576 offset=0
BO_TO   392: size=1048576 offset=0
BO_TO   392: size=1048576 offset=0
BO_TO   392: size=1048576 offset=0
BO_TO   392: size=1048576 offset=0
BO_TO   392: size=1048576 offset=0
BO_TO   392: size=1048576 offset=0
BO_TO   392: size=1048576 offset=0
BO_TO   392: size=1048576 offset=0
BO_TO   392: size=1048576 offset=0
BO_TO   392: size=1048576 offset=0
BO_TO   392: size=1048576 offset=0
BO_TO   392: size=1048576 offset=0
BO_TO   392: size=1048576 offset=0
BO_TO   392: size=1048576 offset=0
BO_TO   392: size=1048576 offset=0
BO_TO   392: size=1048576 offset=0
BO_TO   392: size=1048576 offset=0
BO_TO   392: size=1048576 offset=0
BO_TO   392: size=1048576 offset=0
BO_TO   392: size=1048576 offset=0
BO_TO   392: size=1048576 offset=0
BO_TO   392: size=1048576 offset=0
BO_FROM 392: size=1048576 offset=0 -> /tmp/cap/bo_from_392_1048576.bin
 ThatBO_TO   393: size=1048576 offset=0
BO_TO   393: size=1048576 offset=0
BO_TO   393: size=1048576 offset=0
BO_TO   393: size=1048576 offset=0
BO_TO   393: size=1048576 offset=0
BO_TO   393: size=1048576 offset=0
BO_TO   393: size=1048576 offset=0
BO_TO   393: size=1048576 offset=0
BO_TO   393: size=1048576 offset=0
BO_TO   393: size=1048576 offset=0
BO_TO   393: size=1048576 offset=0
BO_TO   393: size=1048576 offset=0
BO_TO   393: size=1048576 offset=0
BO_TO   393: size=1048576 offset=0
BO_TO   393: size=1048576 offset=0
BO_TO   393: size=1048576 offset=0
BO_TO   393: size=1048576 offset=0
BO_TO   393: size=1048576 offset=0
BO_TO   393: size=1048576 offset=0
BO_TO   393: size=1048576 offset=0
BO_TO   393: size=1048576 offset=0
BO_TO   393: size=1048576 offset=0
BO_TO   393: size=1048576 offset=0
BO_TO   393: size=1048576 offset=0
BO_TO   393: size=1048576 offset=0
BO_TO   393: size=1048576 offset=0
BO_TO   393: size=1048576 offset=0
BO_TO   393: size=1048576 offset=0
BO_TO   393: size=1048576 offset=0
BO_FROM 393: size=1048576 offset=0 -> /tmp/cap/bo_from_393_1048576.bin
 showsBO_TO   394: size=1048576 offset=0
BO_TO   394: size=1048576 offset=0
BO_TO   394: size=1048576 offset=0
BO_TO   394: size=1048576 offset=0
BO_TO   394: size=1048576 offset=0
BO_TO   394: size=1048576 offset=0
BO_TO   394: size=1048576 offset=0
BO_TO   394: size=1048576 offset=0
BO_TO   394: size=1048576 offset=0
BO_TO   394: size=1048576 offset=0
BO_TO   394: size=1048576 offset=0
BO_TO   394: size=1048576 offset=0
BO_TO   394: size=1048576 offset=0
BO_TO   394: size=1048576 offset=0
BO_TO   394: size=1048576 offset=0
BO_TO   394: size=1048576 offset=0
BO_TO   394: size=1048576 offset=0
BO_TO   394: size=1048576 offset=0
BO_TO   394: size=1048576 offset=0
BO_TO   394: size=1048576 offset=0
BO_TO   394: size=1048576 offset=0
BO_TO   394: size=1048576 offset=0
BO_TO   394: size=1048576 offset=0
BO_TO   394: size=1048576 offset=0
BO_TO   394: size=1048576 offset=0
BO_TO   394: size=1048576 offset=0
BO_TO   394: size=1048576 offset=0
BO_TO   394: size=1048576 offset=0
BO_TO   394: size=1048576 offset=0
BO_FROM 394: size=1048576 offset=0 -> /tmp/cap/bo_from_394_1048576.bin
 willingnessBO_TO   395: size=1048576 offset=0
BO_TO   395: size=1048576 offset=0
BO_TO   395: size=1048576 offset=0
BO_TO   395: size=1048576 offset=0
BO_TO   395: size=1048576 offset=0
BO_TO   395: size=1048576 offset=0
BO_TO   395: size=1048576 offset=0
BO_TO   395: size=1048576 offset=0
BO_TO   395: size=1048576 offset=0
BO_TO   395: size=1048576 offset=0
BO_TO   395: size=1048576 offset=0
BO_TO   395: size=1048576 offset=0
BO_TO   395: size=1048576 offset=0
BO_TO   395: size=1048576 offset=0
BO_TO   395: size=1048576 offset=0
BO_TO   395: size=1048576 offset=0
BO_TO   395: size=1048576 offset=0
BO_TO   395: size=1048576 offset=0
BO_TO   395: size=1048576 offset=0
BO_TO   395: size=1048576 offset=0
BO_TO   395: size=1048576 offset=0
BO_TO   395: size=1048576 offset=0
BO_TO   395: size=1048576 offset=0
BO_TO   395: size=1048576 offset=0
BO_TO   395: size=1048576 offset=0
BO_TO   395: size=1048576 offset=0
BO_TO   395: size=1048576 offset=0
BO_TO   395: size=1048576 offset=0
BO_TO   395: size=1048576 offset=0
BO_FROM 395: size=1048576 offset=0 -> /tmp/cap/bo_from_395_1048576.bin
 toBO_TO   396: size=1048576 offset=0
BO_TO   396: size=1048576 offset=0
BO_TO   396: size=1048576 offset=0
BO_TO   396: size=1048576 offset=0
BO_TO   396: size=1048576 offset=0
BO_TO   396: size=1048576 offset=0
BO_TO   396: size=1048576 offset=0
BO_TO   396: size=1048576 offset=0
BO_TO   396: size=1048576 offset=0
BO_TO   396: size=1048576 offset=0
BO_TO   396: size=1048576 offset=0
BO_TO   396: size=1048576 offset=0
BO_TO   396: size=1048576 offset=0
BO_TO   396: size=1048576 offset=0
BO_TO   396: size=1048576 offset=0
BO_TO   396: size=1048576 offset=0
BO_TO   396: size=1048576 offset=0
BO_TO   396: size=1048576 offset=0
BO_TO   396: size=1048576 offset=0
BO_TO   396: size=1048576 offset=0
BO_TO   396: size=1048576 offset=0
BO_TO   396: size=1048576 offset=0
BO_TO   396: size=1048576 offset=0
BO_TO   396: size=1048576 offset=0
BO_TO   396: size=1048576 offset=0
BO_TO   396: size=1048576 offset=0
BO_TO   396: size=1048576 offset=0
BO_TO   396: size=1048576 offset=0
BO_TO   396: size=1048576 offset=0
BO_FROM 396: size=1048576 offset=0 -> /tmp/cap/bo_from_396_1048576.bin
 helpBO_TO   397: size=1048576 offset=0
BO_TO   397: size=1048576 offset=0
BO_TO   397: size=1048576 offset=0
BO_TO   397: size=1048576 offset=0
BO_TO   397: size=1048576 offset=0
BO_TO   397: size=1048576 offset=0
BO_TO   397: size=1048576 offset=0
BO_TO   397: size=1048576 offset=0
BO_TO   397: size=1048576 offset=0
BO_TO   397: size=1048576 offset=0
BO_TO   397: size=1048576 offset=0
BO_TO   397: size=1048576 offset=0
BO_TO   397: size=1048576 offset=0
BO_TO   397: size=1048576 offset=0
BO_TO   397: size=1048576 offset=0
BO_TO   397: size=1048576 offset=0
BO_TO   397: size=1048576 offset=0
BO_TO   397: size=1048576 offset=0
BO_TO   397: size=1048576 offset=0
BO_TO   397: size=1048576 offset=0
BO_TO   397: size=1048576 offset=0
BO_TO   397: size=1048576 offset=0
BO_TO   397: size=1048576 offset=0
BO_TO   397: size=1048576 offset=0
BO_TO   397: size=1048576 offset=0
BO_TO   397: size=1048576 offset=0
BO_TO   397: size=1048576 offset=0
BO_TO   397: size=1048576 offset=0
BO_TO   397: size=1048576 offset=0
BO_FROM 397: size=1048576 offset=0 -> /tmp/cap/bo_from_397_1048576.bin
 andBO_TO   398: size=1048576 offset=0
BO_TO   398: size=1048576 offset=0
BO_TO   398: size=1048576 offset=0
BO_TO   398: size=1048576 offset=0
BO_TO   398: size=1048576 offset=0
BO_TO   398: size=1048576 offset=0
BO_TO   398: size=1048576 offset=0
BO_TO   398: size=1048576 offset=0
BO_TO   398: size=1048576 offset=0
BO_TO   398: size=1048576 offset=0
BO_TO   398: size=1048576 offset=0
BO_TO   398: size=1048576 offset=0
BO_TO   398: size=1048576 offset=0
BO_TO   398: size=1048576 offset=0
BO_TO   398: size=1048576 offset=0
BO_TO   398: size=1048576 offset=0
BO_TO   398: size=1048576 offset=0
BO_TO   398: size=1048576 offset=0
BO_TO   398: size=1048576 offset=0
BO_TO   398: size=1048576 offset=0
BO_TO   398: size=1048576 offset=0
BO_TO   398: size=1048576 offset=0
BO_TO   398: size=1048576 offset=0
BO_TO   398: size=1048576 offset=0
BO_TO   398: size=1048576 offset=0
BO_TO   398: size=1048576 offset=0
BO_TO   398: size=1048576 offset=0
BO_TO   398: size=1048576 offset=0
BO_TO   398: size=1048576 offset=0
BO_FROM 398: size=1048576 offset=0 -> /tmp/cap/bo_from_398_1048576.bin
 keepsBO_TO   399: size=1048576 offset=0
BO_TO   399: size=1048576 offset=0
BO_TO   399: size=1048576 offset=0
BO_TO   399: size=1048576 offset=0
BO_TO   399: size=1048576 offset=0
BO_TO   399: size=1048576 offset=0
BO_TO   399: size=1048576 offset=0
BO_TO   399: size=1048576 offset=0
BO_TO   399: size=1048576 offset=0
BO_TO   399: size=1048576 offset=0
BO_TO   399: size=1048576 offset=0
BO_TO   399: size=1048576 offset=0
BO_TO   399: size=1048576 offset=0
BO_TO   399: size=1048576 offset=0
BO_TO   399: size=1048576 offset=0
BO_TO   399: size=1048576 offset=0
BO_TO   399: size=1048576 offset=0
BO_TO   399: size=1048576 offset=0
BO_TO   399: size=1048576 offset=0
BO_TO   399: size=1048576 offset=0
BO_TO   399: size=1048576 offset=0
BO_TO   399: size=1048576 offset=0
BO_TO   399: size=1048576 offset=0
BO_TO   399: size=1048576 offset=0
BO_TO   399: size=1048576 offset=0
BO_TO   399: size=1048576 offset=0
BO_TO   399: size=1048576 offset=0
BO_TO   399: size=1048576 offset=0
BO_TO   399: size=1048576 offset=0
BO_FROM 399: size=1048576 offset=0 -> /tmp/cap/bo_from_399_1048576.bin
 theBO_TO   400: size=1048576 offset=0
BO_TO   400: size=1048576 offset=0
BO_TO   400: size=1048576 offset=0
BO_TO   400: size=1048576 offset=0
BO_TO   400: size=1048576 offset=0
BO_TO   400: size=1048576 offset=0
BO_TO   400: size=1048576 offset=0
BO_TO   400: size=1048576 offset=0
BO_TO   400: size=1048576 offset=0
BO_TO   400: size=1048576 offset=0
BO_TO   400: size=1048576 offset=0
BO_TO   400: size=1048576 offset=0
BO_TO   400: size=1048576 offset=0
BO_TO   400: size=1048576 offset=0
BO_TO   400: size=1048576 offset=0
BO_TO   400: size=1048576 offset=0
BO_TO   400: size=1048576 offset=0
BO_TO   400: size=1048576 offset=0
BO_TO   400: size=1048576 offset=0
BO_TO   400: size=1048576 offset=0
BO_TO   400: size=1048576 offset=0
BO_TO   400: size=1048576 offset=0
BO_TO   400: size=1048576 offset=0
BO_TO   400: size=1048576 offset=0
BO_TO   400: size=1048576 offset=0
BO_TO   400: size=1048576 offset=0
BO_TO   400: size=1048576 offset=0
BO_TO   400: size=1048576 offset=0
BO_TO   400: size=1048576 offset=0
BO_FROM 400: size=1048576 offset=0 -> /tmp/cap/bo_from_400_1048576.bin
 conversationBO_TO   401: size=1048576 offset=0
BO_TO   401: size=1048576 offset=0
BO_TO   401: size=1048576 offset=0
BO_TO   401: size=1048576 offset=0
BO_TO   401: size=1048576 offset=0
BO_TO   401: size=1048576 offset=0
BO_TO   401: size=1048576 offset=0
BO_TO   401: size=1048576 offset=0
BO_TO   401: size=1048576 offset=0
BO_TO   401: size=1048576 offset=0
BO_TO   401: size=1048576 offset=0
BO_TO   401: size=1048576 offset=0
BO_TO   401: size=1048576 offset=0
BO_TO   401: size=1048576 offset=0
BO_TO   401: size=1048576 offset=0
BO_TO   401: size=1048576 offset=0
BO_TO   401: size=1048576 offset=0
BO_TO   401: size=1048576 offset=0
BO_TO   401: size=1048576 offset=0
BO_TO   401: size=1048576 offset=0
BO_TO   401: size=1048576 offset=0
BO_TO   401: size=1048576 offset=0
BO_TO   401: size=1048576 offset=0
BO_TO   401: size=1048576 offset=0
BO_TO   401: size=1048576 offset=0
BO_TO   401: size=1048576 offset=0
BO_TO   401: size=1048576 offset=0
BO_TO   401: size=1048576 offset=0
BO_TO   401: size=1048576 offset=0
BO_FROM 401: size=1048576 offset=0 -> /tmp/cap/bo_from_401_1048576.bin
 goingBO_TO   402: size=1048576 offset=0
BO_TO   402: size=1048576 offset=0
BO_TO   402: size=1048576 offset=0
BO_TO   402: size=1048576 offset=0
BO_TO   402: size=1048576 offset=0
BO_TO   402: size=1048576 offset=0
BO_TO   402: size=1048576 offset=0
BO_TO   402: size=1048576 offset=0
BO_TO   402: size=1048576 offset=0
BO_TO   402: size=1048576 offset=0
BO_TO   402: size=1048576 offset=0
BO_TO   402: size=1048576 offset=0
BO_TO   402: size=1048576 offset=0
BO_TO   402: size=1048576 offset=0
BO_TO   402: size=1048576 offset=0
BO_TO   402: size=1048576 offset=0
BO_TO   402: size=1048576 offset=0
BO_TO   402: size=1048576 offset=0
BO_TO   402: size=1048576 offset=0
BO_TO   402: size=1048576 offset=0
BO_TO   402: size=1048576 offset=0
BO_TO   402: size=1048576 offset=0
BO_TO   402: size=1048576 offset=0
BO_TO   402: size=1048576 offset=0
BO_TO   402: size=1048576 offset=0
BO_TO   402: size=1048576 offset=0
BO_TO   402: size=1048576 offset=0
BO_TO   402: size=1048576 offset=0
BO_TO   402: size=1048576 offset=0
BO_FROM 402: size=1048576 offset=0 -> /tmp/cap/bo_from_402_1048576.bin
.BO_TO   403: size=1048576 offset=0
BO_TO   403: size=1048576 offset=0
BO_TO   403: size=1048576 offset=0
BO_TO   403: size=1048576 offset=0
BO_TO   403: size=1048576 offset=0
BO_TO   403: size=1048576 offset=0
BO_TO   403: size=1048576 offset=0
BO_TO   403: size=1048576 offset=0
BO_TO   403: size=1048576 offset=0
BO_TO   403: size=1048576 offset=0
BO_TO   403: size=1048576 offset=0
BO_TO   403: size=1048576 offset=0
BO_TO   403: size=1048576 offset=0
BO_TO   403: size=1048576 offset=0
BO_TO   403: size=1048576 offset=0
BO_TO   403: size=1048576 offset=0
BO_TO   403: size=1048576 offset=0
BO_TO   403: size=1048576 offset=0
BO_TO   403: size=1048576 offset=0
BO_TO   403: size=1048576 offset=0
BO_TO   403: size=1048576 offset=0
BO_TO   403: size=1048576 offset=0
BO_TO   403: size=1048576 offset=0
BO_TO   403: size=1048576 offset=0
BO_TO   403: size=1048576 offset=0
BO_TO   403: size=1048576 offset=0
BO_TO   403: size=1048576 offset=0
BO_TO   403: size=1048576 offset=0
BO_TO   403: size=1048576 offset=0
BO_FROM 403: size=1048576 offset=0 -> /tmp/cap/bo_from_403_1048576.bin
 AlternativelyBO_TO   404: size=1048576 offset=0
BO_TO   404: size=1048576 offset=0
BO_TO   404: size=1048576 offset=0
BO_TO   404: size=1048576 offset=0
BO_TO   404: size=1048576 offset=0
BO_TO   404: size=1048576 offset=0
BO_TO   404: size=1048576 offset=0
BO_TO   404: size=1048576 offset=0
BO_TO   404: size=1048576 offset=0
BO_TO   404: size=1048576 offset=0
BO_TO   404: size=1048576 offset=0
BO_TO   404: size=1048576 offset=0
BO_TO   404: size=1048576 offset=0
BO_TO   404: size=1048576 offset=0
BO_TO   404: size=1048576 offset=0
BO_TO   404: size=1048576 offset=0
BO_TO   404: size=1048576 offset=0
BO_TO   404: size=1048576 offset=0
BO_TO   404: size=1048576 offset=0
BO_TO   404: size=1048576 offset=0
BO_TO   404: size=1048576 offset=0
BO_TO   404: size=1048576 offset=0
BO_TO   404: size=1048576 offset=0
BO_TO   404: size=1048576 offset=0
BO_TO   404: size=1048576 offset=0
BO_TO   404: size=1048576 offset=0
BO_TO   404: size=1048576 offset=0
BO_TO   404: size=1048576 offset=0
BO_TO   404: size=1048576 offset=0
BO_FROM 404: size=1048576 offset=0 -> /tmp/cap/bo_from_404_1048576.bin
,BO_TO   405: size=1048576 offset=0
BO_TO   405: size=1048576 offset=0
BO_TO   405: size=1048576 offset=0
BO_TO   405: size=1048576 offset=0
BO_TO   405: size=1048576 offset=0
BO_TO   405: size=1048576 offset=0
BO_TO   405: size=1048576 offset=0
BO_TO   405: size=1048576 offset=0
BO_TO   405: size=1048576 offset=0
BO_TO   405: size=1048576 offset=0
BO_TO   405: size=1048576 offset=0
BO_TO   405: size=1048576 offset=0
BO_TO   405: size=1048576 offset=0
BO_TO   405: size=1048576 offset=0
BO_TO   405: size=1048576 offset=0
BO_TO   405: size=1048576 offset=0
BO_TO   405: size=1048576 offset=0
BO_TO   405: size=1048576 offset=0
BO_TO   405: size=1048576 offset=0
BO_TO   405: size=1048576 offset=0
BO_TO   405: size=1048576 offset=0
BO_TO   405: size=1048576 offset=0
BO_TO   405: size=1048576 offset=0
BO_TO   405: size=1048576 offset=0
BO_TO   405: size=1048576 offset=0
BO_TO   405: size=1048576 offset=0
BO_TO   405: size=1048576 offset=0
BO_TO   405: size=1048576 offset=0
BO_TO   405: size=1048576 offset=0
BO_FROM 405: size=1048576 offset=0 -> /tmp/cap/bo_from_405_1048576.bin
 aBO_TO   406: size=1048576 offset=0
BO_TO   406: size=1048576 offset=0
BO_TO   406: size=1048576 offset=0
BO_TO   406: size=1048576 offset=0
BO_TO   406: size=1048576 offset=0
BO_TO   406: size=1048576 offset=0
BO_TO   406: size=1048576 offset=0
BO_TO   406: size=1048576 offset=0
BO_TO   406: size=1048576 offset=0
BO_TO   406: size=1048576 offset=0
BO_TO   406: size=1048576 offset=0
BO_TO   406: size=1048576 offset=0
BO_TO   406: size=1048576 offset=0
BO_TO   406: size=1048576 offset=0
BO_TO   406: size=1048576 offset=0
BO_TO   406: size=1048576 offset=0
BO_TO   406: size=1048576 offset=0
BO_TO   406: size=1048576 offset=0
BO_TO   406: size=1048576 offset=0
BO_TO   406: size=1048576 offset=0
BO_TO   406: size=1048576 offset=0
BO_TO   406: size=1048576 offset=0
BO_TO   406: size=1048576 offset=0
BO_TO   406: size=1048576 offset=0
BO_TO   406: size=1048576 offset=0
BO_TO   406: size=1048576 offset=0
BO_TO   406: size=1048576 offset=0
BO_TO   406: size=1048576 offset=0
BO_TO   406: size=1048576 offset=0
BO_FROM 406: size=1048576 offset=0 -> /tmp/cap/bo_from_406_1048576.bin
 playfulBO_TO   407: size=1048576 offset=0
BO_TO   407: size=1048576 offset=0
BO_TO   407: size=1048576 offset=0
BO_TO   407: size=1048576 offset=0
BO_TO   407: size=1048576 offset=0
BO_TO   407: size=1048576 offset=0
BO_TO   407: size=1048576 offset=0
BO_TO   407: size=1048576 offset=0
BO_TO   407: size=1048576 offset=0
BO_TO   407: size=1048576 offset=0
BO_TO   407: size=1048576 offset=0
BO_TO   407: size=1048576 offset=0
BO_TO   407: size=1048576 offset=0
BO_TO   407: size=1048576 offset=0
BO_TO   407: size=1048576 offset=0
BO_TO   407: size=1048576 offset=0
BO_TO   407: size=1048576 offset=0
BO_TO   407: size=1048576 offset=0
BO_TO   407: size=1048576 offset=0
BO_TO   407: size=1048576 offset=0
BO_TO   407: size=1048576 offset=0
BO_TO   407: size=1048576 offset=0
BO_TO   407: size=1048576 offset=0
BO_TO   407: size=1048576 offset=0
BO_TO   407: size=1048576 offset=0
BO_TO   407: size=1048576 offset=0
BO_TO   407: size=1048576 offset=0
BO_TO   407: size=1048576 offset=0
BO_TO   407: size=1048576 offset=0
BO_FROM 407: size=1048576 offset=0 -> /tmp/cap/bo_from_407_1048576.bin
 wayBO_TO   408: size=1048576 offset=0
BO_TO   408: size=1048576 offset=0
BO_TO   408: size=1048576 offset=0
BO_TO   408: size=1048576 offset=0
BO_TO   408: size=1048576 offset=0
BO_TO   408: size=1048576 offset=0
BO_TO   408: size=1048576 offset=0
BO_TO   408: size=1048576 offset=0
BO_TO   408: size=1048576 offset=0
BO_TO   408: size=1048576 offset=0
BO_TO   408: size=1048576 offset=0
BO_TO   408: size=1048576 offset=0
BO_TO   408: size=1048576 offset=0
BO_TO   408: size=1048576 offset=0
BO_TO   408: size=1048576 offset=0
BO_TO   408: size=1048576 offset=0
BO_TO   408: size=1048576 offset=0
BO_TO   408: size=1048576 offset=0
BO_TO   408: size=1048576 offset=0
BO_TO   408: size=1048576 offset=0
BO_TO   408: size=1048576 offset=0
BO_TO   408: size=1048576 offset=0
BO_TO   408: size=1048576 offset=0
BO_TO   408: size=1048576 offset=0
BO_TO   408: size=1048576 offset=0
BO_TO   408: size=1048576 offset=0
BO_TO   408: size=1048576 offset=0
BO_TO   408: size=1048576 offset=0
BO_TO   408: size=1048576 offset=0
BO_FROM 408: size=1048576 offset=0 -> /tmp/cap/bo_from_408_1048576.bin
 likeBO_TO   409: size=1048576 offset=0
BO_TO   409: size=1048576 offset=0
BO_TO   409: size=1048576 offset=0
BO_TO   409: size=1048576 offset=0
BO_TO   409: size=1048576 offset=0
BO_TO   409: size=1048576 offset=0
BO_TO   409: size=1048576 offset=0
BO_TO   409: size=1048576 offset=0
BO_TO   409: size=1048576 offset=0
BO_TO   409: size=1048576 offset=0
BO_TO   409: size=1048576 offset=0
BO_TO   409: size=1048576 offset=0
BO_TO   409: size=1048576 offset=0
BO_TO   409: size=1048576 offset=0
BO_TO   409: size=1048576 offset=0
BO_TO   409: size=1048576 offset=0
BO_TO   409: size=1048576 offset=0
BO_TO   409: size=1048576 offset=0
BO_TO   409: size=1048576 offset=0
BO_TO   409: size=1048576 offset=0
BO_TO   409: size=1048576 offset=0
BO_TO   409: size=1048576 offset=0
BO_TO   409: size=1048576 offset=0
BO_TO   409: size=1048576 offset=0
BO_TO   409: size=1048576 offset=0
BO_TO   409: size=1048576 offset=0
BO_TO   409: size=1048576 offset=0
BO_TO   409: size=1048576 offset=0
BO_TO   409: size=1048576 offset=0
BO_FROM 409: size=1048576 offset=0 -> /tmp/cap/bo_from_409_1048576.bin
 "BO_TO   410: size=1048576 offset=0
BO_TO   410: size=1048576 offset=0
BO_TO   410: size=1048576 offset=0
BO_TO   410: size=1048576 offset=0
BO_TO   410: size=1048576 offset=0
BO_TO   410: size=1048576 offset=0
BO_TO   410: size=1048576 offset=0
BO_TO   410: size=1048576 offset=0
BO_TO   410: size=1048576 offset=0
BO_TO   410: size=1048576 offset=0
BO_TO   410: size=1048576 offset=0
BO_TO   410: size=1048576 offset=0
BO_TO   410: size=1048576 offset=0
BO_TO   410: size=1048576 offset=0
BO_TO   410: size=1048576 offset=0
BO_TO   410: size=1048576 offset=0
BO_TO   410: size=1048576 offset=0
BO_TO   410: size=1048576 offset=0
BO_TO   410: size=1048576 offset=0
BO_TO   410: size=1048576 offset=0
BO_TO   410: size=1048576 offset=0
BO_TO   410: size=1048576 offset=0
BO_TO   410: size=1048576 offset=0
BO_TO   410: size=1048576 offset=0
BO_TO   410: size=1048576 offset=0
BO_TO   410: size=1048576 offset=0
BO_TO   410: size=1048576 offset=0
BO_TO   410: size=1048576 offset=0
BO_TO   410: size=1048576 offset=0
BO_FROM 410: size=1048576 offset=0 -> /tmp/cap/bo_from_410_1048576.bin
HeyBO_TO   411: size=1048576 offset=0
BO_TO   411: size=1048576 offset=0
BO_TO   411: size=1048576 offset=0
BO_TO   411: size=1048576 offset=0
BO_TO   411: size=1048576 offset=0
BO_TO   411: size=1048576 offset=0
BO_TO   411: size=1048576 offset=0
BO_TO   411: size=1048576 offset=0
BO_TO   411: size=1048576 offset=0
BO_TO   411: size=1048576 offset=0
BO_TO   411: size=1048576 offset=0
BO_TO   411: size=1048576 offset=0
BO_TO   411: size=1048576 offset=0
BO_TO   411: size=1048576 offset=0
BO_TO   411: size=1048576 offset=0
BO_TO   411: size=1048576 offset=0
BO_TO   411: size=1048576 offset=0
BO_TO   411: size=1048576 offset=0
BO_TO   411: size=1048576 offset=0
BO_TO   411: size=1048576 offset=0
BO_TO   411: size=1048576 offset=0
BO_TO   411: size=1048576 offset=0
BO_TO   411: size=1048576 offset=0
BO_TO   411: size=1048576 offset=0
BO_TO   411: size=1048576 offset=0
BO_TO   411: size=1048576 offset=0
BO_TO   411: size=1048576 offset=0
BO_TO   411: size=1048576 offset=0
BO_TO   411: size=1048576 offset=0
BO_FROM 411: size=1048576 offset=0 -> /tmp/cap/bo_from_411_1048576.bin
 thereBO_TO   412: size=1048576 offset=0
BO_TO   412: size=1048576 offset=0
BO_TO   412: size=1048576 offset=0
BO_TO   412: size=1048576 offset=0
BO_TO   412: size=1048576 offset=0
BO_TO   412: size=1048576 offset=0
BO_TO   412: size=1048576 offset=0
BO_TO   412: size=1048576 offset=0
BO_TO   412: size=1048576 offset=0
BO_TO   412: size=1048576 offset=0
BO_TO   412: size=1048576 offset=0
BO_TO   412: size=1048576 offset=0
BO_TO   412: size=1048576 offset=0
BO_TO   412: size=1048576 offset=0
BO_TO   412: size=1048576 offset=0
BO_TO   412: size=1048576 offset=0
BO_TO   412: size=1048576 offset=0
BO_TO   412: size=1048576 offset=0
BO_TO   412: size=1048576 offset=0
BO_TO   412: size=1048576 offset=0
BO_TO   412: size=1048576 offset=0
BO_TO   412: size=1048576 offset=0
BO_TO   412: size=1048576 offset=0
BO_TO   412: size=1048576 offset=0
BO_TO   412: size=1048576 offset=0
BO_TO   412: size=1048576 offset=0
BO_TO   412: size=1048576 offset=0
BO_TO   412: size=1048576 offset=0
BO_TO   412: size=1048576 offset=0
BO_FROM 412: size=1048576 offset=0 -> /tmp/cap/bo_from_412_1048576.bin
!BO_TO   413: size=1048576 offset=0
BO_TO   413: size=1048576 offset=0
BO_TO   413: size=1048576 offset=0
BO_TO   413: size=1048576 offset=0
BO_TO   413: size=1048576 offset=0
BO_TO   413: size=1048576 offset=0
BO_TO   413: size=1048576 offset=0
BO_TO   413: size=1048576 offset=0
BO_TO   413: size=1048576 offset=0
BO_TO   413: size=1048576 offset=0
BO_TO   413: size=1048576 offset=0
BO_TO   413: size=1048576 offset=0
BO_TO   413: size=1048576 offset=0
BO_TO   413: size=1048576 offset=0
BO_TO   413: size=1048576 offset=0
BO_TO   413: size=1048576 offset=0
BO_TO   413: size=1048576 offset=0
BO_TO   413: size=1048576 offset=0
BO_TO   413: size=1048576 offset=0
BO_TO   413: size=1048576 offset=0
BO_TO   413: size=1048576 offset=0
BO_TO   413: size=1048576 offset=0
BO_TO   413: size=1048576 offset=0
BO_TO   413: size=1048576 offset=0
BO_TO   413: size=1048576 offset=0
BO_TO   413: size=1048576 offset=0
BO_TO   413: size=1048576 offset=0
BO_TO   413: size=1048576 offset=0
BO_TO   413: size=1048576 offset=0
BO_FROM 413: size=1048576 offset=0 -> /tmp/cap/bo_from_413_1048576.bin
 WhatBO_TO   414: size=1048576 offset=0
BO_TO   414: size=1048576 offset=0
BO_TO   414: size=1048576 offset=0
BO_TO   414: size=1048576 offset=0
BO_TO   414: size=1048576 offset=0
BO_TO   414: size=1048576 offset=0
BO_TO   414: size=1048576 offset=0
BO_TO   414: size=1048576 offset=0
BO_TO   414: size=1048576 offset=0
BO_TO   414: size=1048576 offset=0
BO_TO   414: size=1048576 offset=0
BO_TO   414: size=1048576 offset=0
BO_TO   414: size=1048576 offset=0
BO_TO   414: size=1048576 offset=0
BO_TO   414: size=1048576 offset=0
BO_TO   414: size=1048576 offset=0
BO_TO   414: size=1048576 offset=0
BO_TO   414: size=1048576 offset=0
BO_TO   414: size=1048576 offset=0
BO_TO   414: size=1048576 offset=0
BO_TO   414: size=1048576 offset=0
BO_TO   414: size=1048576 offset=0
BO_TO   414: size=1048576 offset=0
BO_TO   414: size=1048576 offset=0
BO_TO   414: size=1048576 offset=0
BO_TO   414: size=1048576 offset=0
BO_TO   414: size=1048576 offset=0
BO_TO   414: size=1048576 offset=0
BO_TO   414: size=1048576 offset=0
BO_FROM 414: size=1048576 offset=0 -> /tmp/cap/bo_from_414_1048576.bin
'sBO_TO   415: size=1048576 offset=0
BO_TO   415: size=1048576 offset=0
BO_TO   415: size=1048576 offset=0
BO_TO   415: size=1048576 offset=0
BO_TO   415: size=1048576 offset=0
BO_TO   415: size=1048576 offset=0
BO_TO   415: size=1048576 offset=0
BO_TO   415: size=1048576 offset=0
BO_TO   415: size=1048576 offset=0
BO_TO   415: size=1048576 offset=0
BO_TO   415: size=1048576 offset=0
BO_TO   415: size=1048576 offset=0
BO_TO   415: size=1048576 offset=0
BO_TO   415: size=1048576 offset=0
BO_TO   415: size=1048576 offset=0
BO_TO   415: size=1048576 offset=0
BO_TO   415: size=1048576 offset=0
BO_TO   415: size=1048576 offset=0
BO_TO   415: size=1048576 offset=0
BO_TO   415: size=1048576 offset=0
BO_TO   415: size=1048576 offset=0
BO_TO   415: size=1048576 offset=0
BO_TO   415: size=1048576 offset=0
BO_TO   415: size=1048576 offset=0
BO_TO   415: size=1048576 offset=0
BO_TO   415: size=1048576 offset=0
BO_TO   415: size=1048576 offset=0
BO_TO   415: size=1048576 offset=0
BO_TO   415: size=1048576 offset=0
BO_FROM 415: size=1048576 offset=0 -> /tmp/cap/bo_from_415_1048576.bin
 upBO_TO   416: size=1048576 offset=0
BO_TO   416: size=1048576 offset=0
BO_TO   416: size=1048576 offset=0
BO_TO   416: size=1048576 offset=0
BO_TO   416: size=1048576 offset=0
BO_TO   416: size=1048576 offset=0
BO_TO   416: size=1048576 offset=0
BO_TO   416: size=1048576 offset=0
BO_TO   416: size=1048576 offset=0
BO_TO   416: size=1048576 offset=0
BO_TO   416: size=1048576 offset=0
BO_TO   416: size=1048576 offset=0
BO_TO   416: size=1048576 offset=0
BO_TO   416: size=1048576 offset=0
BO_TO   416: size=1048576 offset=0
BO_TO   416: size=1048576 offset=0
BO_TO   416: size=1048576 offset=0
BO_TO   416: size=1048576 offset=0
BO_TO   416: size=1048576 offset=0
BO_TO   416: size=1048576 offset=0
BO_TO   416: size=1048576 offset=0
BO_TO   416: size=1048576 offset=0
BO_TO   416: size=1048576 offset=0
BO_TO   416: size=1048576 offset=0
BO_TO   416: size=1048576 offset=0
BO_TO   416: size=1048576 offset=0
BO_TO   416: size=1048576 offset=0
BO_TO   416: size=1048576 offset=0
BO_TO   416: size=1048576 offset=0
BO_FROM 416: size=1048576 offset=0 -> /tmp/cap/bo_from_416_1048576.bin
?"BO_TO   417: size=1048576 offset=0
BO_TO   417: size=1048576 offset=0
BO_TO   417: size=1048576 offset=0
BO_TO   417: size=1048576 offset=0
BO_TO   417: size=1048576 offset=0
BO_TO   417: size=1048576 offset=0
BO_TO   417: size=1048576 offset=0
BO_TO   417: size=1048576 offset=0
BO_TO   417: size=1048576 offset=0
BO_TO   417: size=1048576 offset=0
BO_TO   417: size=1048576 offset=0
BO_TO   417: size=1048576 offset=0
BO_TO   417: size=1048576 offset=0
BO_TO   417: size=1048576 offset=0
BO_TO   417: size=1048576 offset=0
BO_TO   417: size=1048576 offset=0
BO_TO   417: size=1048576 offset=0
BO_TO   417: size=1048576 offset=0
BO_TO   417: size=1048576 offset=0
BO_TO   417: size=1048576 offset=0
BO_TO   417: size=1048576 offset=0
BO_TO   417: size=1048576 offset=0
BO_TO   417: size=1048576 offset=0
BO_TO   417: size=1048576 offset=0
BO_TO   417: size=1048576 offset=0
BO_TO   417: size=1048576 offset=0
BO_TO   417: size=1048576 offset=0
BO_TO   417: size=1048576 offset=0
BO_TO   417: size=1048576 offset=0
BO_FROM 417: size=1048576 offset=0 -> /tmp/cap/bo_from_417_1048576.bin
 wouldBO_TO   418: size=1048576 offset=0
BO_TO   418: size=1048576 offset=0
BO_TO   418: size=1048576 offset=0
BO_TO   418: size=1048576 offset=0
BO_TO   418: size=1048576 offset=0
BO_TO   418: size=1048576 offset=0
BO_TO   418: size=1048576 offset=0
BO_TO   418: size=1048576 offset=0
BO_TO   418: size=1048576 offset=0
BO_TO   418: size=1048576 offset=0
BO_TO   418: size=1048576 offset=0
BO_TO   418: size=1048576 offset=0
BO_TO   418: size=1048576 offset=0
BO_TO   418: size=1048576 offset=0
BO_TO   418: size=1048576 offset=0
BO_TO   418: size=1048576 offset=0
BO_TO   418: size=1048576 offset=0
BO_TO   418: size=1048576 offset=0
BO_TO   418: size=1048576 offset=0
BO_TO   418: size=1048576 offset=0
BO_TO   418: size=1048576 offset=0
BO_TO   418: size=1048576 offset=0
BO_TO   418: size=1048576 offset=0
BO_TO   418: size=1048576 offset=0
BO_TO   418: size=1048576 offset=0
BO_TO   418: size=1048576 offset=0
BO_TO   418: size=1048576 offset=0
BO_TO   418: size=1048576 offset=0
BO_TO   418: size=1048576 offset=0
BO_FROM 418: size=1048576 offset=0 -> /tmp/cap/bo_from_418_1048576.bin
 alsoBO_TO   419: size=1048576 offset=0
BO_TO   419: size=1048576 offset=0
BO_TO   419: size=1048576 offset=0
BO_TO   419: size=1048576 offset=0
BO_TO   419: size=1048576 offset=0
BO_TO   419: size=1048576 offset=0
BO_TO   419: size=1048576 offset=0
BO_TO   419: size=1048576 offset=0
BO_TO   419: size=1048576 offset=0
BO_TO   419: size=1048576 offset=0
BO_TO   419: size=1048576 offset=0
BO_TO   419: size=1048576 offset=0
BO_TO   419: size=1048576 offset=0
BO_TO   419: size=1048576 offset=0
BO_TO   419: size=1048576 offset=0
BO_TO   419: size=1048576 offset=0
BO_TO   419: size=1048576 offset=0
BO_TO   419: size=1048576 offset=0
BO_TO   419: size=1048576 offset=0
BO_TO   419: size=1048576 offset=0
BO_TO   419: size=1048576 offset=0
BO_TO   419: size=1048576 offset=0
BO_TO   419: size=1048576 offset=0
BO_TO   419: size=1048576 offset=0
BO_TO   419: size=1048576 offset=0
BO_TO   419: size=1048576 offset=0
BO_TO   419: size=1048576 offset=0
BO_TO   419: size=1048576 offset=0
BO_TO   419: size=1048576 offset=0
BO_FROM 419: size=1048576 offset=0 -> /tmp/cap/bo_from_419_1048576.bin
 workBO_TO   420: size=1048576 offset=0
BO_TO   420: size=1048576 offset=0
BO_TO   420: size=1048576 offset=0
BO_TO   420: size=1048576 offset=0
BO_TO   420: size=1048576 offset=0
BO_TO   420: size=1048576 offset=0
BO_TO   420: size=1048576 offset=0
BO_TO   420: size=1048576 offset=0
BO_TO   420: size=1048576 offset=0
BO_TO   420: size=1048576 offset=0
BO_TO   420: size=1048576 offset=0
BO_TO   420: size=1048576 offset=0
BO_TO   420: size=1048576 offset=0
BO_TO   420: size=1048576 offset=0
BO_TO   420: size=1048576 offset=0
BO_TO   420: size=1048576 offset=0
BO_TO   420: size=1048576 offset=0
BO_TO   420: size=1048576 offset=0
BO_TO   420: size=1048576 offset=0
BO_TO   420: size=1048576 offset=0
BO_TO   420: size=1048576 offset=0
BO_TO   420: size=1048576 offset=0
BO_TO   420: size=1048576 offset=0
BO_TO   420: size=1048576 offset=0
BO_TO   420: size=1048576 offset=0
BO_TO   420: size=1048576 offset=0
BO_TO   420: size=1048576 offset=0
BO_TO   420: size=1048576 offset=0
BO_TO   420: size=1048576 offset=0
BO_FROM 420: size=1048576 offset=0 -> /tmp/cap/bo_from_420_1048576.bin
.

BO_TO   421: size=1048576 offset=0
BO_TO   421: size=1048576 offset=0
BO_TO   421: size=1048576 offset=0
BO_TO   421: size=1048576 offset=0
BO_TO   421: size=1048576 offset=0
BO_TO   421: size=1048576 offset=0
BO_TO   421: size=1048576 offset=0
BO_TO   421: size=1048576 offset=0
BO_TO   421: size=1048576 offset=0
BO_TO   421: size=1048576 offset=0
BO_TO   421: size=1048576 offset=0
BO_TO   421: size=1048576 offset=0
BO_TO   421: size=1048576 offset=0
BO_TO   421: size=1048576 offset=0
BO_TO   421: size=1048576 offset=0
BO_TO   421: size=1048576 offset=0
BO_TO   421: size=1048576 offset=0
BO_TO   421: size=1048576 offset=0
BO_TO   421: size=1048576 offset=0
BO_TO   421: size=1048576 offset=0
BO_TO   421: size=1048576 offset=0
BO_TO   421: size=1048576 offset=0
BO_TO   421: size=1048576 offset=0
BO_TO   421: size=1048576 offset=0
BO_TO   421: size=1048576 offset=0
BO_TO   421: size=1048576 offset=0
BO_TO   421: size=1048576 offset=0
BO_TO   421: size=1048576 offset=0
BO_TO   421: size=1048576 offset=0
BO_FROM 421: size=1048576 offset=0 -> /tmp/cap/bo_from_421_1048576.bin
IBO_TO   422: size=1048576 offset=0
BO_TO   422: size=1048576 offset=0
BO_TO   422: size=1048576 offset=0
BO_TO   422: size=1048576 offset=0
BO_TO   422: size=1048576 offset=0
BO_TO   422: size=1048576 offset=0
BO_TO   422: size=1048576 offset=0
BO_TO   422: size=1048576 offset=0
BO_TO   422: size=1048576 offset=0
BO_TO   422: size=1048576 offset=0
BO_TO   422: size=1048576 offset=0
BO_TO   422: size=1048576 offset=0
BO_TO   422: size=1048576 offset=0
BO_TO   422: size=1048576 offset=0
BO_TO   422: size=1048576 offset=0
BO_TO   422: size=1048576 offset=0
BO_TO   422: size=1048576 offset=0
BO_TO   422: size=1048576 offset=0
BO_TO   422: size=1048576 offset=0
BO_TO   422: size=1048576 offset=0
BO_TO   422: size=1048576 offset=0
BO_TO   422: size=1048576 offset=0
BO_TO   422: size=1048576 offset=0
BO_TO   422: size=1048576 offset=0
BO_TO   422: size=1048576 offset=0
BO_TO   422: size=1048576 offset=0
BO_TO   422: size=1048576 offset=0
BO_TO   422: size=1048576 offset=0
BO_TO   422: size=1048576 offset=0
BO_FROM 422: size=1048576 offset=0 -> /tmp/cap/bo_from_422_1048576.bin
 shouldBO_TO   423: size=1048576 offset=0
BO_TO   423: size=1048576 offset=0
BO_TO   423: size=1048576 offset=0
BO_TO   423: size=1048576 offset=0
BO_TO   423: size=1048576 offset=0
BO_TO   423: size=1048576 offset=0
BO_TO   423: size=1048576 offset=0
BO_TO   423: size=1048576 offset=0
BO_TO   423: size=1048576 offset=0
BO_TO   423: size=1048576 offset=0
BO_TO   423: size=1048576 offset=0
BO_TO   423: size=1048576 offset=0
BO_TO   423: size=1048576 offset=0
BO_TO   423: size=1048576 offset=0
BO_TO   423: size=1048576 offset=0
BO_TO   423: size=1048576 offset=0
BO_TO   423: size=1048576 offset=0
BO_TO   423: size=1048576 offset=0
BO_TO   423: size=1048576 offset=0
BO_TO   423: size=1048576 offset=0
BO_TO   423: size=1048576 offset=0
BO_TO   423: size=1048576 offset=0
BO_TO   423: size=1048576 offset=0
BO_TO   423: size=1048576 offset=0
BO_TO   423: size=1048576 offset=0
BO_TO   423: size=1048576 offset=0
BO_TO   423: size=1048576 offset=0
BO_TO   423: size=1048576 offset=0
BO_TO   423: size=1048576 offset=0
BO_FROM 423: size=1048576 offset=0 -> /tmp/cap/bo_from_423_1048576.bin
 makeBO_TO   424: size=1048576 offset=0
BO_TO   424: size=1048576 offset=0
BO_TO   424: size=1048576 offset=0
BO_TO   424: size=1048576 offset=0
BO_TO   424: size=1048576 offset=0
BO_TO   424: size=1048576 offset=0
BO_TO   424: size=1048576 offset=0
BO_TO   424: size=1048576 offset=0
BO_TO   424: size=1048576 offset=0
BO_TO   424: size=1048576 offset=0
BO_TO   424: size=1048576 offset=0
BO_TO   424: size=1048576 offset=0
BO_TO   424: size=1048576 offset=0
BO_TO   424: size=1048576 offset=0
BO_TO   424: size=1048576 offset=0
BO_TO   424: size=1048576 offset=0
BO_TO   424: size=1048576 offset=0
BO_TO   424: size=1048576 offset=0
BO_TO   424: size=1048576 offset=0
BO_TO   424: size=1048576 offset=0
BO_TO   424: size=1048576 offset=0
BO_TO   424: size=1048576 offset=0
BO_TO   424: size=1048576 offset=0
BO_TO   424: size=1048576 offset=0
BO_TO   424: size=1048576 offset=0
BO_TO   424: size=1048576 offset=0
BO_TO   424: size=1048576 offset=0
BO_TO   424: size=1048576 offset=0
BO_TO   424: size=1048576 offset=0
BO_FROM 424: size=1048576 offset=0 -> /tmp/cap/bo_from_424_1048576.bin
 sureBO_TO   425: size=1048576 offset=0
BO_TO   425: size=1048576 offset=0
BO_TO   425: size=1048576 offset=0
BO_TO   425: size=1048576 offset=0
BO_TO   425: size=1048576 offset=0
BO_TO   425: size=1048576 offset=0
BO_TO   425: size=1048576 offset=0
BO_TO   425: size=1048576 offset=0
BO_TO   425: size=1048576 offset=0
BO_TO   425: size=1048576 offset=0
BO_TO   425: size=1048576 offset=0
BO_TO   425: size=1048576 offset=0
BO_TO   425: size=1048576 offset=0
BO_TO   425: size=1048576 offset=0
BO_TO   425: size=1048576 offset=0
BO_TO   425: size=1048576 offset=0
BO_TO   425: size=1048576 offset=0
BO_TO   425: size=1048576 offset=0
BO_TO   425: size=1048576 offset=0
BO_TO   425: size=1048576 offset=0
BO_TO   425: size=1048576 offset=0
BO_TO   425: size=1048576 offset=0
BO_TO   425: size=1048576 offset=0
BO_TO   425: size=1048576 offset=0
BO_TO   425: size=1048576 offset=0
BO_TO   425: size=1048576 offset=0
BO_TO   425: size=1048576 offset=0
BO_TO   425: size=1048576 offset=0
BO_TO   425: size=1048576 offset=0
BO_FROM 425: size=1048576 offset=0 -> /tmp/cap/bo_from_425_1048576.bin
 theBO_TO   426: size=1048576 offset=0
BO_TO   426: size=1048576 offset=0
BO_TO   426: size=1048576 offset=0
BO_TO   426: size=1048576 offset=0
BO_TO   426: size=1048576 offset=0
BO_TO   426: size=1048576 offset=0
BO_TO   426: size=1048576 offset=0
BO_TO   426: size=1048576 offset=0
BO_TO   426: size=1048576 offset=0
BO_TO   426: size=1048576 offset=0
BO_TO   426: size=1048576 offset=0
BO_TO   426: size=1048576 offset=0
BO_TO   426: size=1048576 offset=0
BO_TO   426: size=1048576 offset=0
BO_TO   426: size=1048576 offset=0
BO_TO   426: size=1048576 offset=0
BO_TO   426: size=1048576 offset=0
BO_TO   426: size=1048576 offset=0
BO_TO   426: size=1048576 offset=0
BO_TO   426: size=1048576 offset=0
BO_TO   426: size=1048576 offset=0
BO_TO   426: size=1048576 offset=0
BO_TO   426: size=1048576 offset=0
BO_TO   426: size=1048576 offset=0
BO_TO   426: size=1048576 offset=0
BO_TO   426: size=1048576 offset=0
BO_TO   426: size=1048576 offset=0
BO_TO   426: size=1048576 offset=0
BO_TO   426: size=1048576 offset=0
BO_FROM 426: size=1048576 offset=0 -> /tmp/cap/bo_from_426_1048576.bin
 responseBO_TO   427: size=1048576 offset=0
BO_TO   427: size=1048576 offset=0
BO_TO   427: size=1048576 offset=0
BO_TO   427: size=1048576 offset=0
BO_TO   427: size=1048576 offset=0
BO_TO   427: size=1048576 offset=0
BO_TO   427: size=1048576 offset=0
BO_TO   427: size=1048576 offset=0
BO_TO   427: size=1048576 offset=0
BO_TO   427: size=1048576 offset=0
BO_TO   427: size=1048576 offset=0
BO_TO   427: size=1048576 offset=0
BO_TO   427: size=1048576 offset=0
BO_TO   427: size=1048576 offset=0
BO_TO   427: size=1048576 offset=0
BO_TO   427: size=1048576 offset=0
BO_TO   427: size=1048576 offset=0
BO_TO   427: size=1048576 offset=0
BO_TO   427: size=1048576 offset=0
BO_TO   427: size=1048576 offset=0
BO_TO   427: size=1048576 offset=0
BO_TO   427: size=1048576 offset=0
BO_TO   427: size=1048576 offset=0
BO_TO   427: size=1048576 offset=0
BO_TO   427: size=1048576 offset=0
BO_TO   427: size=1048576 offset=0
BO_TO   427: size=1048576 offset=0
BO_TO   427: size=1048576 offset=0
BO_TO   427: size=1048576 offset=0
BO_FROM 427: size=1048576 offset=0 -> /tmp/cap/bo_from_427_1048576.bin
 isBO_TO   428: size=1048576 offset=0
BO_TO   428: size=1048576 offset=0
BO_TO   428: size=1048576 offset=0
BO_TO   428: size=1048576 offset=0
BO_TO   428: size=1048576 offset=0
BO_TO   428: size=1048576 offset=0
BO_TO   428: size=1048576 offset=0
BO_TO   428: size=1048576 offset=0
BO_TO   428: size=1048576 offset=0
BO_TO   428: size=1048576 offset=0
BO_TO   428: size=1048576 offset=0
BO_TO   428: size=1048576 offset=0
BO_TO   428: size=1048576 offset=0
BO_TO   428: size=1048576 offset=0
BO_TO   428: size=1048576 offset=0
BO_TO   428: size=1048576 offset=0
BO_TO   428: size=1048576 offset=0
BO_TO   428: size=1048576 offset=0
BO_TO   428: size=1048576 offset=0
BO_TO   428: size=1048576 offset=0
BO_TO   428: size=1048576 offset=0
BO_TO   428: size=1048576 offset=0
BO_TO   428: size=1048576 offset=0
BO_TO   428: size=1048576 offset=0
BO_TO   428: size=1048576 offset=0
BO_TO   428: size=1048576 offset=0
BO_TO   428: size=1048576 offset=0
BO_TO   428: size=1048576 offset=0
BO_TO   428: size=1048576 offset=0
BO_FROM 428: size=1048576 offset=0 -> /tmp/cap/bo_from_428_1048576.bin
 positiveBO_TO   429: size=1048576 offset=0
BO_TO   429: size=1048576 offset=0
BO_TO   429: size=1048576 offset=0
BO_TO   429: size=1048576 offset=0
BO_TO   429: size=1048576 offset=0
BO_TO   429: size=1048576 offset=0
BO_TO   429: size=1048576 offset=0
BO_TO   429: size=1048576 offset=0
BO_TO   429: size=1048576 offset=0
BO_TO   429: size=1048576 offset=0
BO_TO   429: size=1048576 offset=0
BO_TO   429: size=1048576 offset=0
BO_TO   429: size=1048576 offset=0
BO_TO   429: size=1048576 offset=0
BO_TO   429: size=1048576 offset=0
BO_TO   429: size=1048576 offset=0
BO_TO   429: size=1048576 offset=0
BO_TO   429: size=1048576 offset=0
BO_TO   429: size=1048576 offset=0
BO_TO   429: size=1048576 offset=0
BO_TO   429: size=1048576 offset=0
BO_TO   429: size=1048576 offset=0
BO_TO   429: size=1048576 offset=0
BO_TO   429: size=1048576 offset=0
BO_TO   429: size=1048576 offset=0
BO_TO   429: size=1048576 offset=0
BO_TO   429: size=1048576 offset=0
BO_TO   429: size=1048576 offset=0
BO_TO   429: size=1048576 offset=0
BO_FROM 429: size=1048576 offset=0 -> /tmp/cap/bo_from_429_1048576.bin
 andBO_TO   430: size=1048576 offset=0
BO_TO   430: size=1048576 offset=0
BO_TO   430: size=1048576 offset=0
BO_TO   430: size=1048576 offset=0
BO_TO   430: size=1048576 offset=0
BO_TO   430: size=1048576 offset=0
BO_TO   430: size=1048576 offset=0
BO_TO   430: size=1048576 offset=0
BO_TO   430: size=1048576 offset=0
BO_TO   430: size=1048576 offset=0
BO_TO   430: size=1048576 offset=0
BO_TO   430: size=1048576 offset=0
BO_TO   430: size=1048576 offset=0
BO_TO   430: size=1048576 offset=0
BO_TO   430: size=1048576 offset=0
BO_TO   430: size=1048576 offset=0
BO_TO   430: size=1048576 offset=0
BO_TO   430: size=1048576 offset=0
BO_TO   430: size=1048576 offset=0
BO_TO   430: size=1048576 offset=0
BO_TO   430: size=1048576 offset=0
BO_TO   430: size=1048576 offset=0
BO_TO   430: size=1048576 offset=0
BO_TO   430: size=1048576 offset=0
BO_TO   430: size=1048576 offset=0
BO_TO   430: size=1048576 offset=0
BO_TO   430: size=1048576 offset=0
BO_TO   430: size=1048576 offset=0
BO_TO   430: size=1048576 offset=0
BO_FROM 430: size=1048576 offset=0 -> /tmp/cap/bo_from_430_1048576.bin
 notBO_TO   431: size=1048576 offset=0
BO_TO   431: size=1048576 offset=0
BO_TO   431: size=1048576 offset=0
BO_TO   431: size=1048576 offset=0
BO_TO   431: size=1048576 offset=0
BO_TO   431: size=1048576 offset=0
BO_TO   431: size=1048576 offset=0
BO_TO   431: size=1048576 offset=0
BO_TO   431: size=1048576 offset=0
BO_TO   431: size=1048576 offset=0
BO_TO   431: size=1048576 offset=0
BO_TO   431: size=1048576 offset=0
BO_TO   431: size=1048576 offset=0
BO_TO   431: size=1048576 offset=0
BO_TO   431: size=1048576 offset=0
BO_TO   431: size=1048576 offset=0
BO_TO   431: size=1048576 offset=0
BO_TO   431: size=1048576 offset=0
BO_TO   431: size=1048576 offset=0
BO_TO   431: size=1048576 offset=0
BO_TO   431: size=1048576 offset=0
BO_TO   431: size=1048576 offset=0
BO_TO   431: size=1048576 offset=0
BO_TO   431: size=1048576 offset=0
BO_TO   431: size=1048576 offset=0
BO_TO   431: size=1048576 offset=0
BO_TO   431: size=1048576 offset=0
BO_TO   431: size=1048576 offset=0
BO_TO   431: size=1048576 offset=0
BO_FROM 431: size=1048576 offset=0 -> /tmp/cap/bo_from_431_1048576.bin
 tooBO_TO   432: size=1048576 offset=0
BO_TO   432: size=1048576 offset=0
BO_TO   432: size=1048576 offset=0
BO_TO   432: size=1048576 offset=0
BO_TO   432: size=1048576 offset=0
BO_TO   432: size=1048576 offset=0
BO_TO   432: size=1048576 offset=0
BO_TO   432: size=1048576 offset=0
BO_TO   432: size=1048576 offset=0
BO_TO   432: size=1048576 offset=0
BO_TO   432: size=1048576 offset=0
BO_TO   432: size=1048576 offset=0
BO_TO   432: size=1048576 offset=0
BO_TO   432: size=1048576 offset=0
BO_TO   432: size=1048576 offset=0
BO_TO   432: size=1048576 offset=0
BO_TO   432: size=1048576 offset=0
BO_TO   432: size=1048576 offset=0
BO_TO   432: size=1048576 offset=0
BO_TO   432: size=1048576 offset=0
BO_TO   432: size=1048576 offset=0
BO_TO   432: size=1048576 offset=0
BO_TO   432: size=1048576 offset=0
BO_TO   432: size=1048576 offset=0
BO_TO   432: size=1048576 offset=0
BO_TO   432: size=1048576 offset=0
BO_TO   432: size=1048576 offset=0
BO_TO   432: size=1048576 offset=0
BO_TO   432: size=1048576 offset=0
BO_FROM 432: size=1048576 offset=0 -> /tmp/cap/bo_from_432_1048576.bin
 verboseBO_TO   433: size=1048576 offset=0
BO_TO   433: size=1048576 offset=0
BO_TO   433: size=1048576 offset=0
BO_TO   433: size=1048576 offset=0
BO_TO   433: size=1048576 offset=0
BO_TO   433: size=1048576 offset=0
BO_TO   433: size=1048576 offset=0
BO_TO   433: size=1048576 offset=0
BO_TO   433: size=1048576 offset=0
BO_TO   433: size=1048576 offset=0
BO_TO   433: size=1048576 offset=0
BO_TO   433: size=1048576 offset=0
BO_TO   433: size=1048576 offset=0
BO_TO   433: size=1048576 offset=0
BO_TO   433: size=1048576 offset=0
BO_TO   433: size=1048576 offset=0
BO_TO   433: size=1048576 offset=0
BO_TO   433: size=1048576 offset=0
BO_TO   433: size=1048576 offset=0
BO_TO   433: size=1048576 offset=0
BO_TO   433: size=1048576 offset=0
BO_TO   433: size=1048576 offset=0
BO_TO   433: size=1048576 offset=0
BO_TO   433: size=1048576 offset=0
BO_TO   433: size=1048576 offset=0
BO_TO   433: size=1048576 offset=0
BO_TO   433: size=1048576 offset=0
BO_TO   433: size=1048576 offset=0
BO_TO   433: size=1048576 offset=0
BO_FROM 433: size=1048576 offset=0 -> /tmp/cap/bo_from_433_1048576.bin
.BO_TO   434: size=1048576 offset=0
BO_TO   434: size=1048576 offset=0
BO_TO   434: size=1048576 offset=0
BO_TO   434: size=1048576 offset=0
BO_TO   434: size=1048576 offset=0
BO_TO   434: size=1048576 offset=0
BO_TO   434: size=1048576 offset=0
BO_TO   434: size=1048576 offset=0
BO_TO   434: size=1048576 offset=0
BO_TO   434: size=1048576 offset=0
BO_TO   434: size=1048576 offset=0
BO_TO   434: size=1048576 offset=0
BO_TO   434: size=1048576 offset=0
BO_TO   434: size=1048576 offset=0
BO_TO   434: size=1048576 offset=0
BO_TO   434: size=1048576 offset=0
BO_TO   434: size=1048576 offset=0
BO_TO   434: size=1048576 offset=0
BO_TO   434: size=1048576 offset=0
BO_TO   434: size=1048576 offset=0
BO_TO   434: size=1048576 offset=0
BO_TO   434: size=1048576 offset=0
BO_TO   434: size=1048576 offset=0
BO_TO   434: size=1048576 offset=0
BO_TO   434: size=1048576 offset=0
BO_TO   434: size=1048576 offset=0
BO_TO   434: size=1048576 offset=0
BO_TO   434: size=1048576 offset=0
BO_TO   434: size=1048576 offset=0
BO_FROM 434: size=1048576 offset=0 -> /tmp/cap/bo_from_434_1048576.bin
 LetBO_TO   435: size=1048576 offset=0
BO_TO   435: size=1048576 offset=0
BO_TO   435: size=1048576 offset=0
BO_TO   435: size=1048576 offset=0
BO_TO   435: size=1048576 offset=0
BO_TO   435: size=1048576 offset=0
BO_TO   435: size=1048576 offset=0
BO_TO   435: size=1048576 offset=0
BO_TO   435: size=1048576 offset=0
BO_TO   435: size=1048576 offset=0
BO_TO   435: size=1048576 offset=0
BO_TO   435: size=1048576 offset=0
BO_TO   435: size=1048576 offset=0
BO_TO   435: size=1048576 offset=0
BO_TO   435: size=1048576 offset=0
BO_TO   435: size=1048576 offset=0
BO_TO   435: size=1048576 offset=0
BO_TO   435: size=1048576 offset=0
BO_TO   435: size=1048576 offset=0
BO_TO   435: size=1048576 offset=0
BO_TO   435: size=1048576 offset=0
BO_TO   435: size=1048576 offset=0
BO_TO   435: size=1048576 offset=0
BO_TO   435: size=1048576 offset=0
BO_TO   435: size=1048576 offset=0
BO_TO   435: size=1048576 offset=0
BO_TO   435: size=1048576 offset=0
BO_TO   435: size=1048576 offset=0
BO_TO   435: size=1048576 offset=0
BO_FROM 435: size=1048576 offset=0 -> /tmp/cap/bo_from_435_1048576.bin
 meBO_TO   436: size=1048576 offset=0
BO_TO   436: size=1048576 offset=0
BO_TO   436: size=1048576 offset=0
BO_TO   436: size=1048576 offset=0
BO_TO   436: size=1048576 offset=0
BO_TO   436: size=1048576 offset=0
BO_TO   436: size=1048576 offset=0
BO_TO   436: size=1048576 offset=0
BO_TO   436: size=1048576 offset=0
BO_TO   436: size=1048576 offset=0
BO_TO   436: size=1048576 offset=0
BO_TO   436: size=1048576 offset=0
BO_TO   436: size=1048576 offset=0
BO_TO   436: size=1048576 offset=0
BO_TO   436: size=1048576 offset=0
BO_TO   436: size=1048576 offset=0
BO_TO   436: size=1048576 offset=0
BO_TO   436: size=1048576 offset=0
BO_TO   436: size=1048576 offset=0
BO_TO   436: size=1048576 offset=0
BO_TO   436: size=1048576 offset=0
BO_TO   436: size=1048576 offset=0
BO_TO   436: size=1048576 offset=0
BO_TO   436: size=1048576 offset=0
BO_TO   436: size=1048576 offset=0
BO_TO   436: size=1048576 offset=0
BO_TO   436: size=1048576 offset=0
BO_TO   436: size=1048576 offset=0
BO_TO   436: size=1048576 offset=0
BO_FROM 436: size=1048576 offset=0 -> /tmp/cap/bo_from_436_1048576.bin
 checkBO_TO   437: size=1048576 offset=0
BO_TO   437: size=1048576 offset=0
BO_TO   437: size=1048576 offset=0
BO_TO   437: size=1048576 offset=0
BO_TO   437: size=1048576 offset=0
BO_TO   437: size=1048576 offset=0
BO_TO   437: size=1048576 offset=0
BO_TO   437: size=1048576 offset=0
BO_TO   437: size=1048576 offset=0
BO_TO   437: size=1048576 offset=0
BO_TO   437: size=1048576 offset=0
BO_TO   437: size=1048576 offset=0
BO_TO   437: size=1048576 offset=0
BO_TO   437: size=1048576 offset=0
BO_TO   437: size=1048576 offset=0
BO_TO   437: size=1048576 offset=0
BO_TO   437: size=1048576 offset=0
BO_TO   437: size=1048576 offset=0
BO_TO   437: size=1048576 offset=0
BO_TO   437: size=1048576 offset=0
BO_TO   437: size=1048576 offset=0
BO_TO   437: size=1048576 offset=0
BO_TO   437: size=1048576 offset=0
BO_TO   437: size=1048576 offset=0
BO_TO   437: size=1048576 offset=0
BO_TO   437: size=1048576 offset=0
BO_TO   437: size=1048576 offset=0
BO_TO   437: size=1048576 offset=0
BO_TO   437: size=1048576 offset=0
BO_FROM 437: size=1048576 offset=0 -> /tmp/cap/bo_from_437_1048576.bin
 ifBO_TO   438: size=1048576 offset=0
BO_TO   438: size=1048576 offset=0
BO_TO   438: size=1048576 offset=0
BO_TO   438: size=1048576 offset=0
BO_TO   438: size=1048576 offset=0
BO_TO   438: size=1048576 offset=0
BO_TO   438: size=1048576 offset=0
BO_TO   438: size=1048576 offset=0
BO_TO   438: size=1048576 offset=0
BO_TO   438: size=1048576 offset=0
BO_TO   438: size=1048576 offset=0
BO_TO   438: size=1048576 offset=0
BO_TO   438: size=1048576 offset=0
BO_TO   438: size=1048576 offset=0
BO_TO   438: size=1048576 offset=0
BO_TO   438: size=1048576 offset=0
BO_TO   438: size=1048576 offset=0
BO_TO   438: size=1048576 offset=0
BO_TO   438: size=1048576 offset=0
BO_TO   438: size=1048576 offset=0
BO_TO   438: size=1048576 offset=0
BO_TO   438: size=1048576 offset=0
BO_TO   438: size=1048576 offset=0
BO_TO   438: size=1048576 offset=0
BO_TO   438: size=1048576 offset=0
BO_TO   438: size=1048576 offset=0
BO_TO   438: size=1048576 offset=0
BO_TO   438: size=1048576 offset=0
BO_TO   438: size=1048576 offset=0
BO_FROM 438: size=1048576 offset=0 -> /tmp/cap/bo_from_438_1048576.bin
 thereBO_TO   439: size=1048576 offset=0
BO_TO   439: size=1048576 offset=0
BO_TO   439: size=1048576 offset=0
BO_TO   439: size=1048576 offset=0
BO_TO   439: size=1048576 offset=0
BO_TO   439: size=1048576 offset=0
BO_TO   439: size=1048576 offset=0
BO_TO   439: size=1048576 offset=0
BO_TO   439: size=1048576 offset=0
BO_TO   439: size=1048576 offset=0
BO_TO   439: size=1048576 offset=0
BO_TO   439: size=1048576 offset=0
BO_TO   439: size=1048576 offset=0
BO_TO   439: size=1048576 offset=0
BO_TO   439: size=1048576 offset=0
BO_TO   439: size=1048576 offset=0
BO_TO   439: size=1048576 offset=0
BO_TO   439: size=1048576 offset=0
BO_TO   439: size=1048576 offset=0
BO_TO   439: size=1048576 offset=0
BO_TO   439: size=1048576 offset=0
BO_TO   439: size=1048576 offset=0
BO_TO   439: size=1048576 offset=0
BO_TO   439: size=1048576 offset=0
BO_TO   439: size=1048576 offset=0
BO_TO   439: size=1048576 offset=0
BO_TO   439: size=1048576 offset=0
BO_TO   439: size=1048576 offset=0
BO_TO   439: size=1048576 offset=0
BO_FROM 439: size=1048576 offset=0 -> /tmp/cap/bo_from_439_1048576.bin
'sBO_TO   440: size=1048576 offset=0
BO_TO   440: size=1048576 offset=0
BO_TO   440: size=1048576 offset=0
BO_TO   440: size=1048576 offset=0
BO_TO   440: size=1048576 offset=0
BO_TO   440: size=1048576 offset=0
BO_TO   440: size=1048576 offset=0
BO_TO   440: size=1048576 offset=0
BO_TO   440: size=1048576 offset=0
BO_TO   440: size=1048576 offset=0
BO_TO   440: size=1048576 offset=0
BO_TO   440: size=1048576 offset=0
BO_TO   440: size=1048576 offset=0
BO_TO   440: size=1048576 offset=0
BO_TO   440: size=1048576 offset=0
BO_TO   440: size=1048576 offset=0
BO_TO   440: size=1048576 offset=0
BO_TO   440: size=1048576 offset=0
BO_TO   440: size=1048576 offset=0
BO_TO   440: size=1048576 offset=0
BO_TO   440: size=1048576 offset=0
BO_TO   440: size=1048576 offset=0
BO_TO   440: size=1048576 offset=0
BO_TO   440: size=1048576 offset=0
BO_TO   440: size=1048576 offset=0
BO_TO   440: size=1048576 offset=0
BO_TO   440: size=1048576 offset=0
BO_TO   440: size=1048576 offset=0
BO_TO   440: size=1048576 offset=0
BO_FROM 440: size=1048576 offset=0 -> /tmp/cap/bo_from_440_1048576.bin
 anyBO_TO   441: size=1048576 offset=0
BO_TO   441: size=1048576 offset=0
BO_TO   441: size=1048576 offset=0
BO_TO   441: size=1048576 offset=0
BO_TO   441: size=1048576 offset=0
BO_TO   441: size=1048576 offset=0
BO_TO   441: size=1048576 offset=0
BO_TO   441: size=1048576 offset=0
BO_TO   441: size=1048576 offset=0
BO_TO   441: size=1048576 offset=0
BO_TO   441: size=1048576 offset=0
BO_TO   441: size=1048576 offset=0
BO_TO   441: size=1048576 offset=0
BO_TO   441: size=1048576 offset=0
BO_TO   441: size=1048576 offset=0
BO_TO   441: size=1048576 offset=0
BO_TO   441: size=1048576 offset=0
BO_TO   441: size=1048576 offset=0
BO_TO   441: size=1048576 offset=0
BO_TO   441: size=1048576 offset=0
BO_TO   441: size=1048576 offset=0
BO_TO   441: size=1048576 offset=0
BO_TO   441: size=1048576 offset=0
BO_TO   441: size=1048576 offset=0
BO_TO   441: size=1048576 offset=0
BO_TO   441: size=1048576 offset=0
BO_TO   441: size=1048576 offset=0
BO_TO   441: size=1048576 offset=0
BO_TO   441: size=1048576 offset=0
BO_FROM 441: size=1048576 offset=0 -> /tmp/cap/bo_from_441_1048576.bin
 specificBO_TO   442: size=1048576 offset=0
BO_TO   442: size=1048576 offset=0
BO_TO   442: size=1048576 offset=0
BO_TO   442: size=1048576 offset=0
BO_TO   442: size=1048576 offset=0
BO_TO   442: size=1048576 offset=0
BO_TO   442: size=1048576 offset=0
BO_TO   442: size=1048576 offset=0
BO_TO   442: size=1048576 offset=0
BO_TO   442: size=1048576 offset=0
BO_TO   442: size=1048576 offset=0
BO_TO   442: size=1048576 offset=0
BO_TO   442: size=1048576 offset=0
BO_TO   442: size=1048576 offset=0
BO_TO   442: size=1048576 offset=0
BO_TO   442: size=1048576 offset=0
BO_TO   442: size=1048576 offset=0
BO_TO   442: size=1048576 offset=0
BO_TO   442: size=1048576 offset=0
BO_TO   442: size=1048576 offset=0
BO_TO   442: size=1048576 offset=0
BO_TO   442: size=1048576 offset=0
BO_TO   442: size=1048576 offset=0
BO_TO   442: size=1048576 offset=0
BO_TO   442: size=1048576 offset=0
BO_TO   442: size=1048576 offset=0
BO_TO   442: size=1048576 offset=0
BO_TO   442: size=1048576 offset=0
BO_TO   442: size=1048576 offset=0
BO_FROM 442: size=1048576 offset=0 -> /tmp/cap/bo_from_442_1048576.bin
 contextBO_TO   443: size=1048576 offset=0
BO_TO   443: size=1048576 offset=0
BO_TO   443: size=1048576 offset=0
BO_TO   443: size=1048576 offset=0
BO_TO   443: size=1048576 offset=0
BO_TO   443: size=1048576 offset=0
BO_TO   443: size=1048576 offset=0
BO_TO   443: size=1048576 offset=0
BO_TO   443: size=1048576 offset=0
BO_TO   443: size=1048576 offset=0
BO_TO   443: size=1048576 offset=0
BO_TO   443: size=1048576 offset=0
BO_TO   443: size=1048576 offset=0
BO_TO   443: size=1048576 offset=0
BO_TO   443: size=1048576 offset=0
BO_TO   443: size=1048576 offset=0
BO_TO   443: size=1048576 offset=0
BO_TO   443: size=1048576 offset=0
BO_TO   443: size=1048576 offset=0
BO_TO   443: size=1048576 offset=0
BO_TO   443: size=1048576 offset=0
BO_TO   443: size=1048576 offset=0
BO_TO   443: size=1048576 offset=0
BO_TO   443: size=1048576 offset=0
BO_TO   443: size=1048576 offset=0
BO_TO   443: size=1048576 offset=0
BO_TO   443: size=1048576 offset=0
BO_TO   443: size=1048576 offset=0
BO_TO   443: size=1048576 offset=0
BO_FROM 443: size=1048576 offset=0 -> /tmp/cap/bo_from_443_1048576.bin
 neededBO_TO   444: size=1048576 offset=0
BO_TO   444: size=1048576 offset=0
BO_TO   444: size=1048576 offset=0
BO_TO   444: size=1048576 offset=0
BO_TO   444: size=1048576 offset=0
BO_TO   444: size=1048576 offset=0
BO_TO   444: size=1048576 offset=0
BO_TO   444: size=1048576 offset=0
BO_TO   444: size=1048576 offset=0
BO_TO   444: size=1048576 offset=0
BO_TO   444: size=1048576 offset=0
BO_TO   444: size=1048576 offset=0
BO_TO   444: size=1048576 offset=0
BO_TO   444: size=1048576 offset=0
BO_TO   444: size=1048576 offset=0
BO_TO   444: size=1048576 offset=0
BO_TO   444: size=1048576 offset=0
BO_TO   444: size=1048576 offset=0
BO_TO   444: size=1048576 offset=0
BO_TO   444: size=1048576 offset=0
BO_TO   444: size=1048576 offset=0
BO_TO   444: size=1048576 offset=0
BO_TO   444: size=1048576 offset=0
BO_TO   444: size=1048576 offset=0
BO_TO   444: size=1048576 offset=0
BO_TO   444: size=1048576 offset=0
BO_TO   444: size=1048576 offset=0
BO_TO   444: size=1048576 offset=0
BO_TO   444: size=1048576 offset=0
BO_FROM 444: size=1048576 offset=0 -> /tmp/cap/bo_from_444_1048576.bin
,BO_TO   445: size=1048576 offset=0
BO_TO   445: size=1048576 offset=0
BO_TO   445: size=1048576 offset=0
BO_TO   445: size=1048576 offset=0
BO_TO   445: size=1048576 offset=0
BO_TO   445: size=1048576 offset=0
BO_TO   445: size=1048576 offset=0
BO_TO   445: size=1048576 offset=0
BO_TO   445: size=1048576 offset=0
BO_TO   445: size=1048576 offset=0
BO_TO   445: size=1048576 offset=0
BO_TO   445: size=1048576 offset=0
BO_TO   445: size=1048576 offset=0
BO_TO   445: size=1048576 offset=0
BO_TO   445: size=1048576 offset=0
BO_TO   445: size=1048576 offset=0
BO_TO   445: size=1048576 offset=0
BO_TO   445: size=1048576 offset=0
BO_TO   445: size=1048576 offset=0
BO_TO   445: size=1048576 offset=0
BO_TO   445: size=1048576 offset=0
BO_TO   445: size=1048576 offset=0
BO_TO   445: size=1048576 offset=0
BO_TO   445: size=1048576 offset=0
BO_TO   445: size=1048576 offset=0
BO_TO   445: size=1048576 offset=0
BO_TO   445: size=1048576 offset=0
BO_TO   445: size=1048576 offset=0
BO_TO   445: size=1048576 offset=0
BO_FROM 445: size=1048576 offset=0 -> /tmp/cap/bo_from_445_1048576.bin
 butBO_TO   446: size=1048576 offset=0
BO_TO   446: size=1048576 offset=0
BO_TO   446: size=1048576 offset=0
BO_TO   446: size=1048576 offset=0
BO_TO   446: size=1048576 offset=0
BO_TO   446: size=1048576 offset=0
BO_TO   446: size=1048576 offset=0
BO_TO   446: size=1048576 offset=0
BO_TO   446: size=1048576 offset=0
BO_TO   446: size=1048576 offset=0
BO_TO   446: size=1048576 offset=0
BO_TO   446: size=1048576 offset=0
BO_TO   446: size=1048576 offset=0
BO_TO   446: size=1048576 offset=0
BO_TO   446: size=1048576 offset=0
BO_TO   446: size=1048576 offset=0
BO_TO   446: size=1048576 offset=0
BO_TO   446: size=1048576 offset=0
BO_TO   446: size=1048576 offset=0
BO_TO   446: size=1048576 offset=0
BO_TO   446: size=1048576 offset=0
BO_TO   446: size=1048576 offset=0
BO_TO   446: size=1048576 offset=0
BO_TO   446: size=1048576 offset=0
BO_TO   446: size=1048576 offset=0
BO_TO   446: size=1048576 offset=0
BO_TO   446: size=1048576 offset=0
BO_TO   446: size=1048576 offset=0
BO_TO   446: size=1048576 offset=0
BO_FROM 446: size=1048576 offset=0 -> /tmp/cap/bo_from_446_1048576.bin
 sinceBO_TO   447: size=1048576 offset=0
BO_TO   447: size=1048576 offset=0
BO_TO   447: size=1048576 offset=0
BO_TO   447: size=1048576 offset=0
BO_TO   447: size=1048576 offset=0
BO_TO   447: size=1048576 offset=0
BO_TO   447: size=1048576 offset=0
BO_TO   447: size=1048576 offset=0
BO_TO   447: size=1048576 offset=0
BO_TO   447: size=1048576 offset=0
BO_TO   447: size=1048576 offset=0
BO_TO   447: size=1048576 offset=0
BO_TO   447: size=1048576 offset=0
BO_TO   447: size=1048576 offset=0
BO_TO   447: size=1048576 offset=0
BO_TO   447: size=1048576 offset=0
BO_TO   447: size=1048576 offset=0
BO_TO   447: size=1048576 offset=0
BO_TO   447: size=1048576 offset=0
BO_TO   447: size=1048576 offset=0
BO_TO   447: size=1048576 offset=0
BO_TO   447: size=1048576 offset=0
BO_TO   447: size=1048576 offset=0
BO_TO   447: size=1048576 offset=0
BO_TO   447: size=1048576 offset=0
BO_TO   447: size=1048576 offset=0
BO_TO   447: size=1048576 offset=0
BO_TO   447: size=1048576 offset=0
BO_TO   447: size=1048576 offset=0
BO_FROM 447: size=1048576 offset=0 -> /tmp/cap/bo_from_447_1048576.bin
 thereBO_TO   448: size=1048576 offset=0
BO_TO   448: size=1048576 offset=0
BO_TO   448: size=1048576 offset=0
BO_TO   448: size=1048576 offset=0
BO_TO   448: size=1048576 offset=0
BO_TO   448: size=1048576 offset=0
BO_TO   448: size=1048576 offset=0
BO_TO   448: size=1048576 offset=0
BO_TO   448: size=1048576 offset=0
BO_TO   448: size=1048576 offset=0
BO_TO   448: size=1048576 offset=0
BO_TO   448: size=1048576 offset=0
BO_TO   448: size=1048576 offset=0
BO_TO   448: size=1048576 offset=0
BO_TO   448: size=1048576 offset=0
BO_TO   448: size=1048576 offset=0
BO_TO   448: size=1048576 offset=0
BO_TO   448: size=1048576 offset=0
BO_TO   448: size=1048576 offset=0
BO_TO   448: size=1048576 offset=0
BO_TO   448: size=1048576 offset=0
BO_TO   448: size=1048576 offset=0
BO_TO   448: size=1048576 offset=0
BO_TO   448: size=1048576 offset=0
BO_TO   448: size=1048576 offset=0
BO_TO   448: size=1048576 offset=0
BO_TO   448: size=1048576 offset=0
BO_TO   448: size=1048576 offset=0
BO_TO   448: size=1048576 offset=0
BO_FROM 448: size=1048576 offset=0 -> /tmp/cap/bo_from_448_1048576.bin
 isnBO_TO   449: size=1048576 offset=0
BO_TO   449: size=1048576 offset=0
BO_TO   449: size=1048576 offset=0
BO_TO   449: size=1048576 offset=0
BO_TO   449: size=1048576 offset=0
BO_TO   449: size=1048576 offset=0
BO_TO   449: size=1048576 offset=0
BO_TO   449: size=1048576 offset=0
BO_TO   449: size=1048576 offset=0
BO_TO   449: size=1048576 offset=0
BO_TO   449: size=1048576 offset=0
BO_TO   449: size=1048576 offset=0
BO_TO   449: size=1048576 offset=0
BO_TO   449: size=1048576 offset=0
BO_TO   449: size=1048576 offset=0
BO_TO   449: size=1048576 offset=0
BO_TO   449: size=1048576 offset=0
BO_TO   449: size=1048576 offset=0
BO_TO   449: size=1048576 offset=0
BO_TO   449: size=1048576 offset=0
BO_TO   449: size=1048576 offset=0
BO_TO   449: size=1048576 offset=0
BO_TO   449: size=1048576 offset=0
BO_TO   449: size=1048576 offset=0
BO_TO   449: size=1048576 offset=0
BO_TO   449: size=1048576 offset=0
BO_TO   449: size=1048576 offset=0
BO_TO   449: size=1048576 offset=0
BO_TO   449: size=1048576 offset=0
BO_FROM 449: size=1048576 offset=0 -> /tmp/cap/bo_from_449_1048576.bin
'tBO_TO   450: size=1048576 offset=0
BO_TO   450: size=1048576 offset=0
BO_TO   450: size=1048576 offset=0
BO_TO   450: size=1048576 offset=0
BO_TO   450: size=1048576 offset=0
BO_TO   450: size=1048576 offset=0
BO_TO   450: size=1048576 offset=0
BO_TO   450: size=1048576 offset=0
BO_TO   450: size=1048576 offset=0
BO_TO   450: size=1048576 offset=0
BO_TO   450: size=1048576 offset=0
BO_TO   450: size=1048576 offset=0
BO_TO   450: size=1048576 offset=0
BO_TO   450: size=1048576 offset=0
BO_TO   450: size=1048576 offset=0
BO_TO   450: size=1048576 offset=0
BO_TO   450: size=1048576 offset=0
BO_TO   450: size=1048576 offset=0
BO_TO   450: size=1048576 offset=0
BO_TO   450: size=1048576 offset=0
BO_TO   450: size=1048576 offset=0
BO_TO   450: size=1048576 offset=0
BO_TO   450: size=1048576 offset=0
BO_TO   450: size=1048576 offset=0
BO_TO   450: size=1048576 offset=0
BO_TO   450: size=1048576 offset=0
BO_TO   450: size=1048576 offset=0
BO_TO   450: size=1048576 offset=0
BO_TO   450: size=1048576 offset=0
BO_FROM 450: size=1048576 offset=0 -> /tmp/cap/bo_from_450_1048576.bin
,BO_TO   451: size=1048576 offset=0
BO_TO   451: size=1048576 offset=0
BO_TO   451: size=1048576 offset=0
BO_TO   451: size=1048576 offset=0
BO_TO   451: size=1048576 offset=0
BO_TO   451: size=1048576 offset=0
BO_TO   451: size=1048576 offset=0
BO_TO   451: size=1048576 offset=0
BO_TO   451: size=1048576 offset=0
BO_TO   451: size=1048576 offset=0
BO_TO   451: size=1048576 offset=0
BO_TO   451: size=1048576 offset=0
BO_TO   451: size=1048576 offset=0
BO_TO   451: size=1048576 offset=0
BO_TO   451: size=1048576 offset=0
BO_TO   451: size=1048576 offset=0
BO_TO   451: size=1048576 offset=0
BO_TO   451: size=1048576 offset=0
BO_TO   451: size=1048576 offset=0
BO_TO   451: size=1048576 offset=0
BO_TO   451: size=1048576 offset=0
BO_TO   451: size=1048576 offset=0
BO_TO   451: size=1048576 offset=0
BO_TO   451: size=1048576 offset=0
BO_TO   451: size=1048576 offset=0
BO_TO   451: size=1048576 offset=0
BO_TO   451: size=1048576 offset=0
BO_TO   451: size=1048576 offset=0
BO_TO   451: size=1048576 offset=0
BO_FROM 451: size=1048576 offset=0 -> /tmp/cap/bo_from_451_1048576.bin
 aBO_TO   452: size=1048576 offset=0
BO_TO   452: size=1048576 offset=0
BO_TO   452: size=1048576 offset=0
BO_TO   452: size=1048576 offset=0
BO_TO   452: size=1048576 offset=0
BO_TO   452: size=1048576 offset=0
BO_TO   452: size=1048576 offset=0
BO_TO   452: size=1048576 offset=0
BO_TO   452: size=1048576 offset=0
BO_TO   452: size=1048576 offset=0
BO_TO   452: size=1048576 offset=0
BO_TO   452: size=1048576 offset=0
BO_TO   452: size=1048576 offset=0
BO_TO   452: size=1048576 offset=0
BO_TO   452: size=1048576 offset=0
BO_TO   452: size=1048576 offset=0
BO_TO   452: size=1048576 offset=0
BO_TO   452: size=1048576 offset=0
BO_TO   452: size=1048576 offset=0
BO_TO   452: size=1048576 offset=0
BO_TO   452: size=1048576 offset=0
BO_TO   452: size=1048576 offset=0
BO_TO   452: size=1048576 offset=0
BO_TO   452: size=1048576 offset=0
BO_TO   452: size=1048576 offset=0
BO_TO   452: size=1048576 offset=0
BO_TO   452: size=1048576 offset=0
BO_TO   452: size=1048576 offset=0
BO_TO   452: size=1048576 offset=0
BO_FROM 452: size=1048576 offset=0 -> /tmp/cap/bo_from_452_1048576.bin
 generalBO_TO   453: size=1048576 offset=0
BO_TO   453: size=1048576 offset=0
BO_TO   453: size=1048576 offset=0
BO_TO   453: size=1048576 offset=0
BO_TO   453: size=1048576 offset=0
BO_TO   453: size=1048576 offset=0
BO_TO   453: size=1048576 offset=0
BO_TO   453: size=1048576 offset=0
BO_TO   453: size=1048576 offset=0
BO_TO   453: size=1048576 offset=0
BO_TO   453: size=1048576 offset=0
BO_TO   453: size=1048576 offset=0
BO_TO   453: size=1048576 offset=0
BO_TO   453: size=1048576 offset=0
BO_TO   453: size=1048576 offset=0
BO_TO   453: size=1048576 offset=0
BO_TO   453: size=1048576 offset=0
BO_TO   453: size=1048576 offset=0
BO_TO   453: size=1048576 offset=0
BO_TO   453: size=1048576 offset=0
BO_TO   453: size=1048576 offset=0
BO_TO   453: size=1048576 offset=0
BO_TO   453: size=1048576 offset=0
BO_TO   453: size=1048576 offset=0
BO_TO   453: size=1048576 offset=0
BO_TO   453: size=1048576 offset=0
BO_TO   453: size=1048576 offset=0
BO_TO   453: size=1048576 offset=0
BO_TO   453: size=1048576 offset=0
BO_FROM 453: size=1048576 offset=0 -> /tmp/cap/bo_from_453_1048576.bin
 greetingBO_TO   454: size=1048576 offset=0
BO_TO   454: size=1048576 offset=0
BO_TO   454: size=1048576 offset=0
BO_TO   454: size=1048576 offset=0
BO_TO   454: size=1048576 offset=0
BO_TO   454: size=1048576 offset=0
BO_TO   454: size=1048576 offset=0
BO_TO   454: size=1048576 offset=0
BO_TO   454: size=1048576 offset=0
BO_TO   454: size=1048576 offset=0
BO_TO   454: size=1048576 offset=0
BO_TO   454: size=1048576 offset=0
BO_TO   454: size=1048576 offset=0
BO_TO   454: size=1048576 offset=0
BO_TO   454: size=1048576 offset=0
BO_TO   454: size=1048576 offset=0
BO_TO   454: size=1048576 offset=0
BO_TO   454: size=1048576 offset=0
BO_TO   454: size=1048576 offset=0
BO_TO   454: size=1048576 offset=0
BO_TO   454: size=1048576 offset=0
BO_TO   454: size=1048576 offset=0
BO_TO   454: size=1048576 offset=0
BO_TO   454: size=1048576 offset=0
BO_TO   454: size=1048576 offset=0
BO_TO   454: size=1048576 offset=0
BO_TO   454: size=1048576 offset=0
BO_TO   454: size=1048576 offset=0
BO_TO   454: size=1048576 offset=0
BO_FROM 454: size=1048576 offset=0 -> /tmp/cap/bo_from_454_1048576.bin
 isBO_TO   455: size=1048576 offset=0
BO_TO   455: size=1048576 offset=0
BO_TO   455: size=1048576 offset=0
BO_TO   455: size=1048576 offset=0
BO_TO   455: size=1048576 offset=0
BO_TO   455: size=1048576 offset=0
BO_TO   455: size=1048576 offset=0
BO_TO   455: size=1048576 offset=0
BO_TO   455: size=1048576 offset=0
BO_TO   455: size=1048576 offset=0
BO_TO   455: size=1048576 offset=0
BO_TO   455: size=1048576 offset=0
BO_TO   455: size=1048576 offset=0
BO_TO   455: size=1048576 offset=0
BO_TO   455: size=1048576 offset=0
BO_TO   455: size=1048576 offset=0
BO_TO   455: size=1048576 offset=0
BO_TO   455: size=1048576 offset=0
BO_TO   455: size=1048576 offset=0
BO_TO   455: size=1048576 offset=0
BO_TO   455: size=1048576 offset=0
BO_TO   455: size=1048576 offset=0
BO_TO   455: size=1048576 offset=0
BO_TO   455: size=1048576 offset=0
BO_TO   455: size=1048576 offset=0
BO_TO   455: size=1048576 offset=0
BO_TO   455: size=1048576 offset=0
BO_TO   455: size=1048576 offset=0
BO_TO   455: size=1048576 offset=0
BO_FROM 455: size=1048576 offset=0 -> /tmp/cap/bo_from_455_1048576.bin
 suitableBO_TO   456: size=1048576 offset=0
BO_TO   456: size=1048576 offset=0
BO_TO   456: size=1048576 offset=0
BO_TO   456: size=1048576 offset=0
BO_TO   456: size=1048576 offset=0
BO_TO   456: size=1048576 offset=0
BO_TO   456: size=1048576 offset=0
BO_TO   456: size=1048576 offset=0
BO_TO   456: size=1048576 offset=0
BO_TO   456: size=1048576 offset=0
BO_TO   456: size=1048576 offset=0
BO_TO   456: size=1048576 offset=0
BO_TO   456: size=1048576 offset=0
BO_TO   456: size=1048576 offset=0
BO_TO   456: size=1048576 offset=0
BO_TO   456: size=1048576 offset=0
BO_TO   456: size=1048576 offset=0
BO_TO   456: size=1048576 offset=0
BO_TO   456: size=1048576 offset=0
BO_TO   456: size=1048576 offset=0
BO_TO   456: size=1048576 offset=0
BO_TO   456: size=1048576 offset=0
BO_TO   456: size=1048576 offset=0
BO_TO   456: size=1048576 offset=0
BO_TO   456: size=1048576 offset=0
BO_TO   456: size=1048576 offset=0
BO_TO   456: size=1048576 offset=0
BO_TO   456: size=1048576 offset=0
BO_TO   456: size=1048576 offset=0
BO_FROM 456: size=1048576 offset=0 -> /tmp/cap/bo_from_456_1048576.bin
.BO_TO   457: size=1048576 offset=0
BO_TO   457: size=1048576 offset=0
BO_TO   457: size=1048576 offset=0
BO_TO   457: size=1048576 offset=0
BO_TO   457: size=1048576 offset=0
BO_TO   457: size=1048576 offset=0
BO_TO   457: size=1048576 offset=0
BO_TO   457: size=1048576 offset=0
BO_TO   457: size=1048576 offset=0
BO_TO   457: size=1048576 offset=0
BO_TO   457: size=1048576 offset=0
BO_TO   457: size=1048576 offset=0
BO_TO   457: size=1048576 offset=0
BO_TO   457: size=1048576 offset=0
BO_TO   457: size=1048576 offset=0
BO_TO   457: size=1048576 offset=0
BO_TO   457: size=1048576 offset=0
BO_TO   457: size=1048576 offset=0
BO_TO   457: size=1048576 offset=0
BO_TO   457: size=1048576 offset=0
BO_TO   457: size=1048576 offset=0
BO_TO   457: size=1048576 offset=0
BO_TO   457: size=1048576 offset=0
BO_TO   457: size=1048576 offset=0
BO_TO   457: size=1048576 offset=0
BO_TO   457: size=1048576 offset=0
BO_TO   457: size=1048576 offset=0
BO_TO   457: size=1048576 offset=0
BO_TO   457: size=1048576 offset=0
BO_FROM 457: size=1048576 offset=0 -> /tmp/cap/bo_from_457_1048576.bin
 AlrightBO_TO   458: size=1048576 offset=0
BO_TO   458: size=1048576 offset=0
BO_TO   458: size=1048576 offset=0
BO_TO   458: size=1048576 offset=0
BO_TO   458: size=1048576 offset=0
BO_TO   458: size=1048576 offset=0
BO_TO   458: size=1048576 offset=0
BO_TO   458: size=1048576 offset=0
BO_TO   458: size=1048576 offset=0
BO_TO   458: size=1048576 offset=0
BO_TO   458: size=1048576 offset=0
BO_TO   458: size=1048576 offset=0
BO_TO   458: size=1048576 offset=0
BO_TO   458: size=1048576 offset=0
BO_TO   458: size=1048576 offset=0
BO_TO   458: size=1048576 offset=0
BO_TO   458: size=1048576 offset=0
BO_TO   458: size=1048576 offset=0
BO_TO   458: size=1048576 offset=0
BO_TO   458: size=1048576 offset=0
BO_TO   458: size=1048576 offset=0
BO_TO   458: size=1048576 offset=0
BO_TO   458: size=1048576 offset=0
BO_TO   458: size=1048576 offset=0
BO_TO   458: size=1048576 offset=0
BO_TO   458: size=1048576 offset=0
BO_TO   458: size=1048576 offset=0
BO_TO   458: size=1048576 offset=0
BO_TO   458: size=1048576 offset=0
BO_FROM 458: size=1048576 offset=0 -> /tmp/cap/bo_from_458_1048576.bin
,BO_TO   459: size=1048576 offset=0
BO_TO   459: size=1048576 offset=0
BO_TO   459: size=1048576 offset=0
BO_TO   459: size=1048576 offset=0
BO_TO   459: size=1048576 offset=0
BO_TO   459: size=1048576 offset=0
BO_TO   459: size=1048576 offset=0
BO_TO   459: size=1048576 offset=0
BO_TO   459: size=1048576 offset=0
BO_TO   459: size=1048576 offset=0
BO_TO   459: size=1048576 offset=0
BO_TO   459: size=1048576 offset=0
BO_TO   459: size=1048576 offset=0
BO_TO   459: size=1048576 offset=0
BO_TO   459: size=1048576 offset=0
BO_TO   459: size=1048576 offset=0
BO_TO   459: size=1048576 offset=0
BO_TO   459: size=1048576 offset=0
BO_TO   459: size=1048576 offset=0
BO_TO   459: size=1048576 offset=0
BO_TO   459: size=1048576 offset=0
BO_TO   459: size=1048576 offset=0
BO_TO   459: size=1048576 offset=0
BO_TO   459: size=1048576 offset=0
BO_TO   459: size=1048576 offset=0
BO_TO   459: size=1048576 offset=0
BO_TO   459: size=1048576 offset=0
BO_TO   459: size=1048576 offset=0
BO_TO   459: size=1048576 offset=0
BO_FROM 459: size=1048576 offset=0 -> /tmp/cap/bo_from_459_1048576.bin
 timeBO_TO   460: size=1048576 offset=0
BO_TO   460: size=1048576 offset=0
BO_TO   460: size=1048576 offset=0
BO_TO   460: size=1048576 offset=0
BO_TO   460: size=1048576 offset=0
BO_TO   460: size=1048576 offset=0
BO_TO   460: size=1048576 offset=0
BO_TO   460: size=1048576 offset=0
BO_TO   460: size=1048576 offset=0
BO_TO   460: size=1048576 offset=0
BO_TO   460: size=1048576 offset=0
BO_TO   460: size=1048576 offset=0
BO_TO   460: size=1048576 offset=0
BO_TO   460: size=1048576 offset=0
BO_TO   460: size=1048576 offset=0
BO_TO   460: size=1048576 offset=0
BO_TO   460: size=1048576 offset=0
BO_TO   460: size=1048576 offset=0
BO_TO   460: size=1048576 offset=0
BO_TO   460: size=1048576 offset=0
BO_TO   460: size=1048576 offset=0
BO_TO   460: size=1048576 offset=0
BO_TO   460: size=1048576 offset=0
BO_TO   460: size=1048576 offset=0
BO_TO   460: size=1048576 offset=0
BO_TO   460: size=1048576 offset=0
BO_TO   460: size=1048576 offset=0
BO_TO   460: size=1048576 offset=0
BO_TO   460: size=1048576 offset=0
BO_FROM 460: size=1048576 offset=0 -> /tmp/cap/bo_from_460_1048576.bin
 toBO_TO   461: size=1048576 offset=0
BO_TO   461: size=1048576 offset=0
BO_TO   461: size=1048576 offset=0
BO_TO   461: size=1048576 offset=0
BO_TO   461: size=1048576 offset=0
BO_TO   461: size=1048576 offset=0
BO_TO   461: size=1048576 offset=0
BO_TO   461: size=1048576 offset=0
BO_TO   461: size=1048576 offset=0
BO_TO   461: size=1048576 offset=0
BO_TO   461: size=1048576 offset=0
BO_TO   461: size=1048576 offset=0
BO_TO   461: size=1048576 offset=0
BO_TO   461: size=1048576 offset=0
BO_TO   461: size=1048576 offset=0
BO_TO   461: size=1048576 offset=0
BO_TO   461: size=1048576 offset=0
BO_TO   461: size=1048576 offset=0
BO_TO   461: size=1048576 offset=0
BO_TO   461: size=1048576 offset=0
BO_TO   461: size=1048576 offset=0
BO_TO   461: size=1048576 offset=0
BO_TO   461: size=1048576 offset=0
BO_TO   461: size=1048576 offset=0
BO_TO   461: size=1048576 offset=0
BO_TO   461: size=1048576 offset=0
BO_TO   461: size=1048576 offset=0
BO_TO   461: size=1048576 offset=0
BO_TO   461: size=1048576 offset=0
BO_FROM 461: size=1048576 offset=0 -> /tmp/cap/bo_from_461_1048576.bin
 draftBO_TO   462: size=1048576 offset=0
BO_TO   462: size=1048576 offset=0
BO_TO   462: size=1048576 offset=0
BO_TO   462: size=1048576 offset=0
BO_TO   462: size=1048576 offset=0
BO_TO   462: size=1048576 offset=0
BO_TO   462: size=1048576 offset=0
BO_TO   462: size=1048576 offset=0
BO_TO   462: size=1048576 offset=0
BO_TO   462: size=1048576 offset=0
BO_TO   462: size=1048576 offset=0
BO_TO   462: size=1048576 offset=0
BO_TO   462: size=1048576 offset=0
BO_TO   462: size=1048576 offset=0
BO_TO   462: size=1048576 offset=0
BO_TO   462: size=1048576 offset=0
BO_TO   462: size=1048576 offset=0
BO_TO   462: size=1048576 offset=0
BO_TO   462: size=1048576 offset=0
BO_TO   462: size=1048576 offset=0
BO_TO   462: size=1048576 offset=0
BO_TO   462: size=1048576 offset=0
BO_TO   462: size=1048576 offset=0
BO_TO   462: size=1048576 offset=0
BO_TO   462: size=1048576 offset=0
BO_TO   462: size=1048576 offset=0
BO_TO   462: size=1048576 offset=0
BO_TO   462: size=1048576 offset=0
BO_TO   462: size=1048576 offset=0
BO_FROM 462: size=1048576 offset=0 -> /tmp/cap/bo_from_462_1048576.bin
 aBO_TO   463: size=1048576 offset=0
BO_TO   463: size=1048576 offset=0
BO_TO   463: size=1048576 offset=0
BO_TO   463: size=1048576 offset=0
BO_TO   463: size=1048576 offset=0
BO_TO   463: size=1048576 offset=0
BO_TO   463: size=1048576 offset=0
BO_TO   463: size=1048576 offset=0
BO_TO   463: size=1048576 offset=0
BO_TO   463: size=1048576 offset=0
BO_TO   463: size=1048576 offset=0
BO_TO   463: size=1048576 offset=0
BO_TO   463: size=1048576 offset=0
BO_TO   463: size=1048576 offset=0
BO_TO   463: size=1048576 offset=0
BO_TO   463: size=1048576 offset=0
BO_TO   463: size=1048576 offset=0
BO_TO   463: size=1048576 offset=0
BO_TO   463: size=1048576 offset=0
BO_TO   463: size=1048576 offset=0
BO_TO   463: size=1048576 offset=0
BO_TO   463: size=1048576 offset=0
BO_TO   463: size=1048576 offset=0
BO_TO   463: size=1048576 offset=0
BO_TO   463: size=1048576 offset=0
BO_TO   463: size=1048576 offset=0
BO_TO   463: size=1048576 offset=0
BO_TO   463: size=1048576 offset=0
BO_TO   463: size=1048576 offset=0
BO_FROM 463: size=1048576 offset=0 -> /tmp/cap/bo_from_463_1048576.bin
 friendlyBO_TO   464: size=1048576 offset=0
BO_TO   464: size=1048576 offset=0
BO_TO   464: size=1048576 offset=0
BO_TO   464: size=1048576 offset=0
BO_TO   464: size=1048576 offset=0
BO_TO   464: size=1048576 offset=0
BO_TO   464: size=1048576 offset=0
BO_TO   464: size=1048576 offset=0
BO_TO   464: size=1048576 offset=0
BO_TO   464: size=1048576 offset=0
BO_TO   464: size=1048576 offset=0
BO_TO   464: size=1048576 offset=0
BO_TO   464: size=1048576 offset=0
BO_TO   464: size=1048576 offset=0
BO_TO   464: size=1048576 offset=0
BO_TO   464: size=1048576 offset=0
BO_TO   464: size=1048576 offset=0
BO_TO   464: size=1048576 offset=0
BO_TO   464: size=1048576 offset=0
BO_TO   464: size=1048576 offset=0
BO_TO   464: size=1048576 offset=0
BO_TO   464: size=1048576 offset=0
BO_TO   464: size=1048576 offset=0
BO_TO   464: size=1048576 offset=0
BO_TO   464: size=1048576 offset=0
BO_TO   464: size=1048576 offset=0
BO_TO   464: size=1048576 offset=0
BO_TO   464: size=1048576 offset=0
BO_TO   464: size=1048576 offset=0
BO_FROM 464: size=1048576 offset=0 -> /tmp/cap/bo_from_464_1048576.bin
 replyBO_TO   465: size=1048576 offset=0
BO_TO   465: size=1048576 offset=0
BO_TO   465: size=1048576 offset=0
BO_TO   465: size=1048576 offset=0
BO_TO   465: size=1048576 offset=0
BO_TO   465: size=1048576 offset=0
BO_TO   465: size=1048576 offset=0
BO_TO   465: size=1048576 offset=0
BO_TO   465: size=1048576 offset=0
BO_TO   465: size=1048576 offset=0
BO_TO   465: size=1048576 offset=0
BO_TO   465: size=1048576 offset=0
BO_TO   465: size=1048576 offset=0
BO_TO   465: size=1048576 offset=0
BO_TO   465: size=1048576 offset=0
BO_TO   465: size=1048576 offset=0
BO_TO   465: size=1048576 offset=0
BO_TO   465: size=1048576 offset=0
BO_TO   465: size=1048576 offset=0
BO_TO   465: size=1048576 offset=0
BO_TO   465: size=1048576 offset=0
BO_TO   465: size=1048576 offset=0
BO_TO   465: size=1048576 offset=0
BO_TO   465: size=1048576 offset=0
BO_TO   465: size=1048576 offset=0
BO_TO   465: size=1048576 offset=0
BO_TO   465: size=1048576 offset=0
BO_TO   465: size=1048576 offset=0
BO_TO   465: size=1048576 offset=0
BO_FROM 465: size=1048576 offset=0 -> /tmp/cap/bo_from_465_1048576.bin
.
BO_TO   466: size=1048576 offset=0
BO_TO   466: size=1048576 offset=0
BO_TO   466: size=1048576 offset=0
BO_TO   466: size=1048576 offset=0
BO_TO   466: size=1048576 offset=0
BO_TO   466: size=1048576 offset=0
BO_TO   466: size=1048576 offset=0
BO_TO   466: size=1048576 offset=0
BO_TO   466: size=1048576 offset=0
BO_TO   466: size=1048576 offset=0
BO_TO   466: size=1048576 offset=0
BO_TO   466: size=1048576 offset=0
BO_TO   466: size=1048576 offset=0
BO_TO   466: size=1048576 offset=0
BO_TO   466: size=1048576 offset=0
BO_TO   466: size=1048576 offset=0
BO_TO   466: size=1048576 offset=0
BO_TO   466: size=1048576 offset=0
BO_TO   466: size=1048576 offset=0
BO_TO   466: size=1048576 offset=0
BO_TO   466: size=1048576 offset=0
BO_TO   466: size=1048576 offset=0
BO_TO   466: size=1048576 offset=0
BO_TO   466: size=1048576 offset=0
BO_TO   466: size=1048576 offset=0
BO_TO   466: size=1048576 offset=0
BO_TO   466: size=1048576 offset=0
BO_TO   466: size=1048576 offset=0
BO_TO   466: size=1048576 offset=0
BO_FROM 466: size=1048576 offset=0 -> /tmp/cap/bo_from_466_1048576.bin
</think>BO_TO   467: size=1048576 offset=0
BO_TO   467: size=1048576 offset=0
BO_TO   467: size=1048576 offset=0
BO_TO   467: size=1048576 offset=0
BO_TO   467: size=1048576 offset=0
BO_TO   467: size=1048576 offset=0
BO_TO   467: size=1048576 offset=0
BO_TO   467: size=1048576 offset=0
BO_TO   467: size=1048576 offset=0
BO_TO   467: size=1048576 offset=0
BO_TO   467: size=1048576 offset=0
BO_TO   467: size=1048576 offset=0
BO_TO   467: size=1048576 offset=0
BO_TO   467: size=1048576 offset=0
BO_TO   467: size=1048576 offset=0
BO_TO   467: size=1048576 offset=0
BO_TO   467: size=1048576 offset=0
BO_TO   467: size=1048576 offset=0
BO_TO   467: size=1048576 offset=0
BO_TO   467: size=1048576 offset=0
BO_TO   467: size=1048576 offset=0
BO_TO   467: size=1048576 offset=0
BO_TO   467: size=1048576 offset=0
BO_TO   467: size=1048576 offset=0
BO_TO   467: size=1048576 offset=0
BO_TO   467: size=1048576 offset=0
BO_TO   467: size=1048576 offset=0
BO_TO   467: size=1048576 offset=0
BO_TO   467: size=1048576 offset=0
BO_FROM 467: size=1048576 offset=0 -> /tmp/cap/bo_from_467_1048576.bin


BO_TO   468: size=1048576 offset=0
BO_TO   468: size=1048576 offset=0
BO_TO   468: size=1048576 offset=0
BO_TO   468: size=1048576 offset=0
BO_TO   468: size=1048576 offset=0
BO_TO   468: size=1048576 offset=0
BO_TO   468: size=1048576 offset=0
BO_TO   468: size=1048576 offset=0
BO_TO   468: size=1048576 offset=0
BO_TO   468: size=1048576 offset=0
BO_TO   468: size=1048576 offset=0
BO_TO   468: size=1048576 offset=0
BO_TO   468: size=1048576 offset=0
BO_TO   468: size=1048576 offset=0
BO_TO   468: size=1048576 offset=0
BO_TO   468: size=1048576 offset=0
BO_TO   468: size=1048576 offset=0
BO_TO   468: size=1048576 offset=0
BO_TO   468: size=1048576 offset=0
BO_TO   468: size=1048576 offset=0
BO_TO   468: size=1048576 offset=0
BO_TO   468: size=1048576 offset=0
BO_TO   468: size=1048576 offset=0
BO_TO   468: size=1048576 offset=0
BO_TO   468: size=1048576 offset=0
BO_TO   468: size=1048576 offset=0
BO_TO   468: size=1048576 offset=0
BO_TO   468: size=1048576 offset=0
BO_TO   468: size=1048576 offset=0
BO_FROM 468: size=1048576 offset=0 -> /tmp/cap/bo_from_468_1048576.bin
HelloBO_TO   469: size=1048576 offset=0
BO_TO   469: size=1048576 offset=0
BO_TO   469: size=1048576 offset=0
BO_TO   469: size=1048576 offset=0
BO_TO   469: size=1048576 offset=0
BO_TO   469: size=1048576 offset=0
BO_TO   469: size=1048576 offset=0
BO_TO   469: size=1048576 offset=0
BO_TO   469: size=1048576 offset=0
BO_TO   469: size=1048576 offset=0
BO_TO   469: size=1048576 offset=0
BO_TO   469: size=1048576 offset=0
BO_TO   469: size=1048576 offset=0
BO_TO   469: size=1048576 offset=0
BO_TO   469: size=1048576 offset=0
BO_TO   469: size=1048576 offset=0
BO_TO   469: size=1048576 offset=0
BO_TO   469: size=1048576 offset=0
BO_TO   469: size=1048576 offset=0
BO_TO   469: size=1048576 offset=0
BO_TO   469: size=1048576 offset=0
BO_TO   469: size=1048576 offset=0
BO_TO   469: size=1048576 offset=0
BO_TO   469: size=1048576 offset=0
BO_TO   469: size=1048576 offset=0
BO_TO   469: size=1048576 offset=0
BO_TO   469: size=1048576 offset=0
BO_TO   469: size=1048576 offset=0
BO_TO   469: size=1048576 offset=0
BO_FROM 469: size=1048576 offset=0 -> /tmp/cap/bo_from_469_1048576.bin
!BO_TO   470: size=1048576 offset=0
BO_TO   470: size=1048576 offset=0
BO_TO   470: size=1048576 offset=0
BO_TO   470: size=1048576 offset=0
BO_TO   470: size=1048576 offset=0
BO_TO   470: size=1048576 offset=0
BO_TO   470: size=1048576 offset=0
BO_TO   470: size=1048576 offset=0
BO_TO   470: size=1048576 offset=0
BO_TO   470: size=1048576 offset=0
BO_TO   470: size=1048576 offset=0
BO_TO   470: size=1048576 offset=0
BO_TO   470: size=1048576 offset=0
BO_TO   470: size=1048576 offset=0
BO_TO   470: size=1048576 offset=0
BO_TO   470: size=1048576 offset=0
BO_TO   470: size=1048576 offset=0
BO_TO   470: size=1048576 offset=0
BO_TO   470: size=1048576 offset=0
BO_TO   470: size=1048576 offset=0
BO_TO   470: size=1048576 offset=0
BO_TO   470: size=1048576 offset=0
BO_TO   470: size=1048576 offset=0
BO_TO   470: size=1048576 offset=0
BO_TO   470: size=1048576 offset=0
BO_TO   470: size=1048576 offset=0
BO_TO   470: size=1048576 offset=0
BO_TO   470: size=1048576 offset=0
BO_TO   470: size=1048576 offset=0
BO_FROM 470: size=1048576 offset=0 -> /tmp/cap/bo_from_470_1048576.bin
 HowBO_TO   471: size=1048576 offset=0
BO_TO   471: size=1048576 offset=0
BO_TO   471: size=1048576 offset=0
BO_TO   471: size=1048576 offset=0
BO_TO   471: size=1048576 offset=0
BO_TO   471: size=1048576 offset=0
BO_TO   471: size=1048576 offset=0
BO_TO   471: size=1048576 offset=0
BO_TO   471: size=1048576 offset=0
BO_TO   471: size=1048576 offset=0
BO_TO   471: size=1048576 offset=0
BO_TO   471: size=1048576 offset=0
BO_TO   471: size=1048576 offset=0
BO_TO   471: size=1048576 offset=0
BO_TO   471: size=1048576 offset=0
BO_TO   471: size=1048576 offset=0
BO_TO   471: size=1048576 offset=0
BO_TO   471: size=1048576 offset=0
BO_TO   471: size=1048576 offset=0
BO_TO   471: size=1048576 offset=0
BO_TO   471: size=1048576 offset=0
BO_TO   471: size=1048576 offset=0
BO_TO   471: size=1048576 offset=0
BO_TO   471: size=1048576 offset=0
BO_TO   471: size=1048576 offset=0
BO_TO   471: size=1048576 offset=0
BO_TO   471: size=1048576 offset=0
BO_TO   471: size=1048576 offset=0
BO_TO   471: size=1048576 offset=0
BO_FROM 471: size=1048576 offset=0 -> /tmp/cap/bo_from_471_1048576.bin
 canBO_TO   472: size=1048576 offset=0
BO_TO   472: size=1048576 offset=0
BO_TO   472: size=1048576 offset=0
BO_TO   472: size=1048576 offset=0
BO_TO   472: size=1048576 offset=0
BO_TO   472: size=1048576 offset=0
BO_TO   472: size=1048576 offset=0
BO_TO   472: size=1048576 offset=0
BO_TO   472: size=1048576 offset=0
BO_TO   472: size=1048576 offset=0
BO_TO   472: size=1048576 offset=0
BO_TO   472: size=1048576 offset=0
BO_TO   472: size=1048576 offset=0
BO_TO   472: size=1048576 offset=0
BO_TO   472: size=1048576 offset=0
BO_TO   472: size=1048576 offset=0
BO_TO   472: size=1048576 offset=0
BO_TO   472: size=1048576 offset=0
BO_TO   472: size=1048576 offset=0
BO_TO   472: size=1048576 offset=0
BO_TO   472: size=1048576 offset=0
BO_TO   472: size=1048576 offset=0
BO_TO   472: size=1048576 offset=0
BO_TO   472: size=1048576 offset=0
BO_TO   472: size=1048576 offset=0
BO_TO   472: size=1048576 offset=0
BO_TO   472: size=1048576 offset=0
BO_TO   472: size=1048576 offset=0
BO_TO   472: size=1048576 offset=0
BO_FROM 472: size=1048576 offset=0 -> /tmp/cap/bo_from_472_1048576.bin
 IBO_TO   473: size=1048576 offset=0
BO_TO   473: size=1048576 offset=0
BO_TO   473: size=1048576 offset=0
BO_TO   473: size=1048576 offset=0
BO_TO   473: size=1048576 offset=0
BO_TO   473: size=1048576 offset=0
BO_TO   473: size=1048576 offset=0
BO_TO   473: size=1048576 offset=0
BO_TO   473: size=1048576 offset=0
BO_TO   473: size=1048576 offset=0
BO_TO   473: size=1048576 offset=0
BO_TO   473: size=1048576 offset=0
BO_TO   473: size=1048576 offset=0
BO_TO   473: size=1048576 offset=0
BO_TO   473: size=1048576 offset=0
BO_TO   473: size=1048576 offset=0
BO_TO   473: size=1048576 offset=0
BO_TO   473: size=1048576 offset=0
BO_TO   473: size=1048576 offset=0
BO_TO   473: size=1048576 offset=0
BO_TO   473: size=1048576 offset=0
BO_TO   473: size=1048576 offset=0
BO_TO   473: size=1048576 offset=0
BO_TO   473: size=1048576 offset=0
BO_TO   473: size=1048576 offset=0
BO_TO   473: size=1048576 offset=0
BO_TO   473: size=1048576 offset=0
BO_TO   473: size=1048576 offset=0
BO_TO   473: size=1048576 offset=0
BO_FROM 473: size=1048576 offset=0 -> /tmp/cap/bo_from_473_1048576.bin
 assistBO_TO   474: size=1048576 offset=0
BO_TO   474: size=1048576 offset=0
BO_TO   474: size=1048576 offset=0
BO_TO   474: size=1048576 offset=0
BO_TO   474: size=1048576 offset=0
BO_TO   474: size=1048576 offset=0
BO_TO   474: size=1048576 offset=0
BO_TO   474: size=1048576 offset=0
BO_TO   474: size=1048576 offset=0
BO_TO   474: size=1048576 offset=0
BO_TO   474: size=1048576 offset=0
BO_TO   474: size=1048576 offset=0
BO_TO   474: size=1048576 offset=0
BO_TO   474: size=1048576 offset=0
BO_TO   474: size=1048576 offset=0
BO_TO   474: size=1048576 offset=0
BO_TO   474: size=1048576 offset=0
BO_TO   474: size=1048576 offset=0
BO_TO   474: size=1048576 offset=0
BO_TO   474: size=1048576 offset=0
BO_TO   474: size=1048576 offset=0
BO_TO   474: size=1048576 offset=0
BO_TO   474: size=1048576 offset=0
BO_TO   474: size=1048576 offset=0
BO_TO   474: size=1048576 offset=0
BO_TO   474: size=1048576 offset=0
BO_TO   474: size=1048576 offset=0
BO_TO   474: size=1048576 offset=0
BO_TO   474: size=1048576 offset=0
BO_FROM 474: size=1048576 offset=0 -> /tmp/cap/bo_from_474_1048576.bin
 youBO_TO   475: size=1048576 offset=0
BO_TO   475: size=1048576 offset=0
BO_TO   475: size=1048576 offset=0
BO_TO   475: size=1048576 offset=0
BO_TO   475: size=1048576 offset=0
BO_TO   475: size=1048576 offset=0
BO_TO   475: size=1048576 offset=0
BO_TO   475: size=1048576 offset=0
BO_TO   475: size=1048576 offset=0
BO_TO   475: size=1048576 offset=0
BO_TO   475: size=1048576 offset=0
BO_TO   475: size=1048576 offset=0
BO_TO   475: size=1048576 offset=0
BO_TO   475: size=1048576 offset=0
BO_TO   475: size=1048576 offset=0
BO_TO   475: size=1048576 offset=0
BO_TO   475: size=1048576 offset=0
BO_TO   475: size=1048576 offset=0
BO_TO   475: size=1048576 offset=0
BO_TO   475: size=1048576 offset=0
BO_TO   475: size=1048576 offset=0
BO_TO   475: size=1048576 offset=0
BO_TO   475: size=1048576 offset=0
BO_TO   475: size=1048576 offset=0
BO_TO   475: size=1048576 offset=0
BO_TO   475: size=1048576 offset=0
BO_TO   475: size=1048576 offset=0
BO_TO   475: size=1048576 offset=0
BO_TO   475: size=1048576 offset=0
BO_FROM 475: size=1048576 offset=0 -> /tmp/cap/bo_from_475_1048576.bin
 todayBO_TO   476: size=1048576 offset=0
BO_TO   476: size=1048576 offset=0
BO_TO   476: size=1048576 offset=0
BO_TO   476: size=1048576 offset=0
BO_TO   476: size=1048576 offset=0
BO_TO   476: size=1048576 offset=0
BO_TO   476: size=1048576 offset=0
BO_TO   476: size=1048576 offset=0
BO_TO   476: size=1048576 offset=0
BO_TO   476: size=1048576 offset=0
BO_TO   476: size=1048576 offset=0
BO_TO   476: size=1048576 offset=0
BO_TO   476: size=1048576 offset=0
BO_TO   476: size=1048576 offset=0
BO_TO   476: size=1048576 offset=0
BO_TO   476: size=1048576 offset=0
BO_TO   476: size=1048576 offset=0
BO_TO   476: size=1048576 offset=0
BO_TO   476: size=1048576 offset=0
BO_TO   476: size=1048576 offset=0
BO_TO   476: size=1048576 offset=0
BO_TO   476: size=1048576 offset=0
BO_TO   476: size=1048576 offset=0
BO_TO   476: size=1048576 offset=0
BO_TO   476: size=1048576 offset=0
BO_TO   476: size=1048576 offset=0
BO_TO   476: size=1048576 offset=0
BO_TO   476: size=1048576 offset=0
BO_TO   476: size=1048576 offset=0
BO_FROM 476: size=1048576 offset=0 -> /tmp/cap/bo_from_476_1048576.bin
?BO_TO   477: size=1048576 offset=0
BO_TO   477: size=1048576 offset=0
BO_TO   477: size=1048576 offset=0
BO_TO   477: size=1048576 offset=0
BO_TO   477: size=1048576 offset=0
BO_TO   477: size=1048576 offset=0
BO_TO   477: size=1048576 offset=0
BO_TO   477: size=1048576 offset=0
BO_TO   477: size=1048576 offset=0
BO_TO   477: size=1048576 offset=0
BO_TO   477: size=1048576 offset=0
BO_TO   477: size=1048576 offset=0
BO_TO   477: size=1048576 offset=0
BO_TO   477: size=1048576 offset=0
BO_TO   477: size=1048576 offset=0
BO_TO   477: size=1048576 offset=0
BO_TO   477: size=1048576 offset=0
BO_TO   477: size=1048576 offset=0
BO_TO   477: size=1048576 offset=0
BO_TO   477: size=1048576 offset=0
BO_TO   477: size=1048576 offset=0
BO_TO   477: size=1048576 offset=0
BO_TO   477: size=1048576 offset=0
BO_TO   477: size=1048576 offset=0
BO_TO   477: size=1048576 offset=0
BO_TO   477: size=1048576 offset=0
BO_TO   477: size=1048576 offset=0
BO_TO   477: size=1048576 offset=0
BO_TO   477: size=1048576 offset=0
BO_FROM 477: size=1048576 offset=0 -> /tmp/cap/bo_from_477_1048576.bin
 ðŸ˜BO_TO   478: size=1048576 offset=0
BO_TO   478: size=1048576 offset=0
BO_TO   478: size=1048576 offset=0
BO_TO   478: size=1048576 offset=0
BO_TO   478: size=1048576 offset=0
BO_TO   478: size=1048576 offset=0
BO_TO   478: size=1048576 offset=0
BO_TO   478: size=1048576 offset=0
BO_TO   478: size=1048576 offset=0
BO_TO   478: size=1048576 offset=0
BO_TO   478: size=1048576 offset=0
BO_TO   478: size=1048576 offset=0
BO_TO   478: size=1048576 offset=0
BO_TO   478: size=1048576 offset=0
BO_TO   478: size=1048576 offset=0
BO_TO   478: size=1048576 offset=0
BO_TO   478: size=1048576 offset=0
BO_TO   478: size=1048576 offset=0
BO_TO   478: size=1048576 offset=0
BO_TO   478: size=1048576 offset=0
BO_TO   478: size=1048576 offset=0
BO_TO   478: size=1048576 offset=0
BO_TO   478: size=1048576 offset=0
BO_TO   478: size=1048576 offset=0
BO_TO   478: size=1048576 offset=0
BO_TO   478: size=1048576 offset=0
BO_TO   478: size=1048576 offset=0
BO_TO   478: size=1048576 offset=0
BO_TO   478: size=1048576 offset=0
BO_FROM 478: size=1048576 offset=0 -> /tmp/cap/bo_from_478_1048576.bin
ŠBO_TO   479: size=1048576 offset=0
BO_TO   479: size=1048576 offset=0
BO_TO   479: size=1048576 offset=0
BO_TO   479: size=1048576 offset=0
BO_TO   479: size=1048576 offset=0
BO_TO   479: size=1048576 offset=0
BO_TO   479: size=1048576 offset=0
BO_TO   479: size=1048576 offset=0
BO_TO   479: size=1048576 offset=0
BO_TO   479: size=1048576 offset=0
BO_TO   479: size=1048576 offset=0
BO_TO   479: size=1048576 offset=0
BO_TO   479: size=1048576 offset=0
BO_TO   479: size=1048576 offset=0
BO_TO   479: size=1048576 offset=0
BO_TO   479: size=1048576 offset=0
BO_TO   479: size=1048576 offset=0
BO_TO   479: size=1048576 offset=0
BO_TO   479: size=1048576 offset=0
BO_TO   479: size=1048576 offset=0
BO_TO   479: size=1048576 offset=0
BO_TO   479: size=1048576 offset=0
BO_TO   479: size=1048576 offset=0
BO_TO   479: size=1048576 offset=0
BO_TO   479: size=1048576 offset=0
BO_TO   479: size=1048576 offset=0
BO_TO   479: size=1048576 offset=0
BO_TO   479: size=1048576 offset=0
BO_TO   479: size=1048576 offset=0
BO_FROM 479: size=1048576 offset=0 -> /tmp/cap/bo_from_479_1048576.bin
BO_TO   480: size=1048576 offset=0
BO_TO   480: size=1048576 offset=0
BO_TO   480: size=1048576 offset=0
BO_TO   480: size=1048576 offset=0
BO_TO   480: size=1048576 offset=0
BO_TO   480: size=1048576 offset=0
BO_TO   480: size=1048576 offset=0
BO_TO   480: size=1048576 offset=0
BO_TO   480: size=1048576 offset=0
BO_TO   480: size=1048576 offset=0
BO_TO   480: size=1048576 offset=0
BO_TO   480: size=1048576 offset=0
BO_TO   480: size=1048576 offset=0
BO_TO   480: size=1048576 offset=0
BO_TO   480: size=1048576 offset=0
BO_TO   480: size=1048576 offset=0
BO_TO   480: size=1048576 offset=0
BO_TO   480: size=1048576 offset=0
BO_TO   480: size=1048576 offset=0
BO_TO   480: size=1048576 offset=0
BO_TO   480: size=1048576 offset=0
BO_TO   480: size=1048576 offset=0
BO_TO   480: size=1048576 offset=0
BO_TO   480: size=1048576 offset=0
BO_TO   480: size=1048576 offset=0
BO_TO   480: size=1048576 offset=0
BO_TO   480: size=1048576 offset=0
BO_TO   480: size=1048576 offset=0
BO_TO   480: size=1048576 offset=0
BO_FROM 480: size=1048576 offset=0 -> /tmp/cap/bo_from_480_1048576.bin

[FLM]  Model RAW Output: 
<think>
Okay, the user just said "Hello". I need to respond appropriately. Let me think about how to greet them.

First, a simple and friendly greeting is great. Maybe start with "Hello!" and add a light-hearted comment. Since they might be testing or just want a quick response, keeping it straightforward is best.

What could I say? Something like "Hello! How can I assist you today?" That shows willingness to help and keeps the conversation going. Alternatively, a playful way like "Hey there! What's up?" would also work.

I should make sure the response is positive and not too verbose. Let me check if there's any specific context needed, but since there isn't, a general greeting is suitable. Alright, time to draft a friendly reply.
</think>

Hello! How can I assist you today? ðŸ˜Š


  Statistics:
    Total tokens:        185 (186)
    Total time:          3.44902 s
    Decoding time:       1.8223 s
    Prefill time:        1.24179 s
    Average decoding speed:       93.8372 tokens/s
    Average prefill  speed:       11.274 tokens/s

Prompt: How are you
Response: 
BO_TO   481: size=1048576 offset=0
BO_TO   481: size=1048576 offset=0
BO_TO   481: size=1048576 offset=0
BO_TO   481: size=1048576 offset=0
BO_TO   481: size=1048576 offset=0
BO_TO   481: size=1048576 offset=0
BO_TO   481: size=1048576 offset=0
BO_TO   481: size=1048576 offset=0
BO_TO   481: size=1048576 offset=0
BO_TO   481: size=1048576 offset=0
BO_TO   481: size=1048576 offset=0
BO_TO   481: size=1048576 offset=0
BO_TO   481: size=1048576 offset=0
BO_TO   481: size=1048576 offset=0
BO_TO   481: size=1048576 offset=0
BO_TO   481: size=1048576 offset=0
BO_TO   481: size=1048576 offset=0
BO_TO   481: size=1048576 offset=0
BO_TO   481: size=1048576 offset=0
BO_TO   481: size=1048576 offset=0
BO_TO   481: size=1048576 offset=0
BO_TO   481: size=1048576 offset=0
BO_TO   481: size=1048576 offset=0
BO_TO   481: size=1048576 offset=0
BO_TO   481: size=1048576 offset=0
BO_TO   481: size=1048576 offset=0
BO_TO   481: size=1048576 offset=0
BO_TO   481: size=1048576 offset=0
BO_TO   481: size=1048576 offset=0
BO_FROM 481: size=1048576 offset=0 -> /tmp/cap/bo_from_481_1048576.bin
BO_TO   482: size=1048576 offset=0
BO_FROM 482: size=1048576 offset=0 -> /tmp/cap/bo_from_482_1048576.bin
BO_TO   483: size=1048576 offset=0
BO_TO   483: size=1048576 offset=0
BO_FROM 483: size=1048576 offset=0 -> /tmp/cap/bo_from_483_1048576.bin
BO_FROM 484: size=134217728 offset=0 -> /tmp/cap/bo_from_484_134217728.bin
BO_TO   485: size=134217728 offset=0
BO_FROM 485: size=1048576 offset=0 -> /tmp/cap/bo_from_485_1048576.bin
BO_FROM 486: size=1048576 offset=0 -> /tmp/cap/bo_from_486_1048576.bin
BO_TO   487: size=1048576 offset=0
BO_TO   487: size=6291456 offset=0
BO_FROM 487: size=2097152 offset=0 -> /tmp/cap/bo_from_487_2097152.bin
BO_TO   488: size=6291456 offset=0
BO_FROM 488: size=2097152 offset=0 -> /tmp/cap/bo_from_488_2097152.bin
BO_TO   489: size=2097152 offset=0
BO_FROM 489: size=6291456 offset=0 -> /tmp/cap/bo_from_489_6291456.bin
BO_FROM 490: size=1048576 offset=0 -> /tmp/cap/bo_from_490_1048576.bin
BO_TO   491: size=1048576 offset=0
BO_FROM 491: size=1048576 offset=0 -> /tmp/cap/bo_from_491_1048576.bin
BO_TO   492: size=1048576 offset=0
BO_FROM 492: size=1048576 offset=0 -> /tmp/cap/bo_from_492_1048576.bin
BO_TO   493: size=1048576 offset=0
BO_FROM 493: size=1048576 offset=0 -> /tmp/cap/bo_from_493_1048576.bin
BO_TO   494: size=1048576 offset=0
BO_TO   494: size=1048576 offset=0
BO_FROM 494: size=1048576 offset=0 -> /tmp/cap/bo_from_494_1048576.bin
BO_FROM 495: size=134217728 offset=0 -> /tmp/cap/bo_from_495_134217728.bin
BO_TO   496: size=134217728 offset=0
BO_FROM 496: size=1048576 offset=0 -> /tmp/cap/bo_from_496_1048576.bin
BO_FROM 497: size=1048576 offset=0 -> /tmp/cap/bo_from_497_1048576.bin
BO_TO   498: size=1048576 offset=0
BO_TO   498: size=6291456 offset=0
BO_FROM 498: size=2097152 offset=0 -> /tmp/cap/bo_from_498_2097152.bin
BO_TO   499: size=6291456 offset=0
BO_FROM 499: size=2097152 offset=0 -> /tmp/cap/bo_from_499_2097152.bin
BO_TO   500: size=2097152 offset=0
BO_FROM 500: size=6291456 offset=0 -> /tmp/cap/bo_from_500_6291456.bin
BO_FROM 501: size=1048576 offset=0 -> /tmp/cap/bo_from_501_1048576.bin
BO_TO   502: size=1048576 offset=0
BO_FROM 502: size=1048576 offset=0 -> /tmp/cap/bo_from_502_1048576.bin
BO_TO   503: size=1048576 offset=0
BO_FROM 503: size=1048576 offset=0 -> /tmp/cap/bo_from_503_1048576.bin
BO_TO   504: size=1048576 offset=0
BO_FROM 504: size=1048576 offset=0 -> /tmp/cap/bo_from_504_1048576.bin
BO_TO   505: size=1048576 offset=0
BO_TO   505: size=1048576 offset=0
BO_FROM 505: size=1048576 offset=0 -> /tmp/cap/bo_from_505_1048576.bin
BO_FROM 506: size=134217728 offset=0 -> /tmp/cap/bo_from_506_134217728.bin
BO_TO   507: size=134217728 offset=0
BO_FROM 507: size=1048576 offset=0 -> /tmp/cap/bo_from_507_1048576.bin
BO_FROM 508: size=1048576 offset=0 -> /tmp/cap/bo_from_508_1048576.bin
BO_TO   509: size=1048576 offset=0
BO_TO   509: size=6291456 offset=0
BO_FROM 509: size=2097152 offset=0 -> /tmp/cap/bo_from_509_2097152.bin
BO_TO   510: size=6291456 offset=0
BO_FROM 510: size=2097152 offset=0 -> /tmp/cap/bo_from_510_2097152.bin
BO_TO   511: size=2097152 offset=0
BO_FROM 511: size=6291456 offset=0 -> /tmp/cap/bo_from_511_6291456.bin
BO_FROM 512: size=1048576 offset=0 -> /tmp/cap/bo_from_512_1048576.bin
BO_TO   513: size=1048576 offset=0
BO_FROM 513: size=1048576 offset=0 -> /tmp/cap/bo_from_513_1048576.bin
BO_TO   514: size=1048576 offset=0
BO_FROM 514: size=1048576 offset=0 -> /tmp/cap/bo_from_514_1048576.bin
BO_TO   515: size=1048576 offset=0
BO_FROM 515: size=1048576 offset=0 -> /tmp/cap/bo_from_515_1048576.bin
BO_TO   516: size=1048576 offset=0
BO_TO   516: size=1048576 offset=0
BO_FROM 516: size=1048576 offset=0 -> /tmp/cap/bo_from_516_1048576.bin
BO_FROM 517: size=134217728 offset=0 -> /tmp/cap/bo_from_517_134217728.bin
BO_TO   518: size=134217728 offset=0
BO_FROM 518: size=1048576 offset=0 -> /tmp/cap/bo_from_518_1048576.bin
BO_FROM 519: size=1048576 offset=0 -> /tmp/cap/bo_from_519_1048576.bin
BO_TO   520: size=1048576 offset=0
BO_TO   520: size=6291456 offset=0
BO_FROM 520: size=2097152 offset=0 -> /tmp/cap/bo_from_520_2097152.bin
BO_TO   521: size=6291456 offset=0
BO_FROM 521: size=2097152 offset=0 -> /tmp/cap/bo_from_521_2097152.bin
BO_TO   522: size=2097152 offset=0
BO_FROM 522: size=6291456 offset=0 -> /tmp/cap/bo_from_522_6291456.bin
BO_FROM 523: size=1048576 offset=0 -> /tmp/cap/bo_from_523_1048576.bin
BO_TO   524: size=1048576 offset=0
BO_FROM 524: size=1048576 offset=0 -> /tmp/cap/bo_from_524_1048576.bin
BO_TO   525: size=1048576 offset=0
BO_FROM 525: size=1048576 offset=0 -> /tmp/cap/bo_from_525_1048576.bin
BO_TO   526: size=1048576 offset=0
BO_FROM 526: size=1048576 offset=0 -> /tmp/cap/bo_from_526_1048576.bin
BO_TO   527: size=1048576 offset=0
BO_TO   527: size=1048576 offset=0
BO_FROM 527: size=1048576 offset=0 -> /tmp/cap/bo_from_527_1048576.bin
BO_FROM 528: size=134217728 offset=0 -> /tmp/cap/bo_from_528_134217728.bin
BO_TO   529: size=134217728 offset=0
BO_FROM 529: size=1048576 offset=0 -> /tmp/cap/bo_from_529_1048576.bin
BO_FROM 530: size=1048576 offset=0 -> /tmp/cap/bo_from_530_1048576.bin
BO_TO   531: size=1048576 offset=0
BO_TO   531: size=6291456 offset=0
BO_FROM 531: size=2097152 offset=0 -> /tmp/cap/bo_from_531_2097152.bin
BO_TO   532: size=6291456 offset=0
BO_FROM 532: size=2097152 offset=0 -> /tmp/cap/bo_from_532_2097152.bin
BO_TO   533: size=2097152 offset=0
BO_FROM 533: size=6291456 offset=0 -> /tmp/cap/bo_from_533_6291456.bin
BO_FROM 534: size=1048576 offset=0 -> /tmp/cap/bo_from_534_1048576.bin
BO_TO   535: size=1048576 offset=0
BO_FROM 535: size=1048576 offset=0 -> /tmp/cap/bo_from_535_1048576.bin
BO_TO   536: size=1048576 offset=0
BO_FROM 536: size=1048576 offset=0 -> /tmp/cap/bo_from_536_1048576.bin
BO_TO   537: size=1048576 offset=0
BO_FROM 537: size=1048576 offset=0 -> /tmp/cap/bo_from_537_1048576.bin
BO_TO   538: size=1048576 offset=0
BO_TO   538: size=1048576 offset=0
BO_FROM 538: size=1048576 offset=0 -> /tmp/cap/bo_from_538_1048576.bin
BO_FROM 539: size=134217728 offset=0 -> /tmp/cap/bo_from_539_134217728.bin
BO_TO   540: size=134217728 offset=0
BO_FROM 540: size=1048576 offset=0 -> /tmp/cap/bo_from_540_1048576.bin
BO_FROM 541: size=1048576 offset=0 -> /tmp/cap/bo_from_541_1048576.bin
BO_TO   542: size=1048576 offset=0
BO_TO   542: size=6291456 offset=0
BO_FROM 542: size=2097152 offset=0 -> /tmp/cap/bo_from_542_2097152.bin
BO_TO   543: size=6291456 offset=0
BO_FROM 543: size=2097152 offset=0 -> /tmp/cap/bo_from_543_2097152.bin
BO_TO   544: size=2097152 offset=0
BO_FROM 544: size=6291456 offset=0 -> /tmp/cap/bo_from_544_6291456.bin
BO_FROM 545: size=1048576 offset=0 -> /tmp/cap/bo_from_545_1048576.bin
BO_TO   546: size=1048576 offset=0
BO_FROM 546: size=1048576 offset=0 -> /tmp/cap/bo_from_546_1048576.bin
BO_TO   547: size=1048576 offset=0
BO_FROM 547: size=1048576 offset=0 -> /tmp/cap/bo_from_547_1048576.bin
BO_TO   548: size=1048576 offset=0
BO_FROM 548: size=1048576 offset=0 -> /tmp/cap/bo_from_548_1048576.bin
BO_TO   549: size=1048576 offset=0
BO_TO   549: size=1048576 offset=0
BO_FROM 549: size=1048576 offset=0 -> /tmp/cap/bo_from_549_1048576.bin
BO_FROM 550: size=134217728 offset=0 -> /tmp/cap/bo_from_550_134217728.bin
BO_TO   551: size=134217728 offset=0
BO_FROM 551: size=1048576 offset=0 -> /tmp/cap/bo_from_551_1048576.bin
BO_FROM 552: size=1048576 offset=0 -> /tmp/cap/bo_from_552_1048576.bin
BO_TO   553: size=1048576 offset=0
BO_TO   553: size=6291456 offset=0
BO_FROM 553: size=2097152 offset=0 -> /tmp/cap/bo_from_553_2097152.bin
BO_TO   554: size=6291456 offset=0
BO_FROM 554: size=2097152 offset=0 -> /tmp/cap/bo_from_554_2097152.bin
BO_TO   555: size=2097152 offset=0
BO_FROM 555: size=6291456 offset=0 -> /tmp/cap/bo_from_555_6291456.bin
BO_FROM 556: size=1048576 offset=0 -> /tmp/cap/bo_from_556_1048576.bin
BO_TO   557: size=1048576 offset=0
BO_FROM 557: size=1048576 offset=0 -> /tmp/cap/bo_from_557_1048576.bin
BO_TO   558: size=1048576 offset=0
BO_FROM 558: size=1048576 offset=0 -> /tmp/cap/bo_from_558_1048576.bin
BO_TO   559: size=1048576 offset=0
BO_FROM 559: size=1048576 offset=0 -> /tmp/cap/bo_from_559_1048576.bin
BO_TO   560: size=1048576 offset=0
BO_TO   560: size=1048576 offset=0
BO_FROM 560: size=1048576 offset=0 -> /tmp/cap/bo_from_560_1048576.bin
BO_FROM 561: size=134217728 offset=0 -> /tmp/cap/bo_from_561_134217728.bin
BO_TO   562: size=134217728 offset=0
BO_FROM 562: size=1048576 offset=0 -> /tmp/cap/bo_from_562_1048576.bin
BO_FROM 563: size=1048576 offset=0 -> /tmp/cap/bo_from_563_1048576.bin
BO_TO   564: size=1048576 offset=0
BO_TO   564: size=6291456 offset=0
BO_FROM 564: size=2097152 offset=0 -> /tmp/cap/bo_from_564_2097152.bin
BO_TO   565: size=6291456 offset=0
BO_FROM 565: size=2097152 offset=0 -> /tmp/cap/bo_from_565_2097152.bin
BO_TO   566: size=2097152 offset=0
BO_FROM 566: size=6291456 offset=0 -> /tmp/cap/bo_from_566_6291456.bin
BO_FROM 567: size=1048576 offset=0 -> /tmp/cap/bo_from_567_1048576.bin
BO_TO   568: size=1048576 offset=0
BO_FROM 568: size=1048576 offset=0 -> /tmp/cap/bo_from_568_1048576.bin
BO_TO   569: size=1048576 offset=0
BO_FROM 569: size=1048576 offset=0 -> /tmp/cap/bo_from_569_1048576.bin
BO_TO   570: size=1048576 offset=0
BO_FROM 570: size=1048576 offset=0 -> /tmp/cap/bo_from_570_1048576.bin
BO_TO   571: size=1048576 offset=0
BO_TO   571: size=1048576 offset=0
BO_FROM 571: size=1048576 offset=0 -> /tmp/cap/bo_from_571_1048576.bin
BO_FROM 572: size=134217728 offset=0 -> /tmp/cap/bo_from_572_134217728.bin
BO_TO   573: size=134217728 offset=0
BO_FROM 573: size=1048576 offset=0 -> /tmp/cap/bo_from_573_1048576.bin
BO_FROM 574: size=1048576 offset=0 -> /tmp/cap/bo_from_574_1048576.bin
BO_TO   575: size=1048576 offset=0
BO_TO   575: size=6291456 offset=0
BO_FROM 575: size=2097152 offset=0 -> /tmp/cap/bo_from_575_2097152.bin
BO_TO   576: size=6291456 offset=0
BO_FROM 576: size=2097152 offset=0 -> /tmp/cap/bo_from_576_2097152.bin
BO_TO   577: size=2097152 offset=0
BO_FROM 577: size=6291456 offset=0 -> /tmp/cap/bo_from_577_6291456.bin
BO_FROM 578: size=1048576 offset=0 -> /tmp/cap/bo_from_578_1048576.bin
BO_TO   579: size=1048576 offset=0
BO_FROM 579: size=1048576 offset=0 -> /tmp/cap/bo_from_579_1048576.bin
BO_TO   580: size=1048576 offset=0
BO_FROM 580: size=1048576 offset=0 -> /tmp/cap/bo_from_580_1048576.bin
BO_TO   581: size=1048576 offset=0
BO_FROM 581: size=1048576 offset=0 -> /tmp/cap/bo_from_581_1048576.bin
BO_TO   582: size=1048576 offset=0
BO_TO   582: size=1048576 offset=0
BO_FROM 582: size=1048576 offset=0 -> /tmp/cap/bo_from_582_1048576.bin
BO_FROM 583: size=134217728 offset=0 -> /tmp/cap/bo_from_583_134217728.bin
BO_TO   584: size=134217728 offset=0
BO_FROM 584: size=1048576 offset=0 -> /tmp/cap/bo_from_584_1048576.bin
BO_FROM 585: size=1048576 offset=0 -> /tmp/cap/bo_from_585_1048576.bin
BO_TO   586: size=1048576 offset=0
BO_TO   586: size=6291456 offset=0
BO_FROM 586: size=2097152 offset=0 -> /tmp/cap/bo_from_586_2097152.bin
BO_TO   587: size=6291456 offset=0
BO_FROM 587: size=2097152 offset=0 -> /tmp/cap/bo_from_587_2097152.bin
BO_TO   588: size=2097152 offset=0
BO_FROM 588: size=6291456 offset=0 -> /tmp/cap/bo_from_588_6291456.bin
BO_FROM 589: size=1048576 offset=0 -> /tmp/cap/bo_from_589_1048576.bin
BO_TO   590: size=1048576 offset=0
BO_FROM 590: size=1048576 offset=0 -> /tmp/cap/bo_from_590_1048576.bin
BO_TO   591: size=1048576 offset=0
BO_FROM 591: size=1048576 offset=0 -> /tmp/cap/bo_from_591_1048576.bin
BO_TO   592: size=1048576 offset=0
BO_FROM 592: size=1048576 offset=0 -> /tmp/cap/bo_from_592_1048576.bin
BO_TO   593: size=1048576 offset=0
BO_TO   593: size=1048576 offset=0
BO_FROM 593: size=1048576 offset=0 -> /tmp/cap/bo_from_593_1048576.bin
BO_FROM 594: size=134217728 offset=0 -> /tmp/cap/bo_from_594_134217728.bin
BO_TO   595: size=134217728 offset=0
BO_FROM 595: size=1048576 offset=0 -> /tmp/cap/bo_from_595_1048576.bin
BO_FROM 596: size=1048576 offset=0 -> /tmp/cap/bo_from_596_1048576.bin
BO_TO   597: size=1048576 offset=0
BO_TO   597: size=6291456 offset=0
BO_FROM 597: size=2097152 offset=0 -> /tmp/cap/bo_from_597_2097152.bin
BO_TO   598: size=6291456 offset=0
BO_FROM 598: size=2097152 offset=0 -> /tmp/cap/bo_from_598_2097152.bin
BO_TO   599: size=2097152 offset=0
BO_FROM 599: size=6291456 offset=0 -> /tmp/cap/bo_from_599_6291456.bin
BO_FROM 600: size=1048576 offset=0 -> /tmp/cap/bo_from_600_1048576.bin
BO_TO   601: size=1048576 offset=0
BO_FROM 601: size=1048576 offset=0 -> /tmp/cap/bo_from_601_1048576.bin
BO_TO   602: size=1048576 offset=0
BO_FROM 602: size=1048576 offset=0 -> /tmp/cap/bo_from_602_1048576.bin
BO_TO   603: size=1048576 offset=0
BO_FROM 603: size=1048576 offset=0 -> /tmp/cap/bo_from_603_1048576.bin
BO_TO   604: size=1048576 offset=0
BO_TO   604: size=1048576 offset=0
BO_FROM 604: size=1048576 offset=0 -> /tmp/cap/bo_from_604_1048576.bin
BO_FROM 605: size=134217728 offset=0 -> /tmp/cap/bo_from_605_134217728.bin
BO_TO   606: size=134217728 offset=0
BO_FROM 606: size=1048576 offset=0 -> /tmp/cap/bo_from_606_1048576.bin
BO_FROM 607: size=1048576 offset=0 -> /tmp/cap/bo_from_607_1048576.bin
BO_TO   608: size=1048576 offset=0
BO_TO   608: size=6291456 offset=0
BO_FROM 608: size=2097152 offset=0 -> /tmp/cap/bo_from_608_2097152.bin
BO_TO   609: size=6291456 offset=0
BO_FROM 609: size=2097152 offset=0 -> /tmp/cap/bo_from_609_2097152.bin
BO_TO   610: size=2097152 offset=0
BO_FROM 610: size=6291456 offset=0 -> /tmp/cap/bo_from_610_6291456.bin
BO_FROM 611: size=1048576 offset=0 -> /tmp/cap/bo_from_611_1048576.bin
BO_TO   612: size=1048576 offset=0
BO_FROM 612: size=1048576 offset=0 -> /tmp/cap/bo_from_612_1048576.bin
BO_TO   613: size=1048576 offset=0
BO_FROM 613: size=1048576 offset=0 -> /tmp/cap/bo_from_613_1048576.bin
BO_TO   614: size=1048576 offset=0
BO_FROM 614: size=1048576 offset=0 -> /tmp/cap/bo_from_614_1048576.bin
BO_TO   615: size=1048576 offset=0
BO_TO   615: size=1048576 offset=0
BO_FROM 615: size=1048576 offset=0 -> /tmp/cap/bo_from_615_1048576.bin
BO_FROM 616: size=134217728 offset=0 -> /tmp/cap/bo_from_616_134217728.bin
BO_TO   617: size=134217728 offset=0
BO_FROM 617: size=1048576 offset=0 -> /tmp/cap/bo_from_617_1048576.bin
BO_FROM 618: size=1048576 offset=0 -> /tmp/cap/bo_from_618_1048576.bin
BO_TO   619: size=1048576 offset=0
BO_TO   619: size=6291456 offset=0
BO_FROM 619: size=2097152 offset=0 -> /tmp/cap/bo_from_619_2097152.bin
BO_TO   620: size=6291456 offset=0
BO_FROM 620: size=2097152 offset=0 -> /tmp/cap/bo_from_620_2097152.bin
BO_TO   621: size=2097152 offset=0
BO_FROM 621: size=6291456 offset=0 -> /tmp/cap/bo_from_621_6291456.bin
BO_FROM 622: size=1048576 offset=0 -> /tmp/cap/bo_from_622_1048576.bin
BO_TO   623: size=1048576 offset=0
BO_FROM 623: size=1048576 offset=0 -> /tmp/cap/bo_from_623_1048576.bin
BO_TO   624: size=1048576 offset=0
BO_FROM 624: size=1048576 offset=0 -> /tmp/cap/bo_from_624_1048576.bin
BO_TO   625: size=1048576 offset=0
BO_FROM 625: size=1048576 offset=0 -> /tmp/cap/bo_from_625_1048576.bin
BO_TO   626: size=1048576 offset=0
BO_TO   626: size=1048576 offset=0
BO_FROM 626: size=1048576 offset=0 -> /tmp/cap/bo_from_626_1048576.bin
BO_FROM 627: size=134217728 offset=0 -> /tmp/cap/bo_from_627_134217728.bin
BO_TO   628: size=134217728 offset=0
BO_FROM 628: size=1048576 offset=0 -> /tmp/cap/bo_from_628_1048576.bin
BO_FROM 629: size=1048576 offset=0 -> /tmp/cap/bo_from_629_1048576.bin
BO_TO   630: size=1048576 offset=0
BO_TO   630: size=6291456 offset=0
BO_FROM 630: size=2097152 offset=0 -> /tmp/cap/bo_from_630_2097152.bin
BO_TO   631: size=6291456 offset=0
BO_FROM 631: size=2097152 offset=0 -> /tmp/cap/bo_from_631_2097152.bin
BO_TO   632: size=2097152 offset=0
BO_FROM 632: size=6291456 offset=0 -> /tmp/cap/bo_from_632_6291456.bin
BO_FROM 633: size=1048576 offset=0 -> /tmp/cap/bo_from_633_1048576.bin
BO_TO   634: size=1048576 offset=0
BO_FROM 634: size=1048576 offset=0 -> /tmp/cap/bo_from_634_1048576.bin
BO_TO   635: size=1048576 offset=0
BO_FROM 635: size=1048576 offset=0 -> /tmp/cap/bo_from_635_1048576.bin
BO_TO   636: size=1048576 offset=0
BO_FROM 636: size=1048576 offset=0 -> /tmp/cap/bo_from_636_1048576.bin
BO_TO   637: size=1048576 offset=0
BO_TO   637: size=1048576 offset=0
BO_FROM 637: size=1048576 offset=0 -> /tmp/cap/bo_from_637_1048576.bin
BO_FROM 638: size=134217728 offset=0 -> /tmp/cap/bo_from_638_134217728.bin
BO_TO   639: size=134217728 offset=0
BO_FROM 639: size=1048576 offset=0 -> /tmp/cap/bo_from_639_1048576.bin
BO_FROM 640: size=1048576 offset=0 -> /tmp/cap/bo_from_640_1048576.bin
BO_TO   641: size=1048576 offset=0
BO_TO   641: size=6291456 offset=0
BO_FROM 641: size=2097152 offset=0 -> /tmp/cap/bo_from_641_2097152.bin
BO_TO   642: size=6291456 offset=0
BO_FROM 642: size=2097152 offset=0 -> /tmp/cap/bo_from_642_2097152.bin
BO_TO   643: size=2097152 offset=0
BO_FROM 643: size=6291456 offset=0 -> /tmp/cap/bo_from_643_6291456.bin
BO_FROM 644: size=1048576 offset=0 -> /tmp/cap/bo_from_644_1048576.bin
BO_TO   645: size=1048576 offset=0
BO_FROM 645: size=1048576 offset=0 -> /tmp/cap/bo_from_645_1048576.bin
BO_TO   646: size=1048576 offset=0
BO_FROM 646: size=1048576 offset=0 -> /tmp/cap/bo_from_646_1048576.bin
BO_TO   647: size=1048576 offset=0
BO_FROM 647: size=1048576 offset=0 -> /tmp/cap/bo_from_647_1048576.bin
BO_TO   648: size=1048576 offset=0
BO_TO   648: size=1048576 offset=0
BO_FROM 648: size=1048576 offset=0 -> /tmp/cap/bo_from_648_1048576.bin
BO_FROM 649: size=134217728 offset=0 -> /tmp/cap/bo_from_649_134217728.bin
BO_TO   650: size=134217728 offset=0
BO_FROM 650: size=1048576 offset=0 -> /tmp/cap/bo_from_650_1048576.bin
BO_FROM 651: size=1048576 offset=0 -> /tmp/cap/bo_from_651_1048576.bin
BO_TO   652: size=1048576 offset=0
BO_TO   652: size=6291456 offset=0
BO_FROM 652: size=2097152 offset=0 -> /tmp/cap/bo_from_652_2097152.bin
BO_TO   653: size=6291456 offset=0
BO_FROM 653: size=2097152 offset=0 -> /tmp/cap/bo_from_653_2097152.bin
BO_TO   654: size=2097152 offset=0
BO_FROM 654: size=6291456 offset=0 -> /tmp/cap/bo_from_654_6291456.bin
BO_FROM 655: size=1048576 offset=0 -> /tmp/cap/bo_from_655_1048576.bin
BO_TO   656: size=1048576 offset=0
BO_FROM 656: size=1048576 offset=0 -> /tmp/cap/bo_from_656_1048576.bin
BO_TO   657: size=1048576 offset=0
BO_FROM 657: size=1048576 offset=0 -> /tmp/cap/bo_from_657_1048576.bin
BO_TO   658: size=1048576 offset=0
BO_FROM 658: size=1048576 offset=0 -> /tmp/cap/bo_from_658_1048576.bin
BO_TO   659: size=1048576 offset=0
BO_TO   659: size=1048576 offset=0
BO_FROM 659: size=1048576 offset=0 -> /tmp/cap/bo_from_659_1048576.bin
BO_FROM 660: size=134217728 offset=0 -> /tmp/cap/bo_from_660_134217728.bin
BO_TO   661: size=134217728 offset=0
BO_FROM 661: size=1048576 offset=0 -> /tmp/cap/bo_from_661_1048576.bin
BO_FROM 662: size=1048576 offset=0 -> /tmp/cap/bo_from_662_1048576.bin
BO_TO   663: size=1048576 offset=0
BO_TO   663: size=6291456 offset=0
BO_FROM 663: size=2097152 offset=0 -> /tmp/cap/bo_from_663_2097152.bin
BO_TO   664: size=6291456 offset=0
BO_FROM 664: size=2097152 offset=0 -> /tmp/cap/bo_from_664_2097152.bin
BO_TO   665: size=2097152 offset=0
BO_FROM 665: size=6291456 offset=0 -> /tmp/cap/bo_from_665_6291456.bin
BO_FROM 666: size=1048576 offset=0 -> /tmp/cap/bo_from_666_1048576.bin
BO_TO   667: size=1048576 offset=0
BO_FROM 667: size=1048576 offset=0 -> /tmp/cap/bo_from_667_1048576.bin
BO_TO   668: size=1048576 offset=0
BO_FROM 668: size=1048576 offset=0 -> /tmp/cap/bo_from_668_1048576.bin
BO_TO   669: size=1048576 offset=0
BO_FROM 669: size=1048576 offset=0 -> /tmp/cap/bo_from_669_1048576.bin
BO_TO   670: size=1048576 offset=0
BO_TO   670: size=1048576 offset=0
BO_FROM 670: size=1048576 offset=0 -> /tmp/cap/bo_from_670_1048576.bin
BO_FROM 671: size=134217728 offset=0 -> /tmp/cap/bo_from_671_134217728.bin
BO_TO   672: size=134217728 offset=0
BO_FROM 672: size=1048576 offset=0 -> /tmp/cap/bo_from_672_1048576.bin
BO_FROM 673: size=1048576 offset=0 -> /tmp/cap/bo_from_673_1048576.bin
BO_TO   674: size=1048576 offset=0
BO_TO   674: size=6291456 offset=0
BO_FROM 674: size=2097152 offset=0 -> /tmp/cap/bo_from_674_2097152.bin
BO_TO   675: size=6291456 offset=0
BO_FROM 675: size=2097152 offset=0 -> /tmp/cap/bo_from_675_2097152.bin
BO_TO   676: size=2097152 offset=0
BO_FROM 676: size=6291456 offset=0 -> /tmp/cap/bo_from_676_6291456.bin
BO_FROM 677: size=1048576 offset=0 -> /tmp/cap/bo_from_677_1048576.bin
BO_TO   678: size=1048576 offset=0
BO_FROM 678: size=1048576 offset=0 -> /tmp/cap/bo_from_678_1048576.bin
BO_TO   679: size=1048576 offset=0
BO_FROM 679: size=1048576 offset=0 -> /tmp/cap/bo_from_679_1048576.bin
BO_TO   680: size=1048576 offset=0
BO_FROM 680: size=1048576 offset=0 -> /tmp/cap/bo_from_680_1048576.bin
BO_TO   681: size=1048576 offset=0
BO_TO   681: size=1048576 offset=0
BO_FROM 681: size=1048576 offset=0 -> /tmp/cap/bo_from_681_1048576.bin
BO_FROM 682: size=134217728 offset=0 -> /tmp/cap/bo_from_682_134217728.bin
BO_TO   683: size=134217728 offset=0
BO_FROM 683: size=1048576 offset=0 -> /tmp/cap/bo_from_683_1048576.bin
BO_FROM 684: size=1048576 offset=0 -> /tmp/cap/bo_from_684_1048576.bin
BO_TO   685: size=1048576 offset=0
BO_TO   685: size=6291456 offset=0
BO_FROM 685: size=2097152 offset=0 -> /tmp/cap/bo_from_685_2097152.bin
BO_TO   686: size=6291456 offset=0
BO_FROM 686: size=2097152 offset=0 -> /tmp/cap/bo_from_686_2097152.bin
BO_TO   687: size=2097152 offset=0
BO_FROM 687: size=6291456 offset=0 -> /tmp/cap/bo_from_687_6291456.bin
BO_FROM 688: size=1048576 offset=0 -> /tmp/cap/bo_from_688_1048576.bin
BO_TO   689: size=1048576 offset=0
BO_FROM 689: size=1048576 offset=0 -> /tmp/cap/bo_from_689_1048576.bin
BO_TO   690: size=1048576 offset=0
BO_FROM 690: size=1048576 offset=0 -> /tmp/cap/bo_from_690_1048576.bin
BO_TO   691: size=1048576 offset=0
BO_FROM 691: size=1048576 offset=0 -> /tmp/cap/bo_from_691_1048576.bin
BO_TO   692: size=1048576 offset=0
BO_TO   692: size=1048576 offset=0
BO_FROM 692: size=1048576 offset=0 -> /tmp/cap/bo_from_692_1048576.bin
BO_FROM 693: size=134217728 offset=0 -> /tmp/cap/bo_from_693_134217728.bin
BO_TO   694: size=134217728 offset=0
BO_FROM 694: size=1048576 offset=0 -> /tmp/cap/bo_from_694_1048576.bin
BO_FROM 695: size=1048576 offset=0 -> /tmp/cap/bo_from_695_1048576.bin
BO_TO   696: size=1048576 offset=0
BO_TO   696: size=6291456 offset=0
BO_FROM 696: size=2097152 offset=0 -> /tmp/cap/bo_from_696_2097152.bin
BO_TO   697: size=6291456 offset=0
BO_FROM 697: size=2097152 offset=0 -> /tmp/cap/bo_from_697_2097152.bin
BO_TO   698: size=2097152 offset=0
BO_FROM 698: size=6291456 offset=0 -> /tmp/cap/bo_from_698_6291456.bin
BO_FROM 699: size=1048576 offset=0 -> /tmp/cap/bo_from_699_1048576.bin
BO_TO   700: size=1048576 offset=0
BO_FROM 700: size=1048576 offset=0 -> /tmp/cap/bo_from_700_1048576.bin
BO_TO   701: size=1048576 offset=0
BO_FROM 701: size=1048576 offset=0 -> /tmp/cap/bo_from_701_1048576.bin
BO_TO   702: size=1048576 offset=0
BO_FROM 702: size=1048576 offset=0 -> /tmp/cap/bo_from_702_1048576.bin
BO_TO   703: size=1048576 offset=0
BO_TO   703: size=1048576 offset=0
BO_FROM 703: size=1048576 offset=0 -> /tmp/cap/bo_from_703_1048576.bin
BO_FROM 704: size=134217728 offset=0 -> /tmp/cap/bo_from_704_134217728.bin
BO_TO   705: size=134217728 offset=0
BO_FROM 705: size=1048576 offset=0 -> /tmp/cap/bo_from_705_1048576.bin
BO_FROM 706: size=1048576 offset=0 -> /tmp/cap/bo_from_706_1048576.bin
BO_TO   707: size=1048576 offset=0
BO_TO   707: size=6291456 offset=0
BO_FROM 707: size=2097152 offset=0 -> /tmp/cap/bo_from_707_2097152.bin
BO_TO   708: size=6291456 offset=0
BO_FROM 708: size=2097152 offset=0 -> /tmp/cap/bo_from_708_2097152.bin
BO_TO   709: size=2097152 offset=0
BO_FROM 709: size=6291456 offset=0 -> /tmp/cap/bo_from_709_6291456.bin
BO_FROM 710: size=1048576 offset=0 -> /tmp/cap/bo_from_710_1048576.bin
BO_TO   711: size=1048576 offset=0
BO_FROM 711: size=1048576 offset=0 -> /tmp/cap/bo_from_711_1048576.bin
BO_TO   712: size=1048576 offset=0
BO_FROM 712: size=1048576 offset=0 -> /tmp/cap/bo_from_712_1048576.bin
BO_TO   713: size=1048576 offset=0
BO_FROM 713: size=1048576 offset=0 -> /tmp/cap/bo_from_713_1048576.bin
BO_TO   714: size=1048576 offset=0
BO_TO   714: size=1048576 offset=0
BO_FROM 714: size=1048576 offset=0 -> /tmp/cap/bo_from_714_1048576.bin
BO_FROM 715: size=134217728 offset=0 -> /tmp/cap/bo_from_715_134217728.bin
BO_TO   716: size=134217728 offset=0
BO_FROM 716: size=1048576 offset=0 -> /tmp/cap/bo_from_716_1048576.bin
BO_FROM 717: size=1048576 offset=0 -> /tmp/cap/bo_from_717_1048576.bin
BO_TO   718: size=1048576 offset=0
BO_TO   718: size=6291456 offset=0
BO_FROM 718: size=2097152 offset=0 -> /tmp/cap/bo_from_718_2097152.bin
BO_TO   719: size=6291456 offset=0
BO_FROM 719: size=2097152 offset=0 -> /tmp/cap/bo_from_719_2097152.bin
BO_TO   720: size=2097152 offset=0
BO_FROM 720: size=6291456 offset=0 -> /tmp/cap/bo_from_720_6291456.bin
BO_FROM 721: size=1048576 offset=0 -> /tmp/cap/bo_from_721_1048576.bin
BO_TO   722: size=1048576 offset=0
BO_FROM 722: size=1048576 offset=0 -> /tmp/cap/bo_from_722_1048576.bin
BO_TO   723: size=1048576 offset=0
BO_FROM 723: size=1048576 offset=0 -> /tmp/cap/bo_from_723_1048576.bin
BO_TO   724: size=1048576 offset=0
BO_FROM 724: size=1048576 offset=0 -> /tmp/cap/bo_from_724_1048576.bin
BO_TO   725: size=1048576 offset=0
BO_TO   725: size=1048576 offset=0
BO_FROM 725: size=1048576 offset=0 -> /tmp/cap/bo_from_725_1048576.bin
BO_FROM 726: size=134217728 offset=0 -> /tmp/cap/bo_from_726_134217728.bin
BO_TO   727: size=134217728 offset=0
BO_FROM 727: size=1048576 offset=0 -> /tmp/cap/bo_from_727_1048576.bin
BO_FROM 728: size=1048576 offset=0 -> /tmp/cap/bo_from_728_1048576.bin
BO_TO   729: size=1048576 offset=0
BO_TO   729: size=6291456 offset=0
BO_FROM 729: size=2097152 offset=0 -> /tmp/cap/bo_from_729_2097152.bin
BO_TO   730: size=6291456 offset=0
BO_FROM 730: size=2097152 offset=0 -> /tmp/cap/bo_from_730_2097152.bin
BO_TO   731: size=2097152 offset=0
BO_FROM 731: size=6291456 offset=0 -> /tmp/cap/bo_from_731_6291456.bin
BO_FROM 732: size=1048576 offset=0 -> /tmp/cap/bo_from_732_1048576.bin
BO_TO   733: size=1048576 offset=0
BO_FROM 733: size=1048576 offset=0 -> /tmp/cap/bo_from_733_1048576.bin
BO_TO   734: size=1048576 offset=0
BO_FROM 734: size=1048576 offset=0 -> /tmp/cap/bo_from_734_1048576.bin
BO_TO   735: size=1048576 offset=0
BO_FROM 735: size=1048576 offset=0 -> /tmp/cap/bo_from_735_1048576.bin
BO_TO   736: size=1048576 offset=0
BO_TO   736: size=1048576 offset=0
BO_FROM 736: size=1048576 offset=0 -> /tmp/cap/bo_from_736_1048576.bin
BO_FROM 737: size=134217728 offset=0 -> /tmp/cap/bo_from_737_134217728.bin
BO_TO   738: size=134217728 offset=0
BO_FROM 738: size=1048576 offset=0 -> /tmp/cap/bo_from_738_1048576.bin
BO_FROM 739: size=1048576 offset=0 -> /tmp/cap/bo_from_739_1048576.bin
BO_TO   740: size=1048576 offset=0
BO_TO   740: size=6291456 offset=0
BO_FROM 740: size=2097152 offset=0 -> /tmp/cap/bo_from_740_2097152.bin
BO_TO   741: size=6291456 offset=0
BO_FROM 741: size=2097152 offset=0 -> /tmp/cap/bo_from_741_2097152.bin
BO_TO   742: size=2097152 offset=0
BO_FROM 742: size=6291456 offset=0 -> /tmp/cap/bo_from_742_6291456.bin
BO_FROM 743: size=1048576 offset=0 -> /tmp/cap/bo_from_743_1048576.bin
BO_TO   744: size=1048576 offset=0
BO_FROM 744: size=1048576 offset=0 -> /tmp/cap/bo_from_744_1048576.bin
BO_TO   745: size=1048576 offset=0
BO_FROM 745: size=1048576 offset=0 -> /tmp/cap/bo_from_745_1048576.bin
BO_TO   746: size=1048576 offset=0
BO_FROM 746: size=1048576 offset=0 -> /tmp/cap/bo_from_746_1048576.bin
BO_TO   747: size=1048576 offset=0
BO_TO   747: size=1048576 offset=0
BO_FROM 747: size=1048576 offset=0 -> /tmp/cap/bo_from_747_1048576.bin
BO_FROM 748: size=134217728 offset=0 -> /tmp/cap/bo_from_748_134217728.bin
BO_TO   749: size=134217728 offset=0
BO_FROM 749: size=1048576 offset=0 -> /tmp/cap/bo_from_749_1048576.bin
BO_FROM 750: size=1048576 offset=0 -> /tmp/cap/bo_from_750_1048576.bin
BO_TO   751: size=1048576 offset=0
BO_TO   751: size=6291456 offset=0
BO_FROM 751: size=2097152 offset=0 -> /tmp/cap/bo_from_751_2097152.bin
BO_TO   752: size=6291456 offset=0
BO_FROM 752: size=2097152 offset=0 -> /tmp/cap/bo_from_752_2097152.bin
BO_TO   753: size=2097152 offset=0
BO_FROM 753: size=6291456 offset=0 -> /tmp/cap/bo_from_753_6291456.bin
BO_FROM 754: size=1048576 offset=0 -> /tmp/cap/bo_from_754_1048576.bin
BO_TO   755: size=1048576 offset=0
BO_FROM 755: size=1048576 offset=0 -> /tmp/cap/bo_from_755_1048576.bin
BO_TO   756: size=1048576 offset=0
BO_FROM 756: size=1048576 offset=0 -> /tmp/cap/bo_from_756_1048576.bin
BO_TO   757: size=1048576 offset=0
BO_FROM 757: size=1048576 offset=0 -> /tmp/cap/bo_from_757_1048576.bin
BO_TO   758: size=1048576 offset=0
BO_TO   758: size=1048576 offset=0
BO_FROM 758: size=1048576 offset=0 -> /tmp/cap/bo_from_758_1048576.bin
BO_FROM 759: size=134217728 offset=0 -> /tmp/cap/bo_from_759_134217728.bin
BO_TO   760: size=134217728 offset=0
BO_FROM 760: size=1048576 offset=0 -> /tmp/cap/bo_from_760_1048576.bin
BO_FROM 761: size=1048576 offset=0 -> /tmp/cap/bo_from_761_1048576.bin
BO_TO   762: size=1048576 offset=0
BO_TO   762: size=6291456 offset=0
BO_FROM 762: size=2097152 offset=0 -> /tmp/cap/bo_from_762_2097152.bin
BO_TO   763: size=6291456 offset=0
BO_FROM 763: size=2097152 offset=0 -> /tmp/cap/bo_from_763_2097152.bin
BO_TO   764: size=2097152 offset=0
BO_FROM 764: size=6291456 offset=0 -> /tmp/cap/bo_from_764_6291456.bin
BO_FROM 765: size=1048576 offset=0 -> /tmp/cap/bo_from_765_1048576.bin
BO_TO   766: size=1048576 offset=0
BO_FROM 766: size=1048576 offset=0 -> /tmp/cap/bo_from_766_1048576.bin
BO_TO   767: size=1048576 offset=0
BO_FROM 767: size=1048576 offset=0 -> /tmp/cap/bo_from_767_1048576.bin
BO_TO   768: size=1048576 offset=0
BO_FROM 768: size=1048576 offset=0 -> /tmp/cap/bo_from_768_1048576.bin
BO_TO   769: size=1048576 offset=0
BO_TO   769: size=1048576 offset=0
BO_FROM 769: size=1048576 offset=0 -> /tmp/cap/bo_from_769_1048576.bin
BO_FROM 770: size=134217728 offset=0 -> /tmp/cap/bo_from_770_134217728.bin
BO_TO   771: size=134217728 offset=0
BO_FROM 771: size=1048576 offset=0 -> /tmp/cap/bo_from_771_1048576.bin
BO_FROM 772: size=1048576 offset=0 -> /tmp/cap/bo_from_772_1048576.bin
BO_TO   773: size=1048576 offset=0
BO_TO   773: size=6291456 offset=0
BO_FROM 773: size=2097152 offset=0 -> /tmp/cap/bo_from_773_2097152.bin
BO_TO   774: size=6291456 offset=0
BO_FROM 774: size=2097152 offset=0 -> /tmp/cap/bo_from_774_2097152.bin
BO_TO   775: size=2097152 offset=0
BO_FROM 775: size=6291456 offset=0 -> /tmp/cap/bo_from_775_6291456.bin
BO_FROM 776: size=1048576 offset=0 -> /tmp/cap/bo_from_776_1048576.bin
BO_TO   777: size=1048576 offset=0
BO_FROM 777: size=1048576 offset=0 -> /tmp/cap/bo_from_777_1048576.bin
BO_TO   778: size=1048576 offset=0
BO_FROM 778: size=1048576 offset=0 -> /tmp/cap/bo_from_778_1048576.bin
BO_TO   779: size=1048576 offset=0
BO_FROM 779: size=1048576 offset=0 -> /tmp/cap/bo_from_779_1048576.bin
BO_TO   780: size=1048576 offset=0
BO_TO   780: size=1048576 offset=0
BO_FROM 780: size=1048576 offset=0 -> /tmp/cap/bo_from_780_1048576.bin
BO_FROM 781: size=134217728 offset=0 -> /tmp/cap/bo_from_781_134217728.bin
BO_TO   782: size=134217728 offset=0
BO_FROM 782: size=1048576 offset=0 -> /tmp/cap/bo_from_782_1048576.bin
BO_FROM 783: size=1048576 offset=0 -> /tmp/cap/bo_from_783_1048576.bin
BO_TO   784: size=1048576 offset=0
BO_TO   784: size=6291456 offset=0
BO_FROM 784: size=2097152 offset=0 -> /tmp/cap/bo_from_784_2097152.bin
BO_TO   785: size=6291456 offset=0
BO_FROM 785: size=2097152 offset=0 -> /tmp/cap/bo_from_785_2097152.bin
BO_TO   786: size=2097152 offset=0
BO_FROM 786: size=6291456 offset=0 -> /tmp/cap/bo_from_786_6291456.bin
BO_FROM 787: size=1048576 offset=0 -> /tmp/cap/bo_from_787_1048576.bin
BO_TO   788: size=1048576 offset=0
BO_FROM 788: size=1048576 offset=0 -> /tmp/cap/bo_from_788_1048576.bin
BO_TO   789: size=1048576 offset=0
BO_FROM 789: size=1048576 offset=0 -> /tmp/cap/bo_from_789_1048576.bin
BO_TO   790: size=1048576 offset=0
BO_TO   790: size=1048576 offset=0
BO_TO   790: size=1048576 offset=0
BO_TO   790: size=1048576 offset=0
BO_TO   790: size=1048576 offset=0
BO_TO   790: size=1048576 offset=0
BO_TO   790: size=1048576 offset=0
BO_TO   790: size=1048576 offset=0
BO_TO   790: size=1048576 offset=0
BO_TO   790: size=1048576 offset=0
BO_TO   790: size=1048576 offset=0
BO_TO   790: size=1048576 offset=0
BO_TO   790: size=1048576 offset=0
BO_TO   790: size=1048576 offset=0
BO_TO   790: size=1048576 offset=0
BO_TO   790: size=1048576 offset=0
BO_TO   790: size=1048576 offset=0
BO_TO   790: size=1048576 offset=0
BO_TO   790: size=1048576 offset=0
BO_TO   790: size=1048576 offset=0
BO_TO   790: size=1048576 offset=0
BO_TO   790: size=1048576 offset=0
BO_TO   790: size=1048576 offset=0
BO_TO   790: size=1048576 offset=0
BO_TO   790: size=1048576 offset=0
BO_TO   790: size=1048576 offset=0
BO_TO   790: size=1048576 offset=0
BO_TO   790: size=1048576 offset=0
[31m[FLM]  Creating checkpoint at context length 16[0m
<think>BO_TO   790: size=1048576 offset=0
BO_TO   790: size=1048576 offset=0
BO_TO   790: size=1048576 offset=0
BO_TO   790: size=1048576 offset=0
BO_TO   790: size=1048576 offset=0
BO_TO   790: size=1048576 offset=0
BO_TO   790: size=1048576 offset=0
BO_TO   790: size=1048576 offset=0
BO_TO   790: size=1048576 offset=0
BO_TO   790: size=1048576 offset=0
BO_TO   790: size=1048576 offset=0
BO_TO   790: size=1048576 offset=0
BO_TO   790: size=1048576 offset=0
BO_TO   790: size=1048576 offset=0
BO_TO   790: size=1048576 offset=0
BO_TO   790: size=1048576 offset=0
BO_TO   790: size=1048576 offset=0
BO_TO   790: size=1048576 offset=0
BO_TO   790: size=1048576 offset=0
BO_TO   790: size=1048576 offset=0
BO_TO   790: size=1048576 offset=0
BO_TO   790: size=1048576 offset=0
BO_TO   790: size=1048576 offset=0
BO_TO   790: size=1048576 offset=0
BO_TO   790: size=1048576 offset=0
BO_TO   790: size=1048576 offset=0
BO_TO   790: size=1048576 offset=0
BO_TO   790: size=1048576 offset=0
BO_TO   790: size=1048576 offset=0
BO_FROM 790: size=1048576 offset=0 -> /tmp/cap/bo_from_790_1048576.bin

BO_TO   791: size=1048576 offset=0
BO_TO   791: size=1048576 offset=0
BO_TO   791: size=1048576 offset=0
BO_TO   791: size=1048576 offset=0
BO_TO   791: size=1048576 offset=0
BO_TO   791: size=1048576 offset=0
BO_TO   791: size=1048576 offset=0
BO_TO   791: size=1048576 offset=0
BO_TO   791: size=1048576 offset=0
BO_TO   791: size=1048576 offset=0
BO_TO   791: size=1048576 offset=0
BO_TO   791: size=1048576 offset=0
BO_TO   791: size=1048576 offset=0
BO_TO   791: size=1048576 offset=0
BO_TO   791: size=1048576 offset=0
BO_TO   791: size=1048576 offset=0
BO_TO   791: size=1048576 offset=0
BO_TO   791: size=1048576 offset=0
BO_TO   791: size=1048576 offset=0
BO_TO   791: size=1048576 offset=0
BO_TO   791: size=1048576 offset=0
BO_TO   791: size=1048576 offset=0
BO_TO   791: size=1048576 offset=0
BO_TO   791: size=1048576 offset=0
BO_TO   791: size=1048576 offset=0
BO_TO   791: size=1048576 offset=0
BO_TO   791: size=1048576 offset=0
BO_TO   791: size=1048576 offset=0
BO_TO   791: size=1048576 offset=0
BO_FROM 791: size=1048576 offset=0 -> /tmp/cap/bo_from_791_1048576.bin
OkayBO_TO   792: size=1048576 offset=0
BO_TO   792: size=1048576 offset=0
BO_TO   792: size=1048576 offset=0
BO_TO   792: size=1048576 offset=0
BO_TO   792: size=1048576 offset=0
BO_TO   792: size=1048576 offset=0
BO_TO   792: size=1048576 offset=0
BO_TO   792: size=1048576 offset=0
BO_TO   792: size=1048576 offset=0
BO_TO   792: size=1048576 offset=0
BO_TO   792: size=1048576 offset=0
BO_TO   792: size=1048576 offset=0
BO_TO   792: size=1048576 offset=0
BO_TO   792: size=1048576 offset=0
BO_TO   792: size=1048576 offset=0
BO_TO   792: size=1048576 offset=0
BO_TO   792: size=1048576 offset=0
BO_TO   792: size=1048576 offset=0
BO_TO   792: size=1048576 offset=0
BO_TO   792: size=1048576 offset=0
BO_TO   792: size=1048576 offset=0
BO_TO   792: size=1048576 offset=0
BO_TO   792: size=1048576 offset=0
BO_TO   792: size=1048576 offset=0
BO_TO   792: size=1048576 offset=0
BO_TO   792: size=1048576 offset=0
BO_TO   792: size=1048576 offset=0
BO_TO   792: size=1048576 offset=0
BO_TO   792: size=1048576 offset=0
BO_FROM 792: size=1048576 offset=0 -> /tmp/cap/bo_from_792_1048576.bin
,BO_TO   793: size=1048576 offset=0
BO_TO   793: size=1048576 offset=0
BO_TO   793: size=1048576 offset=0
BO_TO   793: size=1048576 offset=0
BO_TO   793: size=1048576 offset=0
BO_TO   793: size=1048576 offset=0
BO_TO   793: size=1048576 offset=0
BO_TO   793: size=1048576 offset=0
BO_TO   793: size=1048576 offset=0
BO_TO   793: size=1048576 offset=0
BO_TO   793: size=1048576 offset=0
BO_TO   793: size=1048576 offset=0
BO_TO   793: size=1048576 offset=0
BO_TO   793: size=1048576 offset=0
BO_TO   793: size=1048576 offset=0
BO_TO   793: size=1048576 offset=0
BO_TO   793: size=1048576 offset=0
BO_TO   793: size=1048576 offset=0
BO_TO   793: size=1048576 offset=0
BO_TO   793: size=1048576 offset=0
BO_TO   793: size=1048576 offset=0
BO_TO   793: size=1048576 offset=0
BO_TO   793: size=1048576 offset=0
BO_TO   793: size=1048576 offset=0
BO_TO   793: size=1048576 offset=0
BO_TO   793: size=1048576 offset=0
BO_TO   793: size=1048576 offset=0
BO_TO   793: size=1048576 offset=0
BO_TO   793: size=1048576 offset=0
BO_FROM 793: size=1048576 offset=0 -> /tmp/cap/bo_from_793_1048576.bin
 theBO_TO   794: size=1048576 offset=0
BO_TO   794: size=1048576 offset=0
BO_TO   794: size=1048576 offset=0
BO_TO   794: size=1048576 offset=0
BO_TO   794: size=1048576 offset=0
BO_TO   794: size=1048576 offset=0
BO_TO   794: size=1048576 offset=0
BO_TO   794: size=1048576 offset=0
BO_TO   794: size=1048576 offset=0
BO_TO   794: size=1048576 offset=0
BO_TO   794: size=1048576 offset=0
BO_TO   794: size=1048576 offset=0
BO_TO   794: size=1048576 offset=0
BO_TO   794: size=1048576 offset=0
BO_TO   794: size=1048576 offset=0
BO_TO   794: size=1048576 offset=0
BO_TO   794: size=1048576 offset=0
BO_TO   794: size=1048576 offset=0
BO_TO   794: size=1048576 offset=0
BO_TO   794: size=1048576 offset=0
BO_TO   794: size=1048576 offset=0
BO_TO   794: size=1048576 offset=0
BO_TO   794: size=1048576 offset=0
BO_TO   794: size=1048576 offset=0
BO_TO   794: size=1048576 offset=0
BO_TO   794: size=1048576 offset=0
BO_TO   794: size=1048576 offset=0
BO_TO   794: size=1048576 offset=0
BO_TO   794: size=1048576 offset=0
BO_FROM 794: size=1048576 offset=0 -> /tmp/cap/bo_from_794_1048576.bin
 userBO_TO   795: size=1048576 offset=0
BO_TO   795: size=1048576 offset=0
BO_TO   795: size=1048576 offset=0
BO_TO   795: size=1048576 offset=0
BO_TO   795: size=1048576 offset=0
BO_TO   795: size=1048576 offset=0
BO_TO   795: size=1048576 offset=0
BO_TO   795: size=1048576 offset=0
BO_TO   795: size=1048576 offset=0
BO_TO   795: size=1048576 offset=0
BO_TO   795: size=1048576 offset=0
BO_TO   795: size=1048576 offset=0
BO_TO   795: size=1048576 offset=0
BO_TO   795: size=1048576 offset=0
BO_TO   795: size=1048576 offset=0
BO_TO   795: size=1048576 offset=0
BO_TO   795: size=1048576 offset=0
BO_TO   795: size=1048576 offset=0
BO_TO   795: size=1048576 offset=0
BO_TO   795: size=1048576 offset=0
BO_TO   795: size=1048576 offset=0
BO_TO   795: size=1048576 offset=0
BO_TO   795: size=1048576 offset=0
BO_TO   795: size=1048576 offset=0
BO_TO   795: size=1048576 offset=0
BO_TO   795: size=1048576 offset=0
BO_TO   795: size=1048576 offset=0
BO_TO   795: size=1048576 offset=0
BO_TO   795: size=1048576 offset=0
BO_FROM 795: size=1048576 offset=0 -> /tmp/cap/bo_from_795_1048576.bin
 justBO_TO   796: size=1048576 offset=0
BO_TO   796: size=1048576 offset=0
BO_TO   796: size=1048576 offset=0
BO_TO   796: size=1048576 offset=0
BO_TO   796: size=1048576 offset=0
BO_TO   796: size=1048576 offset=0
BO_TO   796: size=1048576 offset=0
BO_TO   796: size=1048576 offset=0
BO_TO   796: size=1048576 offset=0
BO_TO   796: size=1048576 offset=0
BO_TO   796: size=1048576 offset=0
BO_TO   796: size=1048576 offset=0
BO_TO   796: size=1048576 offset=0
BO_TO   796: size=1048576 offset=0
BO_TO   796: size=1048576 offset=0
BO_TO   796: size=1048576 offset=0
BO_TO   796: size=1048576 offset=0
BO_TO   796: size=1048576 offset=0
BO_TO   796: size=1048576 offset=0
BO_TO   796: size=1048576 offset=0
BO_TO   796: size=1048576 offset=0
BO_TO   796: size=1048576 offset=0
BO_TO   796: size=1048576 offset=0
BO_TO   796: size=1048576 offset=0
BO_TO   796: size=1048576 offset=0
BO_TO   796: size=1048576 offset=0
BO_TO   796: size=1048576 offset=0
BO_TO   796: size=1048576 offset=0
BO_TO   796: size=1048576 offset=0
BO_FROM 796: size=1048576 offset=0 -> /tmp/cap/bo_from_796_1048576.bin
 askedBO_TO   797: size=1048576 offset=0
BO_TO   797: size=1048576 offset=0
BO_TO   797: size=1048576 offset=0
BO_TO   797: size=1048576 offset=0
BO_TO   797: size=1048576 offset=0
BO_TO   797: size=1048576 offset=0
BO_TO   797: size=1048576 offset=0
BO_TO   797: size=1048576 offset=0
BO_TO   797: size=1048576 offset=0
BO_TO   797: size=1048576 offset=0
BO_TO   797: size=1048576 offset=0
BO_TO   797: size=1048576 offset=0
BO_TO   797: size=1048576 offset=0
BO_TO   797: size=1048576 offset=0
BO_TO   797: size=1048576 offset=0
BO_TO   797: size=1048576 offset=0
BO_TO   797: size=1048576 offset=0
BO_TO   797: size=1048576 offset=0
BO_TO   797: size=1048576 offset=0
BO_TO   797: size=1048576 offset=0
BO_TO   797: size=1048576 offset=0
BO_TO   797: size=1048576 offset=0
BO_TO   797: size=1048576 offset=0
BO_TO   797: size=1048576 offset=0
BO_TO   797: size=1048576 offset=0
BO_TO   797: size=1048576 offset=0
BO_TO   797: size=1048576 offset=0
BO_TO   797: size=1048576 offset=0
BO_TO   797: size=1048576 offset=0
BO_FROM 797: size=1048576 offset=0 -> /tmp/cap/bo_from_797_1048576.bin
 "BO_TO   798: size=1048576 offset=0
BO_TO   798: size=1048576 offset=0
BO_TO   798: size=1048576 offset=0
BO_TO   798: size=1048576 offset=0
BO_TO   798: size=1048576 offset=0
BO_TO   798: size=1048576 offset=0
BO_TO   798: size=1048576 offset=0
BO_TO   798: size=1048576 offset=0
BO_TO   798: size=1048576 offset=0
BO_TO   798: size=1048576 offset=0
BO_TO   798: size=1048576 offset=0
BO_TO   798: size=1048576 offset=0
BO_TO   798: size=1048576 offset=0
BO_TO   798: size=1048576 offset=0
BO_TO   798: size=1048576 offset=0
BO_TO   798: size=1048576 offset=0
BO_TO   798: size=1048576 offset=0
BO_TO   798: size=1048576 offset=0
BO_TO   798: size=1048576 offset=0
BO_TO   798: size=1048576 offset=0
BO_TO   798: size=1048576 offset=0
BO_TO   798: size=1048576 offset=0
BO_TO   798: size=1048576 offset=0
BO_TO   798: size=1048576 offset=0
BO_TO   798: size=1048576 offset=0
BO_TO   798: size=1048576 offset=0
BO_TO   798: size=1048576 offset=0
BO_TO   798: size=1048576 offset=0
BO_TO   798: size=1048576 offset=0
BO_FROM 798: size=1048576 offset=0 -> /tmp/cap/bo_from_798_1048576.bin
HowBO_TO   799: size=1048576 offset=0
BO_TO   799: size=1048576 offset=0
BO_TO   799: size=1048576 offset=0
BO_TO   799: size=1048576 offset=0
BO_TO   799: size=1048576 offset=0
BO_TO   799: size=1048576 offset=0
BO_TO   799: size=1048576 offset=0
BO_TO   799: size=1048576 offset=0
BO_TO   799: size=1048576 offset=0
BO_TO   799: size=1048576 offset=0
BO_TO   799: size=1048576 offset=0
BO_TO   799: size=1048576 offset=0
BO_TO   799: size=1048576 offset=0
BO_TO   799: size=1048576 offset=0
BO_TO   799: size=1048576 offset=0
BO_TO   799: size=1048576 offset=0
BO_TO   799: size=1048576 offset=0
BO_TO   799: size=1048576 offset=0
BO_TO   799: size=1048576 offset=0
BO_TO   799: size=1048576 offset=0
BO_TO   799: size=1048576 offset=0
BO_TO   799: size=1048576 offset=0
BO_TO   799: size=1048576 offset=0
BO_TO   799: size=1048576 offset=0
BO_TO   799: size=1048576 offset=0
BO_TO   799: size=1048576 offset=0
BO_TO   799: size=1048576 offset=0
BO_TO   799: size=1048576 offset=0
BO_TO   799: size=1048576 offset=0
BO_FROM 799: size=1048576 offset=0 -> /tmp/cap/bo_from_799_1048576.bin
 areBO_TO   800: size=1048576 offset=0
BO_TO   800: size=1048576 offset=0
BO_TO   800: size=1048576 offset=0
BO_TO   800: size=1048576 offset=0
BO_TO   800: size=1048576 offset=0
BO_TO   800: size=1048576 offset=0
BO_TO   800: size=1048576 offset=0
BO_TO   800: size=1048576 offset=0
BO_TO   800: size=1048576 offset=0
BO_TO   800: size=1048576 offset=0
BO_TO   800: size=1048576 offset=0
BO_TO   800: size=1048576 offset=0
BO_TO   800: size=1048576 offset=0
BO_TO   800: size=1048576 offset=0
BO_TO   800: size=1048576 offset=0
BO_TO   800: size=1048576 offset=0
BO_TO   800: size=1048576 offset=0
BO_TO   800: size=1048576 offset=0
BO_TO   800: size=1048576 offset=0
BO_TO   800: size=1048576 offset=0
BO_TO   800: size=1048576 offset=0
BO_TO   800: size=1048576 offset=0
BO_TO   800: size=1048576 offset=0
BO_TO   800: size=1048576 offset=0
BO_TO   800: size=1048576 offset=0
BO_TO   800: size=1048576 offset=0
BO_TO   800: size=1048576 offset=0
BO_TO   800: size=1048576 offset=0
BO_TO   800: size=1048576 offset=0
BO_FROM 800: size=1048576 offset=0 -> /tmp/cap/bo_from_800_1048576.bin
 youBO_TO   801: size=1048576 offset=0
BO_TO   801: size=1048576 offset=0
BO_TO   801: size=1048576 offset=0
BO_TO   801: size=1048576 offset=0
BO_TO   801: size=1048576 offset=0
BO_TO   801: size=1048576 offset=0
BO_TO   801: size=1048576 offset=0
BO_TO   801: size=1048576 offset=0
BO_TO   801: size=1048576 offset=0
BO_TO   801: size=1048576 offset=0
BO_TO   801: size=1048576 offset=0
BO_TO   801: size=1048576 offset=0
BO_TO   801: size=1048576 offset=0
BO_TO   801: size=1048576 offset=0
BO_TO   801: size=1048576 offset=0
BO_TO   801: size=1048576 offset=0
BO_TO   801: size=1048576 offset=0
BO_TO   801: size=1048576 offset=0
BO_TO   801: size=1048576 offset=0
BO_TO   801: size=1048576 offset=0
BO_TO   801: size=1048576 offset=0
BO_TO   801: size=1048576 offset=0
BO_TO   801: size=1048576 offset=0
BO_TO   801: size=1048576 offset=0
BO_TO   801: size=1048576 offset=0
BO_TO   801: size=1048576 offset=0
BO_TO   801: size=1048576 offset=0
BO_TO   801: size=1048576 offset=0
BO_TO   801: size=1048576 offset=0
BO_FROM 801: size=1048576 offset=0 -> /tmp/cap/bo_from_801_1048576.bin
?"BO_TO   802: size=1048576 offset=0
BO_TO   802: size=1048576 offset=0
BO_TO   802: size=1048576 offset=0
BO_TO   802: size=1048576 offset=0
BO_TO   802: size=1048576 offset=0
BO_TO   802: size=1048576 offset=0
BO_TO   802: size=1048576 offset=0
BO_TO   802: size=1048576 offset=0
BO_TO   802: size=1048576 offset=0
BO_TO   802: size=1048576 offset=0
BO_TO   802: size=1048576 offset=0
BO_TO   802: size=1048576 offset=0
BO_TO   802: size=1048576 offset=0
BO_TO   802: size=1048576 offset=0
BO_TO   802: size=1048576 offset=0
BO_TO   802: size=1048576 offset=0
BO_TO   802: size=1048576 offset=0
BO_TO   802: size=1048576 offset=0
BO_TO   802: size=1048576 offset=0
BO_TO   802: size=1048576 offset=0
BO_TO   802: size=1048576 offset=0
BO_TO   802: size=1048576 offset=0
BO_TO   802: size=1048576 offset=0
BO_TO   802: size=1048576 offset=0
BO_TO   802: size=1048576 offset=0
BO_TO   802: size=1048576 offset=0
BO_TO   802: size=1048576 offset=0
BO_TO   802: size=1048576 offset=0
BO_TO   802: size=1048576 offset=0
BO_FROM 802: size=1048576 offset=0 -> /tmp/cap/bo_from_802_1048576.bin
 soBO_TO   803: size=1048576 offset=0
BO_TO   803: size=1048576 offset=0
BO_TO   803: size=1048576 offset=0
BO_TO   803: size=1048576 offset=0
BO_TO   803: size=1048576 offset=0
BO_TO   803: size=1048576 offset=0
BO_TO   803: size=1048576 offset=0
BO_TO   803: size=1048576 offset=0
BO_TO   803: size=1048576 offset=0
BO_TO   803: size=1048576 offset=0
BO_TO   803: size=1048576 offset=0
BO_TO   803: size=1048576 offset=0
BO_TO   803: size=1048576 offset=0
BO_TO   803: size=1048576 offset=0
BO_TO   803: size=1048576 offset=0
BO_TO   803: size=1048576 offset=0
BO_TO   803: size=1048576 offset=0
BO_TO   803: size=1048576 offset=0
BO_TO   803: size=1048576 offset=0
BO_TO   803: size=1048576 offset=0
BO_TO   803: size=1048576 offset=0
BO_TO   803: size=1048576 offset=0
BO_TO   803: size=1048576 offset=0
BO_TO   803: size=1048576 offset=0
BO_TO   803: size=1048576 offset=0
BO_TO   803: size=1048576 offset=0
BO_TO   803: size=1048576 offset=0
BO_TO   803: size=1048576 offset=0
BO_TO   803: size=1048576 offset=0
BO_FROM 803: size=1048576 offset=0 -> /tmp/cap/bo_from_803_1048576.bin
 IBO_TO   804: size=1048576 offset=0
BO_TO   804: size=1048576 offset=0
BO_TO   804: size=1048576 offset=0
BO_TO   804: size=1048576 offset=0
BO_TO   804: size=1048576 offset=0
BO_TO   804: size=1048576 offset=0
BO_TO   804: size=1048576 offset=0
BO_TO   804: size=1048576 offset=0
BO_TO   804: size=1048576 offset=0
BO_TO   804: size=1048576 offset=0
BO_TO   804: size=1048576 offset=0
BO_TO   804: size=1048576 offset=0
BO_TO   804: size=1048576 offset=0
BO_TO   804: size=1048576 offset=0
BO_TO   804: size=1048576 offset=0
BO_TO   804: size=1048576 offset=0
BO_TO   804: size=1048576 offset=0
BO_TO   804: size=1048576 offset=0
BO_TO   804: size=1048576 offset=0
BO_TO   804: size=1048576 offset=0
BO_TO   804: size=1048576 offset=0
BO_TO   804: size=1048576 offset=0
BO_TO   804: size=1048576 offset=0
BO_TO   804: size=1048576 offset=0
BO_TO   804: size=1048576 offset=0
BO_TO   804: size=1048576 offset=0
BO_TO   804: size=1048576 offset=0
BO_TO   804: size=1048576 offset=0
BO_TO   804: size=1048576 offset=0
BO_FROM 804: size=1048576 offset=0 -> /tmp/cap/bo_from_804_1048576.bin
 needBO_TO   805: size=1048576 offset=0
BO_TO   805: size=1048576 offset=0
BO_TO   805: size=1048576 offset=0
BO_TO   805: size=1048576 offset=0
BO_TO   805: size=1048576 offset=0
BO_TO   805: size=1048576 offset=0
BO_TO   805: size=1048576 offset=0
BO_TO   805: size=1048576 offset=0
BO_TO   805: size=1048576 offset=0
BO_TO   805: size=1048576 offset=0
BO_TO   805: size=1048576 offset=0
BO_TO   805: size=1048576 offset=0
BO_TO   805: size=1048576 offset=0
BO_TO   805: size=1048576 offset=0
BO_TO   805: size=1048576 offset=0
BO_TO   805: size=1048576 offset=0
BO_TO   805: size=1048576 offset=0
BO_TO   805: size=1048576 offset=0
BO_TO   805: size=1048576 offset=0
BO_TO   805: size=1048576 offset=0
BO_TO   805: size=1048576 offset=0
BO_TO   805: size=1048576 offset=0
BO_TO   805: size=1048576 offset=0
BO_TO   805: size=1048576 offset=0
BO_TO   805: size=1048576 offset=0
BO_TO   805: size=1048576 offset=0
BO_TO   805: size=1048576 offset=0
BO_TO   805: size=1048576 offset=0
BO_TO   805: size=1048576 offset=0
BO_FROM 805: size=1048576 offset=0 -> /tmp/cap/bo_from_805_1048576.bin
 toBO_TO   806: size=1048576 offset=0
BO_TO   806: size=1048576 offset=0
BO_TO   806: size=1048576 offset=0
BO_TO   806: size=1048576 offset=0
BO_TO   806: size=1048576 offset=0
BO_TO   806: size=1048576 offset=0
BO_TO   806: size=1048576 offset=0
BO_TO   806: size=1048576 offset=0
BO_TO   806: size=1048576 offset=0
BO_TO   806: size=1048576 offset=0
BO_TO   806: size=1048576 offset=0
BO_TO   806: size=1048576 offset=0
BO_TO   806: size=1048576 offset=0
BO_TO   806: size=1048576 offset=0
BO_TO   806: size=1048576 offset=0
BO_TO   806: size=1048576 offset=0
BO_TO   806: size=1048576 offset=0
BO_TO   806: size=1048576 offset=0
BO_TO   806: size=1048576 offset=0
BO_TO   806: size=1048576 offset=0
BO_TO   806: size=1048576 offset=0
BO_TO   806: size=1048576 offset=0
BO_TO   806: size=1048576 offset=0
BO_TO   806: size=1048576 offset=0
BO_TO   806: size=1048576 offset=0
BO_TO   806: size=1048576 offset=0
BO_TO   806: size=1048576 offset=0
BO_TO   806: size=1048576 offset=0
BO_TO   806: size=1048576 offset=0
BO_FROM 806: size=1048576 offset=0 -> /tmp/cap/bo_from_806_1048576.bin
 respondBO_TO   807: size=1048576 offset=0
BO_TO   807: size=1048576 offset=0
BO_TO   807: size=1048576 offset=0
BO_TO   807: size=1048576 offset=0
BO_TO   807: size=1048576 offset=0
BO_TO   807: size=1048576 offset=0
BO_TO   807: size=1048576 offset=0
BO_TO   807: size=1048576 offset=0
BO_TO   807: size=1048576 offset=0
BO_TO   807: size=1048576 offset=0
BO_TO   807: size=1048576 offset=0
BO_TO   807: size=1048576 offset=0
BO_TO   807: size=1048576 offset=0
BO_TO   807: size=1048576 offset=0
BO_TO   807: size=1048576 offset=0
BO_TO   807: size=1048576 offset=0
BO_TO   807: size=1048576 offset=0
BO_TO   807: size=1048576 offset=0
BO_TO   807: size=1048576 offset=0
BO_TO   807: size=1048576 offset=0
BO_TO   807: size=1048576 offset=0
BO_TO   807: size=1048576 offset=0
BO_TO   807: size=1048576 offset=0
BO_TO   807: size=1048576 offset=0
BO_TO   807: size=1048576 offset=0
BO_TO   807: size=1048576 offset=0
BO_TO   807: size=1048576 offset=0
BO_TO   807: size=1048576 offset=0
BO_TO   807: size=1048576 offset=0
BO_FROM 807: size=1048576 offset=0 -> /tmp/cap/bo_from_807_1048576.bin
 politelyBO_TO   808: size=1048576 offset=0
BO_TO   808: size=1048576 offset=0
BO_TO   808: size=1048576 offset=0
BO_TO   808: size=1048576 offset=0
BO_TO   808: size=1048576 offset=0
BO_TO   808: size=1048576 offset=0
BO_TO   808: size=1048576 offset=0
BO_TO   808: size=1048576 offset=0
BO_TO   808: size=1048576 offset=0
BO_TO   808: size=1048576 offset=0
BO_TO   808: size=1048576 offset=0
BO_TO   808: size=1048576 offset=0
BO_TO   808: size=1048576 offset=0
BO_TO   808: size=1048576 offset=0
BO_TO   808: size=1048576 offset=0
BO_TO   808: size=1048576 offset=0
BO_TO   808: size=1048576 offset=0
BO_TO   808: size=1048576 offset=0
BO_TO   808: size=1048576 offset=0
BO_TO   808: size=1048576 offset=0
BO_TO   808: size=1048576 offset=0
BO_TO   808: size=1048576 offset=0
BO_TO   808: size=1048576 offset=0
BO_TO   808: size=1048576 offset=0
BO_TO   808: size=1048576 offset=0
BO_TO   808: size=1048576 offset=0
BO_TO   808: size=1048576 offset=0
BO_TO   808: size=1048576 offset=0
BO_TO   808: size=1048576 offset=0
BO_FROM 808: size=1048576 offset=0 -> /tmp/cap/bo_from_808_1048576.bin
.BO_TO   809: size=1048576 offset=0
BO_TO   809: size=1048576 offset=0
BO_TO   809: size=1048576 offset=0
BO_TO   809: size=1048576 offset=0
BO_TO   809: size=1048576 offset=0
BO_TO   809: size=1048576 offset=0
BO_TO   809: size=1048576 offset=0
BO_TO   809: size=1048576 offset=0
BO_TO   809: size=1048576 offset=0
BO_TO   809: size=1048576 offset=0
BO_TO   809: size=1048576 offset=0
BO_TO   809: size=1048576 offset=0
BO_TO   809: size=1048576 offset=0
BO_TO   809: size=1048576 offset=0
BO_TO   809: size=1048576 offset=0
BO_TO   809: size=1048576 offset=0
BO_TO   809: size=1048576 offset=0
BO_TO   809: size=1048576 offset=0
BO_TO   809: size=1048576 offset=0
BO_TO   809: size=1048576 offset=0
BO_TO   809: size=1048576 offset=0
BO_TO   809: size=1048576 offset=0
BO_TO   809: size=1048576 offset=0
BO_TO   809: size=1048576 offset=0
BO_TO   809: size=1048576 offset=0
BO_TO   809: size=1048576 offset=0
BO_TO   809: size=1048576 offset=0
BO_TO   809: size=1048576 offset=0
BO_TO   809: size=1048576 offset=0
BO_FROM 809: size=1048576 offset=0 -> /tmp/cap/bo_from_809_1048576.bin
 FirstBO_TO   810: size=1048576 offset=0
BO_TO   810: size=1048576 offset=0
BO_TO   810: size=1048576 offset=0
BO_TO   810: size=1048576 offset=0
BO_TO   810: size=1048576 offset=0
BO_TO   810: size=1048576 offset=0
BO_TO   810: size=1048576 offset=0
BO_TO   810: size=1048576 offset=0
BO_TO   810: size=1048576 offset=0
BO_TO   810: size=1048576 offset=0
BO_TO   810: size=1048576 offset=0
BO_TO   810: size=1048576 offset=0
BO_TO   810: size=1048576 offset=0
BO_TO   810: size=1048576 offset=0
BO_TO   810: size=1048576 offset=0
BO_TO   810: size=1048576 offset=0
BO_TO   810: size=1048576 offset=0
BO_TO   810: size=1048576 offset=0
BO_TO   810: size=1048576 offset=0
BO_TO   810: size=1048576 offset=0
BO_TO   810: size=1048576 offset=0
BO_TO   810: size=1048576 offset=0
BO_TO   810: size=1048576 offset=0
BO_TO   810: size=1048576 offset=0
BO_TO   810: size=1048576 offset=0
BO_TO   810: size=1048576 offset=0
BO_TO   810: size=1048576 offset=0
BO_TO   810: size=1048576 offset=0
BO_TO   810: size=1048576 offset=0
BO_FROM 810: size=1048576 offset=0 -> /tmp/cap/bo_from_810_1048576.bin
,BO_TO   811: size=1048576 offset=0
BO_TO   811: size=1048576 offset=0
BO_TO   811: size=1048576 offset=0
BO_TO   811: size=1048576 offset=0
BO_TO   811: size=1048576 offset=0
BO_TO   811: size=1048576 offset=0
BO_TO   811: size=1048576 offset=0
BO_TO   811: size=1048576 offset=0
BO_TO   811: size=1048576 offset=0
BO_TO   811: size=1048576 offset=0
BO_TO   811: size=1048576 offset=0
BO_TO   811: size=1048576 offset=0
BO_TO   811: size=1048576 offset=0
BO_TO   811: size=1048576 offset=0
BO_TO   811: size=1048576 offset=0
BO_TO   811: size=1048576 offset=0
BO_TO   811: size=1048576 offset=0
BO_TO   811: size=1048576 offset=0
BO_TO   811: size=1048576 offset=0
BO_TO   811: size=1048576 offset=0
BO_TO   811: size=1048576 offset=0
BO_TO   811: size=1048576 offset=0
BO_TO   811: size=1048576 offset=0
BO_TO   811: size=1048576 offset=0
BO_TO   811: size=1048576 offset=0
BO_TO   811: size=1048576 offset=0
BO_TO   811: size=1048576 offset=0
BO_TO   811: size=1048576 offset=0
BO_TO   811: size=1048576 offset=0
BO_FROM 811: size=1048576 offset=0 -> /tmp/cap/bo_from_811_1048576.bin
 IBO_TO   812: size=1048576 offset=0
BO_TO   812: size=1048576 offset=0
BO_TO   812: size=1048576 offset=0
BO_TO   812: size=1048576 offset=0
BO_TO   812: size=1048576 offset=0
BO_TO   812: size=1048576 offset=0
BO_TO   812: size=1048576 offset=0
BO_TO   812: size=1048576 offset=0
BO_TO   812: size=1048576 offset=0
BO_TO   812: size=1048576 offset=0
BO_TO   812: size=1048576 offset=0
BO_TO   812: size=1048576 offset=0
BO_TO   812: size=1048576 offset=0
BO_TO   812: size=1048576 offset=0
BO_TO   812: size=1048576 offset=0
BO_TO   812: size=1048576 offset=0
BO_TO   812: size=1048576 offset=0
BO_TO   812: size=1048576 offset=0
BO_TO   812: size=1048576 offset=0
BO_TO   812: size=1048576 offset=0
BO_TO   812: size=1048576 offset=0
BO_TO   812: size=1048576 offset=0
BO_TO   812: size=1048576 offset=0
BO_TO   812: size=1048576 offset=0
BO_TO   812: size=1048576 offset=0
BO_TO   812: size=1048576 offset=0
BO_TO   812: size=1048576 offset=0
BO_TO   812: size=1048576 offset=0
BO_TO   812: size=1048576 offset=0
BO_FROM 812: size=1048576 offset=0 -> /tmp/cap/bo_from_812_1048576.bin
 shouldBO_TO   813: size=1048576 offset=0
BO_TO   813: size=1048576 offset=0
BO_TO   813: size=1048576 offset=0
BO_TO   813: size=1048576 offset=0
BO_TO   813: size=1048576 offset=0
BO_TO   813: size=1048576 offset=0
BO_TO   813: size=1048576 offset=0
BO_TO   813: size=1048576 offset=0
BO_TO   813: size=1048576 offset=0
BO_TO   813: size=1048576 offset=0
BO_TO   813: size=1048576 offset=0
BO_TO   813: size=1048576 offset=0
BO_TO   813: size=1048576 offset=0
BO_TO   813: size=1048576 offset=0
BO_TO   813: size=1048576 offset=0
BO_TO   813: size=1048576 offset=0
BO_TO   813: size=1048576 offset=0
BO_TO   813: size=1048576 offset=0
BO_TO   813: size=1048576 offset=0
BO_TO   813: size=1048576 offset=0
BO_TO   813: size=1048576 offset=0
BO_TO   813: size=1048576 offset=0
BO_TO   813: size=1048576 offset=0
BO_TO   813: size=1048576 offset=0
BO_TO   813: size=1048576 offset=0
BO_TO   813: size=1048576 offset=0
BO_TO   813: size=1048576 offset=0
BO_TO   813: size=1048576 offset=0
BO_TO   813: size=1048576 offset=0
BO_FROM 813: size=1048576 offset=0 -> /tmp/cap/bo_from_813_1048576.bin
 acknowledgeBO_TO   814: size=1048576 offset=0
BO_TO   814: size=1048576 offset=0
BO_TO   814: size=1048576 offset=0
BO_TO   814: size=1048576 offset=0
BO_TO   814: size=1048576 offset=0
BO_TO   814: size=1048576 offset=0
BO_TO   814: size=1048576 offset=0
BO_TO   814: size=1048576 offset=0
BO_TO   814: size=1048576 offset=0
BO_TO   814: size=1048576 offset=0
BO_TO   814: size=1048576 offset=0
BO_TO   814: size=1048576 offset=0
BO_TO   814: size=1048576 offset=0
BO_TO   814: size=1048576 offset=0
BO_TO   814: size=1048576 offset=0
BO_TO   814: size=1048576 offset=0
BO_TO   814: size=1048576 offset=0
BO_TO   814: size=1048576 offset=0
BO_TO   814: size=1048576 offset=0
BO_TO   814: size=1048576 offset=0
BO_TO   814: size=1048576 offset=0
BO_TO   814: size=1048576 offset=0
BO_TO   814: size=1048576 offset=0
BO_TO   814: size=1048576 offset=0
BO_TO   814: size=1048576 offset=0
BO_TO   814: size=1048576 offset=0
BO_TO   814: size=1048576 offset=0
BO_TO   814: size=1048576 offset=0
BO_TO   814: size=1048576 offset=0
BO_FROM 814: size=1048576 offset=0 -> /tmp/cap/bo_from_814_1048576.bin
 theirBO_TO   815: size=1048576 offset=0
BO_TO   815: size=1048576 offset=0
BO_TO   815: size=1048576 offset=0
BO_TO   815: size=1048576 offset=0
BO_TO   815: size=1048576 offset=0
BO_TO   815: size=1048576 offset=0
BO_TO   815: size=1048576 offset=0
BO_TO   815: size=1048576 offset=0
BO_TO   815: size=1048576 offset=0
BO_TO   815: size=1048576 offset=0
BO_TO   815: size=1048576 offset=0
BO_TO   815: size=1048576 offset=0
BO_TO   815: size=1048576 offset=0
BO_TO   815: size=1048576 offset=0
BO_TO   815: size=1048576 offset=0
BO_TO   815: size=1048576 offset=0
BO_TO   815: size=1048576 offset=0
BO_TO   815: size=1048576 offset=0
BO_TO   815: size=1048576 offset=0
BO_TO   815: size=1048576 offset=0
BO_TO   815: size=1048576 offset=0
BO_TO   815: size=1048576 offset=0
BO_TO   815: size=1048576 offset=0
BO_TO   815: size=1048576 offset=0
BO_TO   815: size=1048576 offset=0
BO_TO   815: size=1048576 offset=0
BO_TO   815: size=1048576 offset=0
BO_TO   815: size=1048576 offset=0
BO_TO   815: size=1048576 offset=0
BO_FROM 815: size=1048576 offset=0 -> /tmp/cap/bo_from_815_1048576.bin
 questionBO_TO   816: size=1048576 offset=0
BO_TO   816: size=1048576 offset=0
BO_TO   816: size=1048576 offset=0
BO_TO   816: size=1048576 offset=0
BO_TO   816: size=1048576 offset=0
BO_TO   816: size=1048576 offset=0
BO_TO   816: size=1048576 offset=0
BO_TO   816: size=1048576 offset=0
BO_TO   816: size=1048576 offset=0
BO_TO   816: size=1048576 offset=0
BO_TO   816: size=1048576 offset=0
BO_TO   816: size=1048576 offset=0
BO_TO   816: size=1048576 offset=0
BO_TO   816: size=1048576 offset=0
BO_TO   816: size=1048576 offset=0
BO_TO   816: size=1048576 offset=0
BO_TO   816: size=1048576 offset=0
BO_TO   816: size=1048576 offset=0
BO_TO   816: size=1048576 offset=0
BO_TO   816: size=1048576 offset=0
BO_TO   816: size=1048576 offset=0
BO_TO   816: size=1048576 offset=0
BO_TO   816: size=1048576 offset=0
BO_TO   816: size=1048576 offset=0
BO_TO   816: size=1048576 offset=0
BO_TO   816: size=1048576 offset=0
BO_TO   816: size=1048576 offset=0
BO_TO   816: size=1048576 offset=0
BO_TO   816: size=1048576 offset=0
BO_FROM 816: size=1048576 offset=0 -> /tmp/cap/bo_from_816_1048576.bin
.BO_TO   817: size=1048576 offset=0
BO_TO   817: size=1048576 offset=0
BO_TO   817: size=1048576 offset=0
BO_TO   817: size=1048576 offset=0
BO_TO   817: size=1048576 offset=0
BO_TO   817: size=1048576 offset=0
BO_TO   817: size=1048576 offset=0
BO_TO   817: size=1048576 offset=0
BO_TO   817: size=1048576 offset=0
BO_TO   817: size=1048576 offset=0
BO_TO   817: size=1048576 offset=0
BO_TO   817: size=1048576 offset=0
BO_TO   817: size=1048576 offset=0
BO_TO   817: size=1048576 offset=0
BO_TO   817: size=1048576 offset=0
BO_TO   817: size=1048576 offset=0
BO_TO   817: size=1048576 offset=0
BO_TO   817: size=1048576 offset=0
BO_TO   817: size=1048576 offset=0
BO_TO   817: size=1048576 offset=0
BO_TO   817: size=1048576 offset=0
BO_TO   817: size=1048576 offset=0
BO_TO   817: size=1048576 offset=0
BO_TO   817: size=1048576 offset=0
BO_TO   817: size=1048576 offset=0
BO_TO   817: size=1048576 offset=0
BO_TO   817: size=1048576 offset=0
BO_TO   817: size=1048576 offset=0
BO_TO   817: size=1048576 offset=0
BO_FROM 817: size=1048576 offset=0 -> /tmp/cap/bo_from_817_1048576.bin
 MaybeBO_TO   818: size=1048576 offset=0
BO_TO   818: size=1048576 offset=0
BO_TO   818: size=1048576 offset=0
BO_TO   818: size=1048576 offset=0
BO_TO   818: size=1048576 offset=0
BO_TO   818: size=1048576 offset=0
BO_TO   818: size=1048576 offset=0
BO_TO   818: size=1048576 offset=0
BO_TO   818: size=1048576 offset=0
BO_TO   818: size=1048576 offset=0
BO_TO   818: size=1048576 offset=0
BO_TO   818: size=1048576 offset=0
BO_TO   818: size=1048576 offset=0
BO_TO   818: size=1048576 offset=0
BO_TO   818: size=1048576 offset=0
BO_TO   818: size=1048576 offset=0
BO_TO   818: size=1048576 offset=0
BO_TO   818: size=1048576 offset=0
BO_TO   818: size=1048576 offset=0
BO_TO   818: size=1048576 offset=0
BO_TO   818: size=1048576 offset=0
BO_TO   818: size=1048576 offset=0
BO_TO   818: size=1048576 offset=0
BO_TO   818: size=1048576 offset=0
BO_TO   818: size=1048576 offset=0
BO_TO   818: size=1048576 offset=0
BO_TO   818: size=1048576 offset=0
BO_TO   818: size=1048576 offset=0
BO_TO   818: size=1048576 offset=0
BO_FROM 818: size=1048576 offset=0 -> /tmp/cap/bo_from_818_1048576.bin
 sayBO_TO   819: size=1048576 offset=0
BO_TO   819: size=1048576 offset=0
BO_TO   819: size=1048576 offset=0
BO_TO   819: size=1048576 offset=0
BO_TO   819: size=1048576 offset=0
BO_TO   819: size=1048576 offset=0
BO_TO   819: size=1048576 offset=0
BO_TO   819: size=1048576 offset=0
BO_TO   819: size=1048576 offset=0
BO_TO   819: size=1048576 offset=0
BO_TO   819: size=1048576 offset=0
BO_TO   819: size=1048576 offset=0
BO_TO   819: size=1048576 offset=0
BO_TO   819: size=1048576 offset=0
BO_TO   819: size=1048576 offset=0
BO_TO   819: size=1048576 offset=0
BO_TO   819: size=1048576 offset=0
BO_TO   819: size=1048576 offset=0
BO_TO   819: size=1048576 offset=0
BO_TO   819: size=1048576 offset=0
BO_TO   819: size=1048576 offset=0
BO_TO   819: size=1048576 offset=0
BO_TO   819: size=1048576 offset=0
BO_TO   819: size=1048576 offset=0
BO_TO   819: size=1048576 offset=0
BO_TO   819: size=1048576 offset=0
BO_TO   819: size=1048576 offset=0
BO_TO   819: size=1048576 offset=0
BO_TO   819: size=1048576 offset=0
BO_FROM 819: size=1048576 offset=0 -> /tmp/cap/bo_from_819_1048576.bin
 somethingBO_TO   820: size=1048576 offset=0
BO_TO   820: size=1048576 offset=0
BO_TO   820: size=1048576 offset=0
BO_TO   820: size=1048576 offset=0
BO_TO   820: size=1048576 offset=0
BO_TO   820: size=1048576 offset=0
BO_TO   820: size=1048576 offset=0
BO_TO   820: size=1048576 offset=0
BO_TO   820: size=1048576 offset=0
BO_TO   820: size=1048576 offset=0
BO_TO   820: size=1048576 offset=0
BO_TO   820: size=1048576 offset=0
BO_TO   820: size=1048576 offset=0
BO_TO   820: size=1048576 offset=0
BO_TO   820: size=1048576 offset=0
BO_TO   820: size=1048576 offset=0
BO_TO   820: size=1048576 offset=0
BO_TO   820: size=1048576 offset=0
BO_TO   820: size=1048576 offset=0
BO_TO   820: size=1048576 offset=0
BO_TO   820: size=1048576 offset=0
BO_TO   820: size=1048576 offset=0
BO_TO   820: size=1048576 offset=0
BO_TO   820: size=1048576 offset=0
BO_TO   820: size=1048576 offset=0
BO_TO   820: size=1048576 offset=0
BO_TO   820: size=1048576 offset=0
BO_TO   820: size=1048576 offset=0
BO_TO   820: size=1048576 offset=0
BO_FROM 820: size=1048576 offset=0 -> /tmp/cap/bo_from_820_1048576.bin
 likeBO_TO   821: size=1048576 offset=0
BO_TO   821: size=1048576 offset=0
BO_TO   821: size=1048576 offset=0
BO_TO   821: size=1048576 offset=0
BO_TO   821: size=1048576 offset=0
BO_TO   821: size=1048576 offset=0
BO_TO   821: size=1048576 offset=0
BO_TO   821: size=1048576 offset=0
BO_TO   821: size=1048576 offset=0
BO_TO   821: size=1048576 offset=0
BO_TO   821: size=1048576 offset=0
BO_TO   821: size=1048576 offset=0
BO_TO   821: size=1048576 offset=0
BO_TO   821: size=1048576 offset=0
BO_TO   821: size=1048576 offset=0
BO_TO   821: size=1048576 offset=0
BO_TO   821: size=1048576 offset=0
BO_TO   821: size=1048576 offset=0
BO_TO   821: size=1048576 offset=0
BO_TO   821: size=1048576 offset=0
BO_TO   821: size=1048576 offset=0
BO_TO   821: size=1048576 offset=0
BO_TO   821: size=1048576 offset=0
BO_TO   821: size=1048576 offset=0
BO_TO   821: size=1048576 offset=0
BO_TO   821: size=1048576 offset=0
BO_TO   821: size=1048576 offset=0
BO_TO   821: size=1048576 offset=0
BO_TO   821: size=1048576 offset=0
BO_FROM 821: size=1048576 offset=0 -> /tmp/cap/bo_from_821_1048576.bin
 "BO_TO   822: size=1048576 offset=0
BO_TO   822: size=1048576 offset=0
BO_TO   822: size=1048576 offset=0
BO_TO   822: size=1048576 offset=0
BO_TO   822: size=1048576 offset=0
BO_TO   822: size=1048576 offset=0
BO_TO   822: size=1048576 offset=0
BO_TO   822: size=1048576 offset=0
BO_TO   822: size=1048576 offset=0
BO_TO   822: size=1048576 offset=0
BO_TO   822: size=1048576 offset=0
BO_TO   822: size=1048576 offset=0
BO_TO   822: size=1048576 offset=0
BO_TO   822: size=1048576 offset=0
BO_TO   822: size=1048576 offset=0
BO_TO   822: size=1048576 offset=0
BO_TO   822: size=1048576 offset=0
BO_TO   822: size=1048576 offset=0
BO_TO   822: size=1048576 offset=0
BO_TO   822: size=1048576 offset=0
BO_TO   822: size=1048576 offset=0
BO_TO   822: size=1048576 offset=0
BO_TO   822: size=1048576 offset=0
BO_TO   822: size=1048576 offset=0
BO_TO   822: size=1048576 offset=0
BO_TO   822: size=1048576 offset=0
BO_TO   822: size=1048576 offset=0
BO_TO   822: size=1048576 offset=0
BO_TO   822: size=1048576 offset=0
BO_FROM 822: size=1048576 offset=0 -> /tmp/cap/bo_from_822_1048576.bin
HelloBO_TO   823: size=1048576 offset=0
BO_TO   823: size=1048576 offset=0
BO_TO   823: size=1048576 offset=0
BO_TO   823: size=1048576 offset=0
BO_TO   823: size=1048576 offset=0
BO_TO   823: size=1048576 offset=0
BO_TO   823: size=1048576 offset=0
BO_TO   823: size=1048576 offset=0
BO_TO   823: size=1048576 offset=0
BO_TO   823: size=1048576 offset=0
BO_TO   823: size=1048576 offset=0
BO_TO   823: size=1048576 offset=0
BO_TO   823: size=1048576 offset=0
BO_TO   823: size=1048576 offset=0
BO_TO   823: size=1048576 offset=0
BO_TO   823: size=1048576 offset=0
BO_TO   823: size=1048576 offset=0
BO_TO   823: size=1048576 offset=0
BO_TO   823: size=1048576 offset=0
BO_TO   823: size=1048576 offset=0
BO_TO   823: size=1048576 offset=0
BO_TO   823: size=1048576 offset=0
BO_TO   823: size=1048576 offset=0
BO_TO   823: size=1048576 offset=0
BO_TO   823: size=1048576 offset=0
BO_TO   823: size=1048576 offset=0
BO_TO   823: size=1048576 offset=0
BO_TO   823: size=1048576 offset=0
BO_TO   823: size=1048576 offset=0
BO_FROM 823: size=1048576 offset=0 -> /tmp/cap/bo_from_823_1048576.bin
!BO_TO   824: size=1048576 offset=0
BO_TO   824: size=1048576 offset=0
BO_TO   824: size=1048576 offset=0
BO_TO   824: size=1048576 offset=0
BO_TO   824: size=1048576 offset=0
BO_TO   824: size=1048576 offset=0
BO_TO   824: size=1048576 offset=0
BO_TO   824: size=1048576 offset=0
BO_TO   824: size=1048576 offset=0
BO_TO   824: size=1048576 offset=0
BO_TO   824: size=1048576 offset=0
BO_TO   824: size=1048576 offset=0
BO_TO   824: size=1048576 offset=0
BO_TO   824: size=1048576 offset=0
BO_TO   824: size=1048576 offset=0
BO_TO   824: size=1048576 offset=0
BO_TO   824: size=1048576 offset=0
BO_TO   824: size=1048576 offset=0
BO_TO   824: size=1048576 offset=0
BO_TO   824: size=1048576 offset=0
BO_TO   824: size=1048576 offset=0
BO_TO   824: size=1048576 offset=0
BO_TO   824: size=1048576 offset=0
BO_TO   824: size=1048576 offset=0
BO_TO   824: size=1048576 offset=0
BO_TO   824: size=1048576 offset=0
BO_TO   824: size=1048576 offset=0
BO_TO   824: size=1048576 offset=0
BO_TO   824: size=1048576 offset=0
BO_FROM 824: size=1048576 offset=0 -> /tmp/cap/bo_from_824_1048576.bin
 HowBO_TO   825: size=1048576 offset=0
BO_TO   825: size=1048576 offset=0
BO_TO   825: size=1048576 offset=0
BO_TO   825: size=1048576 offset=0
BO_TO   825: size=1048576 offset=0
BO_TO   825: size=1048576 offset=0
BO_TO   825: size=1048576 offset=0
BO_TO   825: size=1048576 offset=0
BO_TO   825: size=1048576 offset=0
BO_TO   825: size=1048576 offset=0
BO_TO   825: size=1048576 offset=0
BO_TO   825: size=1048576 offset=0
BO_TO   825: size=1048576 offset=0
BO_TO   825: size=1048576 offset=0
BO_TO   825: size=1048576 offset=0
BO_TO   825: size=1048576 offset=0
BO_TO   825: size=1048576 offset=0
BO_TO   825: size=1048576 offset=0
BO_TO   825: size=1048576 offset=0
BO_TO   825: size=1048576 offset=0
BO_TO   825: size=1048576 offset=0
BO_TO   825: size=1048576 offset=0
BO_TO   825: size=1048576 offset=0
BO_TO   825: size=1048576 offset=0
BO_TO   825: size=1048576 offset=0
BO_TO   825: size=1048576 offset=0
BO_TO   825: size=1048576 offset=0
BO_TO   825: size=1048576 offset=0
BO_TO   825: size=1048576 offset=0
BO_FROM 825: size=1048576 offset=0 -> /tmp/cap/bo_from_825_1048576.bin
 areBO_TO   826: size=1048576 offset=0
BO_TO   826: size=1048576 offset=0
BO_TO   826: size=1048576 offset=0
BO_TO   826: size=1048576 offset=0
BO_TO   826: size=1048576 offset=0
BO_TO   826: size=1048576 offset=0
BO_TO   826: size=1048576 offset=0
BO_TO   826: size=1048576 offset=0
BO_TO   826: size=1048576 offset=0
BO_TO   826: size=1048576 offset=0
BO_TO   826: size=1048576 offset=0
BO_TO   826: size=1048576 offset=0
BO_TO   826: size=1048576 offset=0
BO_TO   826: size=1048576 offset=0
BO_TO   826: size=1048576 offset=0
BO_TO   826: size=1048576 offset=0
BO_TO   826: size=1048576 offset=0
BO_TO   826: size=1048576 offset=0
BO_TO   826: size=1048576 offset=0
BO_TO   826: size=1048576 offset=0
BO_TO   826: size=1048576 offset=0
BO_TO   826: size=1048576 offset=0
BO_TO   826: size=1048576 offset=0
BO_TO   826: size=1048576 offset=0
BO_TO   826: size=1048576 offset=0
BO_TO   826: size=1048576 offset=0
BO_TO   826: size=1048576 offset=0
BO_TO   826: size=1048576 offset=0
BO_TO   826: size=1048576 offset=0
BO_FROM 826: size=1048576 offset=0 -> /tmp/cap/bo_from_826_1048576.bin
 youBO_TO   827: size=1048576 offset=0
BO_TO   827: size=1048576 offset=0
BO_TO   827: size=1048576 offset=0
BO_TO   827: size=1048576 offset=0
BO_TO   827: size=1048576 offset=0
BO_TO   827: size=1048576 offset=0
BO_TO   827: size=1048576 offset=0
BO_TO   827: size=1048576 offset=0
BO_TO   827: size=1048576 offset=0
BO_TO   827: size=1048576 offset=0
BO_TO   827: size=1048576 offset=0
BO_TO   827: size=1048576 offset=0
BO_TO   827: size=1048576 offset=0
BO_TO   827: size=1048576 offset=0
BO_TO   827: size=1048576 offset=0
BO_TO   827: size=1048576 offset=0
BO_TO   827: size=1048576 offset=0
BO_TO   827: size=1048576 offset=0
BO_TO   827: size=1048576 offset=0
BO_TO   827: size=1048576 offset=0
BO_TO   827: size=1048576 offset=0
BO_TO   827: size=1048576 offset=0
BO_TO   827: size=1048576 offset=0
BO_TO   827: size=1048576 offset=0
BO_TO   827: size=1048576 offset=0
BO_TO   827: size=1048576 offset=0
BO_TO   827: size=1048576 offset=0
BO_TO   827: size=1048576 offset=0
BO_TO   827: size=1048576 offset=0
BO_FROM 827: size=1048576 offset=0 -> /tmp/cap/bo_from_827_1048576.bin
 todayBO_TO   828: size=1048576 offset=0
BO_TO   828: size=1048576 offset=0
BO_TO   828: size=1048576 offset=0
BO_TO   828: size=1048576 offset=0
BO_TO   828: size=1048576 offset=0
BO_TO   828: size=1048576 offset=0
BO_TO   828: size=1048576 offset=0
BO_TO   828: size=1048576 offset=0
BO_TO   828: size=1048576 offset=0
BO_TO   828: size=1048576 offset=0
BO_TO   828: size=1048576 offset=0
BO_TO   828: size=1048576 offset=0
BO_TO   828: size=1048576 offset=0
BO_TO   828: size=1048576 offset=0
BO_TO   828: size=1048576 offset=0
BO_TO   828: size=1048576 offset=0
BO_TO   828: size=1048576 offset=0
BO_TO   828: size=1048576 offset=0
BO_TO   828: size=1048576 offset=0
BO_TO   828: size=1048576 offset=0
BO_TO   828: size=1048576 offset=0
BO_TO   828: size=1048576 offset=0
BO_TO   828: size=1048576 offset=0
BO_TO   828: size=1048576 offset=0
BO_TO   828: size=1048576 offset=0
BO_TO   828: size=1048576 offset=0
BO_TO   828: size=1048576 offset=0
BO_TO   828: size=1048576 offset=0
BO_TO   828: size=1048576 offset=0
BO_FROM 828: size=1048576 offset=0 -> /tmp/cap/bo_from_828_1048576.bin
?"BO_TO   829: size=1048576 offset=0
BO_TO   829: size=1048576 offset=0
BO_TO   829: size=1048576 offset=0
BO_TO   829: size=1048576 offset=0
BO_TO   829: size=1048576 offset=0
BO_TO   829: size=1048576 offset=0
BO_TO   829: size=1048576 offset=0
BO_TO   829: size=1048576 offset=0
BO_TO   829: size=1048576 offset=0
BO_TO   829: size=1048576 offset=0
BO_TO   829: size=1048576 offset=0
BO_TO   829: size=1048576 offset=0
BO_TO   829: size=1048576 offset=0
BO_TO   829: size=1048576 offset=0
BO_TO   829: size=1048576 offset=0
BO_TO   829: size=1048576 offset=0
BO_TO   829: size=1048576 offset=0
BO_TO   829: size=1048576 offset=0
BO_TO   829: size=1048576 offset=0
BO_TO   829: size=1048576 offset=0
BO_TO   829: size=1048576 offset=0
BO_TO   829: size=1048576 offset=0
BO_TO   829: size=1048576 offset=0
BO_TO   829: size=1048576 offset=0
BO_TO   829: size=1048576 offset=0
BO_TO   829: size=1048576 offset=0
BO_TO   829: size=1048576 offset=0
BO_TO   829: size=1048576 offset=0
BO_TO   829: size=1048576 offset=0
BO_FROM 829: size=1048576 offset=0 -> /tmp/cap/bo_from_829_1048576.bin
 ThatBO_TO   830: size=1048576 offset=0
BO_TO   830: size=1048576 offset=0
BO_TO   830: size=1048576 offset=0
BO_TO   830: size=1048576 offset=0
BO_TO   830: size=1048576 offset=0
BO_TO   830: size=1048576 offset=0
BO_TO   830: size=1048576 offset=0
BO_TO   830: size=1048576 offset=0
BO_TO   830: size=1048576 offset=0
BO_TO   830: size=1048576 offset=0
BO_TO   830: size=1048576 offset=0
BO_TO   830: size=1048576 offset=0
BO_TO   830: size=1048576 offset=0
BO_TO   830: size=1048576 offset=0
BO_TO   830: size=1048576 offset=0
BO_TO   830: size=1048576 offset=0
BO_TO   830: size=1048576 offset=0
BO_TO   830: size=1048576 offset=0
BO_TO   830: size=1048576 offset=0
BO_TO   830: size=1048576 offset=0
BO_TO   830: size=1048576 offset=0
BO_TO   830: size=1048576 offset=0
BO_TO   830: size=1048576 offset=0
BO_TO   830: size=1048576 offset=0
BO_TO   830: size=1048576 offset=0
BO_TO   830: size=1048576 offset=0
BO_TO   830: size=1048576 offset=0
BO_TO   830: size=1048576 offset=0
BO_TO   830: size=1048576 offset=0
BO_FROM 830: size=1048576 offset=0 -> /tmp/cap/bo_from_830_1048576.bin
 showsBO_TO   831: size=1048576 offset=0
BO_TO   831: size=1048576 offset=0
BO_TO   831: size=1048576 offset=0
BO_TO   831: size=1048576 offset=0
BO_TO   831: size=1048576 offset=0
BO_TO   831: size=1048576 offset=0
BO_TO   831: size=1048576 offset=0
BO_TO   831: size=1048576 offset=0
BO_TO   831: size=1048576 offset=0
BO_TO   831: size=1048576 offset=0
BO_TO   831: size=1048576 offset=0
BO_TO   831: size=1048576 offset=0
BO_TO   831: size=1048576 offset=0
BO_TO   831: size=1048576 offset=0
BO_TO   831: size=1048576 offset=0
BO_TO   831: size=1048576 offset=0
BO_TO   831: size=1048576 offset=0
BO_TO   831: size=1048576 offset=0
BO_TO   831: size=1048576 offset=0
BO_TO   831: size=1048576 offset=0
BO_TO   831: size=1048576 offset=0
BO_TO   831: size=1048576 offset=0
BO_TO   831: size=1048576 offset=0
BO_TO   831: size=1048576 offset=0
BO_TO   831: size=1048576 offset=0
BO_TO   831: size=1048576 offset=0
BO_TO   831: size=1048576 offset=0
BO_TO   831: size=1048576 offset=0
BO_TO   831: size=1048576 offset=0
BO_FROM 831: size=1048576 offset=0 -> /tmp/cap/bo_from_831_1048576.bin
 engagementBO_TO   832: size=1048576 offset=0
BO_TO   832: size=1048576 offset=0
BO_TO   832: size=1048576 offset=0
BO_TO   832: size=1048576 offset=0
BO_TO   832: size=1048576 offset=0
BO_TO   832: size=1048576 offset=0
BO_TO   832: size=1048576 offset=0
BO_TO   832: size=1048576 offset=0
BO_TO   832: size=1048576 offset=0
BO_TO   832: size=1048576 offset=0
BO_TO   832: size=1048576 offset=0
BO_TO   832: size=1048576 offset=0
BO_TO   832: size=1048576 offset=0
BO_TO   832: size=1048576 offset=0
BO_TO   832: size=1048576 offset=0
BO_TO   832: size=1048576 offset=0
BO_TO   832: size=1048576 offset=0
BO_TO   832: size=1048576 offset=0
BO_TO   832: size=1048576 offset=0
BO_TO   832: size=1048576 offset=0
BO_TO   832: size=1048576 offset=0
BO_TO   832: size=1048576 offset=0
BO_TO   832: size=1048576 offset=0
BO_TO   832: size=1048576 offset=0
BO_TO   832: size=1048576 offset=0
BO_TO   832: size=1048576 offset=0
BO_TO   832: size=1048576 offset=0
BO_TO   832: size=1048576 offset=0
BO_TO   832: size=1048576 offset=0
BO_FROM 832: size=1048576 offset=0 -> /tmp/cap/bo_from_832_1048576.bin
.BO_TO   833: size=1048576 offset=0
BO_TO   833: size=1048576 offset=0
BO_TO   833: size=1048576 offset=0
BO_TO   833: size=1048576 offset=0
BO_TO   833: size=1048576 offset=0
BO_TO   833: size=1048576 offset=0
BO_TO   833: size=1048576 offset=0
BO_TO   833: size=1048576 offset=0
BO_TO   833: size=1048576 offset=0
BO_TO   833: size=1048576 offset=0
BO_TO   833: size=1048576 offset=0
BO_TO   833: size=1048576 offset=0
BO_TO   833: size=1048576 offset=0
BO_TO   833: size=1048576 offset=0
BO_TO   833: size=1048576 offset=0
BO_TO   833: size=1048576 offset=0
BO_TO   833: size=1048576 offset=0
BO_TO   833: size=1048576 offset=0
BO_TO   833: size=1048576 offset=0
BO_TO   833: size=1048576 offset=0
BO_TO   833: size=1048576 offset=0
BO_TO   833: size=1048576 offset=0
BO_TO   833: size=1048576 offset=0
BO_TO   833: size=1048576 offset=0
BO_TO   833: size=1048576 offset=0
BO_TO   833: size=1048576 offset=0
BO_TO   833: size=1048576 offset=0
BO_TO   833: size=1048576 offset=0
BO_TO   833: size=1048576 offset=0
BO_FROM 833: size=1048576 offset=0 -> /tmp/cap/bo_from_833_1048576.bin
 ThenBO_TO   834: size=1048576 offset=0
BO_TO   834: size=1048576 offset=0
BO_TO   834: size=1048576 offset=0
BO_TO   834: size=1048576 offset=0
BO_TO   834: size=1048576 offset=0
BO_TO   834: size=1048576 offset=0
BO_TO   834: size=1048576 offset=0
BO_TO   834: size=1048576 offset=0
BO_TO   834: size=1048576 offset=0
BO_TO   834: size=1048576 offset=0
BO_TO   834: size=1048576 offset=0
BO_TO   834: size=1048576 offset=0
BO_TO   834: size=1048576 offset=0
BO_TO   834: size=1048576 offset=0
BO_TO   834: size=1048576 offset=0
BO_TO   834: size=1048576 offset=0
BO_TO   834: size=1048576 offset=0
BO_TO   834: size=1048576 offset=0
BO_TO   834: size=1048576 offset=0
BO_TO   834: size=1048576 offset=0
BO_TO   834: size=1048576 offset=0
BO_TO   834: size=1048576 offset=0
BO_TO   834: size=1048576 offset=0
BO_TO   834: size=1048576 offset=0
BO_TO   834: size=1048576 offset=0
BO_TO   834: size=1048576 offset=0
BO_TO   834: size=1048576 offset=0
BO_TO   834: size=1048576 offset=0
BO_TO   834: size=1048576 offset=0
BO_FROM 834: size=1048576 offset=0 -> /tmp/cap/bo_from_834_1048576.bin
,BO_TO   835: size=1048576 offset=0
BO_TO   835: size=1048576 offset=0
BO_TO   835: size=1048576 offset=0
BO_TO   835: size=1048576 offset=0
BO_TO   835: size=1048576 offset=0
BO_TO   835: size=1048576 offset=0
BO_TO   835: size=1048576 offset=0
BO_TO   835: size=1048576 offset=0
BO_TO   835: size=1048576 offset=0
BO_TO   835: size=1048576 offset=0
BO_TO   835: size=1048576 offset=0
BO_TO   835: size=1048576 offset=0
BO_TO   835: size=1048576 offset=0
BO_TO   835: size=1048576 offset=0
BO_TO   835: size=1048576 offset=0
BO_TO   835: size=1048576 offset=0
BO_TO   835: size=1048576 offset=0
BO_TO   835: size=1048576 offset=0
BO_TO   835: size=1048576 offset=0
BO_TO   835: size=1048576 offset=0
BO_TO   835: size=1048576 offset=0
BO_TO   835: size=1048576 offset=0
BO_TO   835: size=1048576 offset=0
BO_TO   835: size=1048576 offset=0
BO_TO   835: size=1048576 offset=0
BO_TO   835: size=1048576 offset=0
BO_TO   835: size=1048576 offset=0
BO_TO   835: size=1048576 offset=0
BO_TO   835: size=1048576 offset=0
BO_FROM 835: size=1048576 offset=0 -> /tmp/cap/bo_from_835_1048576.bin
 IBO_TO   836: size=1048576 offset=0
BO_TO   836: size=1048576 offset=0
BO_TO   836: size=1048576 offset=0
BO_TO   836: size=1048576 offset=0
BO_TO   836: size=1048576 offset=0
BO_TO   836: size=1048576 offset=0
BO_TO   836: size=1048576 offset=0
BO_TO   836: size=1048576 offset=0
BO_TO   836: size=1048576 offset=0
BO_TO   836: size=1048576 offset=0
BO_TO   836: size=1048576 offset=0
BO_TO   836: size=1048576 offset=0
BO_TO   836: size=1048576 offset=0
BO_TO   836: size=1048576 offset=0
BO_TO   836: size=1048576 offset=0
BO_TO   836: size=1048576 offset=0
BO_TO   836: size=1048576 offset=0
BO_TO   836: size=1048576 offset=0
BO_TO   836: size=1048576 offset=0
BO_TO   836: size=1048576 offset=0
BO_TO   836: size=1048576 offset=0
BO_TO   836: size=1048576 offset=0
BO_TO   836: size=1048576 offset=0
BO_TO   836: size=1048576 offset=0
BO_TO   836: size=1048576 offset=0
BO_TO   836: size=1048576 offset=0
BO_TO   836: size=1048576 offset=0
BO_TO   836: size=1048576 offset=0
BO_TO   836: size=1048576 offset=0
BO_FROM 836: size=1048576 offset=0 -> /tmp/cap/bo_from_836_1048576.bin
 canBO_TO   837: size=1048576 offset=0
BO_TO   837: size=1048576 offset=0
BO_TO   837: size=1048576 offset=0
BO_TO   837: size=1048576 offset=0
BO_TO   837: size=1048576 offset=0
BO_TO   837: size=1048576 offset=0
BO_TO   837: size=1048576 offset=0
BO_TO   837: size=1048576 offset=0
BO_TO   837: size=1048576 offset=0
BO_TO   837: size=1048576 offset=0
BO_TO   837: size=1048576 offset=0
BO_TO   837: size=1048576 offset=0
BO_TO   837: size=1048576 offset=0
BO_TO   837: size=1048576 offset=0
BO_TO   837: size=1048576 offset=0
BO_TO   837: size=1048576 offset=0
BO_TO   837: size=1048576 offset=0
BO_TO   837: size=1048576 offset=0
BO_TO   837: size=1048576 offset=0
BO_TO   837: size=1048576 offset=0
BO_TO   837: size=1048576 offset=0
BO_TO   837: size=1048576 offset=0
BO_TO   837: size=1048576 offset=0
BO_TO   837: size=1048576 offset=0
BO_TO   837: size=1048576 offset=0
BO_TO   837: size=1048576 offset=0
BO_TO   837: size=1048576 offset=0
BO_TO   837: size=1048576 offset=0
BO_TO   837: size=1048576 offset=0
BO_FROM 837: size=1048576 offset=0 -> /tmp/cap/bo_from_837_1048576.bin
 addBO_TO   838: size=1048576 offset=0
BO_TO   838: size=1048576 offset=0
BO_TO   838: size=1048576 offset=0
BO_TO   838: size=1048576 offset=0
BO_TO   838: size=1048576 offset=0
BO_TO   838: size=1048576 offset=0
BO_TO   838: size=1048576 offset=0
BO_TO   838: size=1048576 offset=0
BO_TO   838: size=1048576 offset=0
BO_TO   838: size=1048576 offset=0
BO_TO   838: size=1048576 offset=0
BO_TO   838: size=1048576 offset=0
BO_TO   838: size=1048576 offset=0
BO_TO   838: size=1048576 offset=0
BO_TO   838: size=1048576 offset=0
BO_TO   838: size=1048576 offset=0
BO_TO   838: size=1048576 offset=0
BO_TO   838: size=1048576 offset=0
BO_TO   838: size=1048576 offset=0
BO_TO   838: size=1048576 offset=0
BO_TO   838: size=1048576 offset=0
BO_TO   838: size=1048576 offset=0
BO_TO   838: size=1048576 offset=0
BO_TO   838: size=1048576 offset=0
BO_TO   838: size=1048576 offset=0
BO_TO   838: size=1048576 offset=0
BO_TO   838: size=1048576 offset=0
BO_TO   838: size=1048576 offset=0
BO_TO   838: size=1048576 offset=0
BO_FROM 838: size=1048576 offset=0 -> /tmp/cap/bo_from_838_1048576.bin
 aBO_TO   839: size=1048576 offset=0
BO_TO   839: size=1048576 offset=0
BO_TO   839: size=1048576 offset=0
BO_TO   839: size=1048576 offset=0
BO_TO   839: size=1048576 offset=0
BO_TO   839: size=1048576 offset=0
BO_TO   839: size=1048576 offset=0
BO_TO   839: size=1048576 offset=0
BO_TO   839: size=1048576 offset=0
BO_TO   839: size=1048576 offset=0
BO_TO   839: size=1048576 offset=0
BO_TO   839: size=1048576 offset=0
BO_TO   839: size=1048576 offset=0
BO_TO   839: size=1048576 offset=0
BO_TO   839: size=1048576 offset=0
BO_TO   839: size=1048576 offset=0
BO_TO   839: size=1048576 offset=0
BO_TO   839: size=1048576 offset=0
BO_TO   839: size=1048576 offset=0
BO_TO   839: size=1048576 offset=0
BO_TO   839: size=1048576 offset=0
BO_TO   839: size=1048576 offset=0
BO_TO   839: size=1048576 offset=0
BO_TO   839: size=1048576 offset=0
BO_TO   839: size=1048576 offset=0
BO_TO   839: size=1048576 offset=0
BO_TO   839: size=1048576 offset=0
BO_TO   839: size=1048576 offset=0
BO_TO   839: size=1048576 offset=0
BO_FROM 839: size=1048576 offset=0 -> /tmp/cap/bo_from_839_1048576.bin
 friendlyBO_TO   840: size=1048576 offset=0
BO_TO   840: size=1048576 offset=0
BO_TO   840: size=1048576 offset=0
BO_TO   840: size=1048576 offset=0
BO_TO   840: size=1048576 offset=0
BO_TO   840: size=1048576 offset=0
BO_TO   840: size=1048576 offset=0
BO_TO   840: size=1048576 offset=0
BO_TO   840: size=1048576 offset=0
BO_TO   840: size=1048576 offset=0
BO_TO   840: size=1048576 offset=0
BO_TO   840: size=1048576 offset=0
BO_TO   840: size=1048576 offset=0
BO_TO   840: size=1048576 offset=0
BO_TO   840: size=1048576 offset=0
BO_TO   840: size=1048576 offset=0
BO_TO   840: size=1048576 offset=0
BO_TO   840: size=1048576 offset=0
BO_TO   840: size=1048576 offset=0
BO_TO   840: size=1048576 offset=0
BO_TO   840: size=1048576 offset=0
BO_TO   840: size=1048576 offset=0
BO_TO   840: size=1048576 offset=0
BO_TO   840: size=1048576 offset=0
BO_TO   840: size=1048576 offset=0
BO_TO   840: size=1048576 offset=0
BO_TO   840: size=1048576 offset=0
BO_TO   840: size=1048576 offset=0
BO_TO   840: size=1048576 offset=0
BO_FROM 840: size=1048576 offset=0 -> /tmp/cap/bo_from_840_1048576.bin
 messageBO_TO   841: size=1048576 offset=0
BO_TO   841: size=1048576 offset=0
BO_TO   841: size=1048576 offset=0
BO_TO   841: size=1048576 offset=0
BO_TO   841: size=1048576 offset=0
BO_TO   841: size=1048576 offset=0
BO_TO   841: size=1048576 offset=0
BO_TO   841: size=1048576 offset=0
BO_TO   841: size=1048576 offset=0
BO_TO   841: size=1048576 offset=0
BO_TO   841: size=1048576 offset=0
BO_TO   841: size=1048576 offset=0
BO_TO   841: size=1048576 offset=0
BO_TO   841: size=1048576 offset=0
BO_TO   841: size=1048576 offset=0
BO_TO   841: size=1048576 offset=0
BO_TO   841: size=1048576 offset=0
BO_TO   841: size=1048576 offset=0
BO_TO   841: size=1048576 offset=0
BO_TO   841: size=1048576 offset=0
BO_TO   841: size=1048576 offset=0
BO_TO   841: size=1048576 offset=0
BO_TO   841: size=1048576 offset=0
BO_TO   841: size=1048576 offset=0
BO_TO   841: size=1048576 offset=0
BO_TO   841: size=1048576 offset=0
BO_TO   841: size=1048576 offset=0
BO_TO   841: size=1048576 offset=0
BO_TO   841: size=1048576 offset=0
BO_FROM 841: size=1048576 offset=0 -> /tmp/cap/bo_from_841_1048576.bin
 toBO_TO   842: size=1048576 offset=0
BO_TO   842: size=1048576 offset=0
BO_TO   842: size=1048576 offset=0
BO_TO   842: size=1048576 offset=0
BO_TO   842: size=1048576 offset=0
BO_TO   842: size=1048576 offset=0
BO_TO   842: size=1048576 offset=0
BO_TO   842: size=1048576 offset=0
BO_TO   842: size=1048576 offset=0
BO_TO   842: size=1048576 offset=0
BO_TO   842: size=1048576 offset=0
BO_TO   842: size=1048576 offset=0
BO_TO   842: size=1048576 offset=0
BO_TO   842: size=1048576 offset=0
BO_TO   842: size=1048576 offset=0
BO_TO   842: size=1048576 offset=0
BO_TO   842: size=1048576 offset=0
BO_TO   842: size=1048576 offset=0
BO_TO   842: size=1048576 offset=0
BO_TO   842: size=1048576 offset=0
BO_TO   842: size=1048576 offset=0
BO_TO   842: size=1048576 offset=0
BO_TO   842: size=1048576 offset=0
BO_TO   842: size=1048576 offset=0
BO_TO   842: size=1048576 offset=0
BO_TO   842: size=1048576 offset=0
BO_TO   842: size=1048576 offset=0
BO_TO   842: size=1048576 offset=0
BO_TO   842: size=1048576 offset=0
BO_FROM 842: size=1048576 offset=0 -> /tmp/cap/bo_from_842_1048576.bin
 keepBO_TO   843: size=1048576 offset=0
BO_TO   843: size=1048576 offset=0
BO_TO   843: size=1048576 offset=0
BO_TO   843: size=1048576 offset=0
BO_TO   843: size=1048576 offset=0
BO_TO   843: size=1048576 offset=0
BO_TO   843: size=1048576 offset=0
BO_TO   843: size=1048576 offset=0
BO_TO   843: size=1048576 offset=0
BO_TO   843: size=1048576 offset=0
BO_TO   843: size=1048576 offset=0
BO_TO   843: size=1048576 offset=0
BO_TO   843: size=1048576 offset=0
BO_TO   843: size=1048576 offset=0
BO_TO   843: size=1048576 offset=0
BO_TO   843: size=1048576 offset=0
BO_TO   843: size=1048576 offset=0
BO_TO   843: size=1048576 offset=0
BO_TO   843: size=1048576 offset=0
BO_TO   843: size=1048576 offset=0
BO_TO   843: size=1048576 offset=0
BO_TO   843: size=1048576 offset=0
BO_TO   843: size=1048576 offset=0
BO_TO   843: size=1048576 offset=0
BO_TO   843: size=1048576 offset=0
BO_TO   843: size=1048576 offset=0
BO_TO   843: size=1048576 offset=0
BO_TO   843: size=1048576 offset=0
BO_TO   843: size=1048576 offset=0
BO_FROM 843: size=1048576 offset=0 -> /tmp/cap/bo_from_843_1048576.bin
 theBO_TO   844: size=1048576 offset=0
BO_TO   844: size=1048576 offset=0
BO_TO   844: size=1048576 offset=0
BO_TO   844: size=1048576 offset=0
BO_TO   844: size=1048576 offset=0
BO_TO   844: size=1048576 offset=0
BO_TO   844: size=1048576 offset=0
BO_TO   844: size=1048576 offset=0
BO_TO   844: size=1048576 offset=0
BO_TO   844: size=1048576 offset=0
BO_TO   844: size=1048576 offset=0
BO_TO   844: size=1048576 offset=0
BO_TO   844: size=1048576 offset=0
BO_TO   844: size=1048576 offset=0
BO_TO   844: size=1048576 offset=0
BO_TO   844: size=1048576 offset=0
BO_TO   844: size=1048576 offset=0
BO_TO   844: size=1048576 offset=0
BO_TO   844: size=1048576 offset=0
BO_TO   844: size=1048576 offset=0
BO_TO   844: size=1048576 offset=0
BO_TO   844: size=1048576 offset=0
BO_TO   844: size=1048576 offset=0
BO_TO   844: size=1048576 offset=0
BO_TO   844: size=1048576 offset=0
BO_TO   844: size=1048576 offset=0
BO_TO   844: size=1048576 offset=0
BO_TO   844: size=1048576 offset=0
BO_TO   844: size=1048576 offset=0
BO_FROM 844: size=1048576 offset=0 -> /tmp/cap/bo_from_844_1048576.bin
 conversationBO_TO   845: size=1048576 offset=0
BO_TO   845: size=1048576 offset=0
BO_TO   845: size=1048576 offset=0
BO_TO   845: size=1048576 offset=0
BO_TO   845: size=1048576 offset=0
BO_TO   845: size=1048576 offset=0
BO_TO   845: size=1048576 offset=0
BO_TO   845: size=1048576 offset=0
BO_TO   845: size=1048576 offset=0
BO_TO   845: size=1048576 offset=0
BO_TO   845: size=1048576 offset=0
BO_TO   845: size=1048576 offset=0
BO_TO   845: size=1048576 offset=0
BO_TO   845: size=1048576 offset=0
BO_TO   845: size=1048576 offset=0
BO_TO   845: size=1048576 offset=0
BO_TO   845: size=1048576 offset=0
BO_TO   845: size=1048576 offset=0
BO_TO   845: size=1048576 offset=0
BO_TO   845: size=1048576 offset=0
BO_TO   845: size=1048576 offset=0
BO_TO   845: size=1048576 offset=0
BO_TO   845: size=1048576 offset=0
BO_TO   845: size=1048576 offset=0
BO_TO   845: size=1048576 offset=0
BO_TO   845: size=1048576 offset=0
BO_TO   845: size=1048576 offset=0
BO_TO   845: size=1048576 offset=0
BO_TO   845: size=1048576 offset=0
BO_FROM 845: size=1048576 offset=0 -> /tmp/cap/bo_from_845_1048576.bin
 goingBO_TO   846: size=1048576 offset=0
BO_TO   846: size=1048576 offset=0
BO_TO   846: size=1048576 offset=0
BO_TO   846: size=1048576 offset=0
BO_TO   846: size=1048576 offset=0
BO_TO   846: size=1048576 offset=0
BO_TO   846: size=1048576 offset=0
BO_TO   846: size=1048576 offset=0
BO_TO   846: size=1048576 offset=0
BO_TO   846: size=1048576 offset=0
BO_TO   846: size=1048576 offset=0
BO_TO   846: size=1048576 offset=0
BO_TO   846: size=1048576 offset=0
BO_TO   846: size=1048576 offset=0
BO_TO   846: size=1048576 offset=0
BO_TO   846: size=1048576 offset=0
BO_TO   846: size=1048576 offset=0
BO_TO   846: size=1048576 offset=0
BO_TO   846: size=1048576 offset=0
BO_TO   846: size=1048576 offset=0
BO_TO   846: size=1048576 offset=0
BO_TO   846: size=1048576 offset=0
BO_TO   846: size=1048576 offset=0
BO_TO   846: size=1048576 offset=0
BO_TO   846: size=1048576 offset=0
BO_TO   846: size=1048576 offset=0
BO_TO   846: size=1048576 offset=0
BO_TO   846: size=1048576 offset=0
BO_TO   846: size=1048576 offset=0
BO_FROM 846: size=1048576 offset=0 -> /tmp/cap/bo_from_846_1048576.bin
.BO_TO   847: size=1048576 offset=0
BO_TO   847: size=1048576 offset=0
BO_TO   847: size=1048576 offset=0
BO_TO   847: size=1048576 offset=0
BO_TO   847: size=1048576 offset=0
BO_TO   847: size=1048576 offset=0
BO_TO   847: size=1048576 offset=0
BO_TO   847: size=1048576 offset=0
BO_TO   847: size=1048576 offset=0
BO_TO   847: size=1048576 offset=0
BO_TO   847: size=1048576 offset=0
BO_TO   847: size=1048576 offset=0
BO_TO   847: size=1048576 offset=0
BO_TO   847: size=1048576 offset=0
BO_TO   847: size=1048576 offset=0
BO_TO   847: size=1048576 offset=0
BO_TO   847: size=1048576 offset=0
BO_TO   847: size=1048576 offset=0
BO_TO   847: size=1048576 offset=0
BO_TO   847: size=1048576 offset=0
BO_TO   847: size=1048576 offset=0
BO_TO   847: size=1048576 offset=0
BO_TO   847: size=1048576 offset=0
BO_TO   847: size=1048576 offset=0
BO_TO   847: size=1048576 offset=0
BO_TO   847: size=1048576 offset=0
BO_TO   847: size=1048576 offset=0
BO_TO   847: size=1048576 offset=0
BO_TO   847: size=1048576 offset=0
BO_FROM 847: size=1048576 offset=0 -> /tmp/cap/bo_from_847_1048576.bin
 LetBO_TO   848: size=1048576 offset=0
BO_TO   848: size=1048576 offset=0
BO_TO   848: size=1048576 offset=0
BO_TO   848: size=1048576 offset=0
BO_TO   848: size=1048576 offset=0
BO_TO   848: size=1048576 offset=0
BO_TO   848: size=1048576 offset=0
BO_TO   848: size=1048576 offset=0
BO_TO   848: size=1048576 offset=0
BO_TO   848: size=1048576 offset=0
BO_TO   848: size=1048576 offset=0
BO_TO   848: size=1048576 offset=0
BO_TO   848: size=1048576 offset=0
BO_TO   848: size=1048576 offset=0
BO_TO   848: size=1048576 offset=0
BO_TO   848: size=1048576 offset=0
BO_TO   848: size=1048576 offset=0
BO_TO   848: size=1048576 offset=0
BO_TO   848: size=1048576 offset=0
BO_TO   848: size=1048576 offset=0
BO_TO   848: size=1048576 offset=0
BO_TO   848: size=1048576 offset=0
BO_TO   848: size=1048576 offset=0
BO_TO   848: size=1048576 offset=0
BO_TO   848: size=1048576 offset=0
BO_TO   848: size=1048576 offset=0
BO_TO   848: size=1048576 offset=0
BO_TO   848: size=1048576 offset=0
BO_TO   848: size=1048576 offset=0
BO_FROM 848: size=1048576 offset=0 -> /tmp/cap/bo_from_848_1048576.bin
 meBO_TO   849: size=1048576 offset=0
BO_TO   849: size=1048576 offset=0
BO_TO   849: size=1048576 offset=0
BO_TO   849: size=1048576 offset=0
BO_TO   849: size=1048576 offset=0
BO_TO   849: size=1048576 offset=0
BO_TO   849: size=1048576 offset=0
BO_TO   849: size=1048576 offset=0
BO_TO   849: size=1048576 offset=0
BO_TO   849: size=1048576 offset=0
BO_TO   849: size=1048576 offset=0
BO_TO   849: size=1048576 offset=0
BO_TO   849: size=1048576 offset=0
BO_TO   849: size=1048576 offset=0
BO_TO   849: size=1048576 offset=0
BO_TO   849: size=1048576 offset=0
BO_TO   849: size=1048576 offset=0
BO_TO   849: size=1048576 offset=0
BO_TO   849: size=1048576 offset=0
BO_TO   849: size=1048576 offset=0
BO_TO   849: size=1048576 offset=0
BO_TO   849: size=1048576 offset=0
BO_TO   849: size=1048576 offset=0
BO_TO   849: size=1048576 offset=0
BO_TO   849: size=1048576 offset=0
BO_TO   849: size=1048576 offset=0
BO_TO   849: size=1048576 offset=0
BO_TO   849: size=1048576 offset=0
BO_TO   849: size=1048576 offset=0
BO_FROM 849: size=1048576 offset=0 -> /tmp/cap/bo_from_849_1048576.bin
 checkBO_TO   850: size=1048576 offset=0
BO_TO   850: size=1048576 offset=0
BO_TO   850: size=1048576 offset=0
BO_TO   850: size=1048576 offset=0
BO_TO   850: size=1048576 offset=0
BO_TO   850: size=1048576 offset=0
BO_TO   850: size=1048576 offset=0
BO_TO   850: size=1048576 offset=0
BO_TO   850: size=1048576 offset=0
BO_TO   850: size=1048576 offset=0
BO_TO   850: size=1048576 offset=0
BO_TO   850: size=1048576 offset=0
BO_TO   850: size=1048576 offset=0
BO_TO   850: size=1048576 offset=0
BO_TO   850: size=1048576 offset=0
BO_TO   850: size=1048576 offset=0
BO_TO   850: size=1048576 offset=0
BO_TO   850: size=1048576 offset=0
BO_TO   850: size=1048576 offset=0
BO_TO   850: size=1048576 offset=0
BO_TO   850: size=1048576 offset=0
BO_TO   850: size=1048576 offset=0
BO_TO   850: size=1048576 offset=0
BO_TO   850: size=1048576 offset=0
BO_TO   850: size=1048576 offset=0
BO_TO   850: size=1048576 offset=0
BO_TO   850: size=1048576 offset=0
BO_TO   850: size=1048576 offset=0
BO_TO   850: size=1048576 offset=0
BO_FROM 850: size=1048576 offset=0 -> /tmp/cap/bo_from_850_1048576.bin
 ifBO_TO   851: size=1048576 offset=0
BO_TO   851: size=1048576 offset=0
BO_TO   851: size=1048576 offset=0
BO_TO   851: size=1048576 offset=0
BO_TO   851: size=1048576 offset=0
BO_TO   851: size=1048576 offset=0
BO_TO   851: size=1048576 offset=0
BO_TO   851: size=1048576 offset=0
BO_TO   851: size=1048576 offset=0
BO_TO   851: size=1048576 offset=0
BO_TO   851: size=1048576 offset=0
BO_TO   851: size=1048576 offset=0
BO_TO   851: size=1048576 offset=0
BO_TO   851: size=1048576 offset=0
BO_TO   851: size=1048576 offset=0
BO_TO   851: size=1048576 offset=0
BO_TO   851: size=1048576 offset=0
BO_TO   851: size=1048576 offset=0
BO_TO   851: size=1048576 offset=0
BO_TO   851: size=1048576 offset=0
BO_TO   851: size=1048576 offset=0
BO_TO   851: size=1048576 offset=0
BO_TO   851: size=1048576 offset=0
BO_TO   851: size=1048576 offset=0
BO_TO   851: size=1048576 offset=0
BO_TO   851: size=1048576 offset=0
BO_TO   851: size=1048576 offset=0
BO_TO   851: size=1048576 offset=0
BO_TO   851: size=1048576 offset=0
BO_FROM 851: size=1048576 offset=0 -> /tmp/cap/bo_from_851_1048576.bin
 thereBO_TO   852: size=1048576 offset=0
BO_TO   852: size=1048576 offset=0
BO_TO   852: size=1048576 offset=0
BO_TO   852: size=1048576 offset=0
BO_TO   852: size=1048576 offset=0
BO_TO   852: size=1048576 offset=0
BO_TO   852: size=1048576 offset=0
BO_TO   852: size=1048576 offset=0
BO_TO   852: size=1048576 offset=0
BO_TO   852: size=1048576 offset=0
BO_TO   852: size=1048576 offset=0
BO_TO   852: size=1048576 offset=0
BO_TO   852: size=1048576 offset=0
BO_TO   852: size=1048576 offset=0
BO_TO   852: size=1048576 offset=0
BO_TO   852: size=1048576 offset=0
BO_TO   852: size=1048576 offset=0
BO_TO   852: size=1048576 offset=0
BO_TO   852: size=1048576 offset=0
BO_TO   852: size=1048576 offset=0
BO_TO   852: size=1048576 offset=0
BO_TO   852: size=1048576 offset=0
BO_TO   852: size=1048576 offset=0
BO_TO   852: size=1048576 offset=0
BO_TO   852: size=1048576 offset=0
BO_TO   852: size=1048576 offset=0
BO_TO   852: size=1048576 offset=0
BO_TO   852: size=1048576 offset=0
BO_TO   852: size=1048576 offset=0
BO_FROM 852: size=1048576 offset=0 -> /tmp/cap/bo_from_852_1048576.bin
'sBO_TO   853: size=1048576 offset=0
BO_TO   853: size=1048576 offset=0
BO_TO   853: size=1048576 offset=0
BO_TO   853: size=1048576 offset=0
BO_TO   853: size=1048576 offset=0
BO_TO   853: size=1048576 offset=0
BO_TO   853: size=1048576 offset=0
BO_TO   853: size=1048576 offset=0
BO_TO   853: size=1048576 offset=0
BO_TO   853: size=1048576 offset=0
BO_TO   853: size=1048576 offset=0
BO_TO   853: size=1048576 offset=0
BO_TO   853: size=1048576 offset=0
BO_TO   853: size=1048576 offset=0
BO_TO   853: size=1048576 offset=0
BO_TO   853: size=1048576 offset=0
BO_TO   853: size=1048576 offset=0
BO_TO   853: size=1048576 offset=0
BO_TO   853: size=1048576 offset=0
BO_TO   853: size=1048576 offset=0
BO_TO   853: size=1048576 offset=0
BO_TO   853: size=1048576 offset=0
BO_TO   853: size=1048576 offset=0
BO_TO   853: size=1048576 offset=0
BO_TO   853: size=1048576 offset=0
BO_TO   853: size=1048576 offset=0
BO_TO   853: size=1048576 offset=0
BO_TO   853: size=1048576 offset=0
BO_TO   853: size=1048576 offset=0
BO_FROM 853: size=1048576 offset=0 -> /tmp/cap/bo_from_853_1048576.bin
 anyBO_TO   854: size=1048576 offset=0
BO_TO   854: size=1048576 offset=0
BO_TO   854: size=1048576 offset=0
BO_TO   854: size=1048576 offset=0
BO_TO   854: size=1048576 offset=0
BO_TO   854: size=1048576 offset=0
BO_TO   854: size=1048576 offset=0
BO_TO   854: size=1048576 offset=0
BO_TO   854: size=1048576 offset=0
BO_TO   854: size=1048576 offset=0
BO_TO   854: size=1048576 offset=0
BO_TO   854: size=1048576 offset=0
BO_TO   854: size=1048576 offset=0
BO_TO   854: size=1048576 offset=0
BO_TO   854: size=1048576 offset=0
BO_TO   854: size=1048576 offset=0
BO_TO   854: size=1048576 offset=0
BO_TO   854: size=1048576 offset=0
BO_TO   854: size=1048576 offset=0
BO_TO   854: size=1048576 offset=0
BO_TO   854: size=1048576 offset=0
BO_TO   854: size=1048576 offset=0
BO_TO   854: size=1048576 offset=0
BO_TO   854: size=1048576 offset=0
BO_TO   854: size=1048576 offset=0
BO_TO   854: size=1048576 offset=0
BO_TO   854: size=1048576 offset=0
BO_TO   854: size=1048576 offset=0
BO_TO   854: size=1048576 offset=0
BO_FROM 854: size=1048576 offset=0 -> /tmp/cap/bo_from_854_1048576.bin
 specificBO_TO   855: size=1048576 offset=0
BO_TO   855: size=1048576 offset=0
BO_TO   855: size=1048576 offset=0
BO_TO   855: size=1048576 offset=0
BO_TO   855: size=1048576 offset=0
BO_TO   855: size=1048576 offset=0
BO_TO   855: size=1048576 offset=0
BO_TO   855: size=1048576 offset=0
BO_TO   855: size=1048576 offset=0
BO_TO   855: size=1048576 offset=0
BO_TO   855: size=1048576 offset=0
BO_TO   855: size=1048576 offset=0
BO_TO   855: size=1048576 offset=0
BO_TO   855: size=1048576 offset=0
BO_TO   855: size=1048576 offset=0
BO_TO   855: size=1048576 offset=0
BO_TO   855: size=1048576 offset=0
BO_TO   855: size=1048576 offset=0
BO_TO   855: size=1048576 offset=0
BO_TO   855: size=1048576 offset=0
BO_TO   855: size=1048576 offset=0
BO_TO   855: size=1048576 offset=0
BO_TO   855: size=1048576 offset=0
BO_TO   855: size=1048576 offset=0
BO_TO   855: size=1048576 offset=0
BO_TO   855: size=1048576 offset=0
BO_TO   855: size=1048576 offset=0
BO_TO   855: size=1048576 offset=0
BO_TO   855: size=1048576 offset=0
BO_FROM 855: size=1048576 offset=0 -> /tmp/cap/bo_from_855_1048576.bin
 thingBO_TO   856: size=1048576 offset=0
BO_TO   856: size=1048576 offset=0
BO_TO   856: size=1048576 offset=0
BO_TO   856: size=1048576 offset=0
BO_TO   856: size=1048576 offset=0
BO_TO   856: size=1048576 offset=0
BO_TO   856: size=1048576 offset=0
BO_TO   856: size=1048576 offset=0
BO_TO   856: size=1048576 offset=0
BO_TO   856: size=1048576 offset=0
BO_TO   856: size=1048576 offset=0
BO_TO   856: size=1048576 offset=0
BO_TO   856: size=1048576 offset=0
BO_TO   856: size=1048576 offset=0
BO_TO   856: size=1048576 offset=0
BO_TO   856: size=1048576 offset=0
BO_TO   856: size=1048576 offset=0
BO_TO   856: size=1048576 offset=0
BO_TO   856: size=1048576 offset=0
BO_TO   856: size=1048576 offset=0
BO_TO   856: size=1048576 offset=0
BO_TO   856: size=1048576 offset=0
BO_TO   856: size=1048576 offset=0
BO_TO   856: size=1048576 offset=0
BO_TO   856: size=1048576 offset=0
BO_TO   856: size=1048576 offset=0
BO_TO   856: size=1048576 offset=0
BO_TO   856: size=1048576 offset=0
BO_TO   856: size=1048576 offset=0
BO_FROM 856: size=1048576 offset=0 -> /tmp/cap/bo_from_856_1048576.bin
 theyBO_TO   857: size=1048576 offset=0
BO_TO   857: size=1048576 offset=0
BO_TO   857: size=1048576 offset=0
BO_TO   857: size=1048576 offset=0
BO_TO   857: size=1048576 offset=0
BO_TO   857: size=1048576 offset=0
BO_TO   857: size=1048576 offset=0
BO_TO   857: size=1048576 offset=0
BO_TO   857: size=1048576 offset=0
BO_TO   857: size=1048576 offset=0
BO_TO   857: size=1048576 offset=0
BO_TO   857: size=1048576 offset=0
BO_TO   857: size=1048576 offset=0
BO_TO   857: size=1048576 offset=0
BO_TO   857: size=1048576 offset=0
BO_TO   857: size=1048576 offset=0
BO_TO   857: size=1048576 offset=0
BO_TO   857: size=1048576 offset=0
BO_TO   857: size=1048576 offset=0
BO_TO   857: size=1048576 offset=0
BO_TO   857: size=1048576 offset=0
BO_TO   857: size=1048576 offset=0
BO_TO   857: size=1048576 offset=0
BO_TO   857: size=1048576 offset=0
BO_TO   857: size=1048576 offset=0
BO_TO   857: size=1048576 offset=0
BO_TO   857: size=1048576 offset=0
BO_TO   857: size=1048576 offset=0
BO_TO   857: size=1048576 offset=0
BO_FROM 857: size=1048576 offset=0 -> /tmp/cap/bo_from_857_1048576.bin
 wantBO_TO   858: size=1048576 offset=0
BO_TO   858: size=1048576 offset=0
BO_TO   858: size=1048576 offset=0
BO_TO   858: size=1048576 offset=0
BO_TO   858: size=1048576 offset=0
BO_TO   858: size=1048576 offset=0
BO_TO   858: size=1048576 offset=0
BO_TO   858: size=1048576 offset=0
BO_TO   858: size=1048576 offset=0
BO_TO   858: size=1048576 offset=0
BO_TO   858: size=1048576 offset=0
BO_TO   858: size=1048576 offset=0
BO_TO   858: size=1048576 offset=0
BO_TO   858: size=1048576 offset=0
BO_TO   858: size=1048576 offset=0
BO_TO   858: size=1048576 offset=0
BO_TO   858: size=1048576 offset=0
BO_TO   858: size=1048576 offset=0
BO_TO   858: size=1048576 offset=0
BO_TO   858: size=1048576 offset=0
BO_TO   858: size=1048576 offset=0
BO_TO   858: size=1048576 offset=0
BO_TO   858: size=1048576 offset=0
BO_TO   858: size=1048576 offset=0
BO_TO   858: size=1048576 offset=0
BO_TO   858: size=1048576 offset=0
BO_TO   858: size=1048576 offset=0
BO_TO   858: size=1048576 offset=0
BO_TO   858: size=1048576 offset=0
BO_FROM 858: size=1048576 offset=0 -> /tmp/cap/bo_from_858_1048576.bin
 toBO_TO   859: size=1048576 offset=0
BO_TO   859: size=1048576 offset=0
BO_TO   859: size=1048576 offset=0
BO_TO   859: size=1048576 offset=0
BO_TO   859: size=1048576 offset=0
BO_TO   859: size=1048576 offset=0
BO_TO   859: size=1048576 offset=0
BO_TO   859: size=1048576 offset=0
BO_TO   859: size=1048576 offset=0
BO_TO   859: size=1048576 offset=0
BO_TO   859: size=1048576 offset=0
BO_TO   859: size=1048576 offset=0
BO_TO   859: size=1048576 offset=0
BO_TO   859: size=1048576 offset=0
BO_TO   859: size=1048576 offset=0
BO_TO   859: size=1048576 offset=0
BO_TO   859: size=1048576 offset=0
BO_TO   859: size=1048576 offset=0
BO_TO   859: size=1048576 offset=0
BO_TO   859: size=1048576 offset=0
BO_TO   859: size=1048576 offset=0
BO_TO   859: size=1048576 offset=0
BO_TO   859: size=1048576 offset=0
BO_TO   859: size=1048576 offset=0
BO_TO   859: size=1048576 offset=0
BO_TO   859: size=1048576 offset=0
BO_TO   859: size=1048576 offset=0
BO_TO   859: size=1048576 offset=0
BO_TO   859: size=1048576 offset=0
BO_FROM 859: size=1048576 offset=0 -> /tmp/cap/bo_from_859_1048576.bin
 includeBO_TO   860: size=1048576 offset=0
BO_TO   860: size=1048576 offset=0
BO_TO   860: size=1048576 offset=0
BO_TO   860: size=1048576 offset=0
BO_TO   860: size=1048576 offset=0
BO_TO   860: size=1048576 offset=0
BO_TO   860: size=1048576 offset=0
BO_TO   860: size=1048576 offset=0
BO_TO   860: size=1048576 offset=0
BO_TO   860: size=1048576 offset=0
BO_TO   860: size=1048576 offset=0
BO_TO   860: size=1048576 offset=0
BO_TO   860: size=1048576 offset=0
BO_TO   860: size=1048576 offset=0
BO_TO   860: size=1048576 offset=0
BO_TO   860: size=1048576 offset=0
BO_TO   860: size=1048576 offset=0
BO_TO   860: size=1048576 offset=0
BO_TO   860: size=1048576 offset=0
BO_TO   860: size=1048576 offset=0
BO_TO   860: size=1048576 offset=0
BO_TO   860: size=1048576 offset=0
BO_TO   860: size=1048576 offset=0
BO_TO   860: size=1048576 offset=0
BO_TO   860: size=1048576 offset=0
BO_TO   860: size=1048576 offset=0
BO_TO   860: size=1048576 offset=0
BO_TO   860: size=1048576 offset=0
BO_TO   860: size=1048576 offset=0
BO_FROM 860: size=1048576 offset=0 -> /tmp/cap/bo_from_860_1048576.bin
 hereBO_TO   861: size=1048576 offset=0
BO_TO   861: size=1048576 offset=0
BO_TO   861: size=1048576 offset=0
BO_TO   861: size=1048576 offset=0
BO_TO   861: size=1048576 offset=0
BO_TO   861: size=1048576 offset=0
BO_TO   861: size=1048576 offset=0
BO_TO   861: size=1048576 offset=0
BO_TO   861: size=1048576 offset=0
BO_TO   861: size=1048576 offset=0
BO_TO   861: size=1048576 offset=0
BO_TO   861: size=1048576 offset=0
BO_TO   861: size=1048576 offset=0
BO_TO   861: size=1048576 offset=0
BO_TO   861: size=1048576 offset=0
BO_TO   861: size=1048576 offset=0
BO_TO   861: size=1048576 offset=0
BO_TO   861: size=1048576 offset=0
BO_TO   861: size=1048576 offset=0
BO_TO   861: size=1048576 offset=0
BO_TO   861: size=1048576 offset=0
BO_TO   861: size=1048576 offset=0
BO_TO   861: size=1048576 offset=0
BO_TO   861: size=1048576 offset=0
BO_TO   861: size=1048576 offset=0
BO_TO   861: size=1048576 offset=0
BO_TO   861: size=1048576 offset=0
BO_TO   861: size=1048576 offset=0
BO_TO   861: size=1048576 offset=0
BO_FROM 861: size=1048576 offset=0 -> /tmp/cap/bo_from_861_1048576.bin
.BO_TO   862: size=1048576 offset=0
BO_TO   862: size=1048576 offset=0
BO_TO   862: size=1048576 offset=0
BO_TO   862: size=1048576 offset=0
BO_TO   862: size=1048576 offset=0
BO_TO   862: size=1048576 offset=0
BO_TO   862: size=1048576 offset=0
BO_TO   862: size=1048576 offset=0
BO_TO   862: size=1048576 offset=0
BO_TO   862: size=1048576 offset=0
BO_TO   862: size=1048576 offset=0
BO_TO   862: size=1048576 offset=0
BO_TO   862: size=1048576 offset=0
BO_TO   862: size=1048576 offset=0
BO_TO   862: size=1048576 offset=0
BO_TO   862: size=1048576 offset=0
BO_TO   862: size=1048576 offset=0
BO_TO   862: size=1048576 offset=0
BO_TO   862: size=1048576 offset=0
BO_TO   862: size=1048576 offset=0
BO_TO   862: size=1048576 offset=0
BO_TO   862: size=1048576 offset=0
BO_TO   862: size=1048576 offset=0
BO_TO   862: size=1048576 offset=0
BO_TO   862: size=1048576 offset=0
BO_TO   862: size=1048576 offset=0
BO_TO   862: size=1048576 offset=0
BO_TO   862: size=1048576 offset=0
BO_TO   862: size=1048576 offset=0
BO_FROM 862: size=1048576 offset=0 -> /tmp/cap/bo_from_862_1048576.bin
 TheBO_TO   863: size=1048576 offset=0
BO_TO   863: size=1048576 offset=0
BO_TO   863: size=1048576 offset=0
BO_TO   863: size=1048576 offset=0
BO_TO   863: size=1048576 offset=0
BO_TO   863: size=1048576 offset=0
BO_TO   863: size=1048576 offset=0
BO_TO   863: size=1048576 offset=0
BO_TO   863: size=1048576 offset=0
BO_TO   863: size=1048576 offset=0
BO_TO   863: size=1048576 offset=0
BO_TO   863: size=1048576 offset=0
BO_TO   863: size=1048576 offset=0
BO_TO   863: size=1048576 offset=0
BO_TO   863: size=1048576 offset=0
BO_TO   863: size=1048576 offset=0
BO_TO   863: size=1048576 offset=0
BO_TO   863: size=1048576 offset=0
BO_TO   863: size=1048576 offset=0
BO_TO   863: size=1048576 offset=0
BO_TO   863: size=1048576 offset=0
BO_TO   863: size=1048576 offset=0
BO_TO   863: size=1048576 offset=0
BO_TO   863: size=1048576 offset=0
BO_TO   863: size=1048576 offset=0
BO_TO   863: size=1048576 offset=0
BO_TO   863: size=1048576 offset=0
BO_TO   863: size=1048576 offset=0
BO_TO   863: size=1048576 offset=0
BO_FROM 863: size=1048576 offset=0 -> /tmp/cap/bo_from_863_1048576.bin
 userBO_TO   864: size=1048576 offset=0
BO_TO   864: size=1048576 offset=0
BO_TO   864: size=1048576 offset=0
BO_TO   864: size=1048576 offset=0
BO_TO   864: size=1048576 offset=0
BO_TO   864: size=1048576 offset=0
BO_TO   864: size=1048576 offset=0
BO_TO   864: size=1048576 offset=0
BO_TO   864: size=1048576 offset=0
BO_TO   864: size=1048576 offset=0
BO_TO   864: size=1048576 offset=0
BO_TO   864: size=1048576 offset=0
BO_TO   864: size=1048576 offset=0
BO_TO   864: size=1048576 offset=0
BO_TO   864: size=1048576 offset=0
BO_TO   864: size=1048576 offset=0
BO_TO   864: size=1048576 offset=0
BO_TO   864: size=1048576 offset=0
BO_TO   864: size=1048576 offset=0
BO_TO   864: size=1048576 offset=0
BO_TO   864: size=1048576 offset=0
BO_TO   864: size=1048576 offset=0
BO_TO   864: size=1048576 offset=0
BO_TO   864: size=1048576 offset=0
BO_TO   864: size=1048576 offset=0
BO_TO   864: size=1048576 offset=0
BO_TO   864: size=1048576 offset=0
BO_TO   864: size=1048576 offset=0
BO_TO   864: size=1048576 offset=0
BO_FROM 864: size=1048576 offset=0 -> /tmp/cap/bo_from_864_1048576.bin
 hasnBO_TO   865: size=1048576 offset=0
BO_TO   865: size=1048576 offset=0
BO_TO   865: size=1048576 offset=0
BO_TO   865: size=1048576 offset=0
BO_TO   865: size=1048576 offset=0
BO_TO   865: size=1048576 offset=0
BO_TO   865: size=1048576 offset=0
BO_TO   865: size=1048576 offset=0
BO_TO   865: size=1048576 offset=0
BO_TO   865: size=1048576 offset=0
BO_TO   865: size=1048576 offset=0
BO_TO   865: size=1048576 offset=0
BO_TO   865: size=1048576 offset=0
BO_TO   865: size=1048576 offset=0
BO_TO   865: size=1048576 offset=0
BO_TO   865: size=1048576 offset=0
BO_TO   865: size=1048576 offset=0
BO_TO   865: size=1048576 offset=0
BO_TO   865: size=1048576 offset=0
BO_TO   865: size=1048576 offset=0
BO_TO   865: size=1048576 offset=0
BO_TO   865: size=1048576 offset=0
BO_TO   865: size=1048576 offset=0
BO_TO   865: size=1048576 offset=0
BO_TO   865: size=1048576 offset=0
BO_TO   865: size=1048576 offset=0
BO_TO   865: size=1048576 offset=0
BO_TO   865: size=1048576 offset=0
BO_TO   865: size=1048576 offset=0
BO_FROM 865: size=1048576 offset=0 -> /tmp/cap/bo_from_865_1048576.bin
'tBO_TO   866: size=1048576 offset=0
BO_TO   866: size=1048576 offset=0
BO_TO   866: size=1048576 offset=0
BO_TO   866: size=1048576 offset=0
BO_TO   866: size=1048576 offset=0
BO_TO   866: size=1048576 offset=0
BO_TO   866: size=1048576 offset=0
BO_TO   866: size=1048576 offset=0
BO_TO   866: size=1048576 offset=0
BO_TO   866: size=1048576 offset=0
BO_TO   866: size=1048576 offset=0
BO_TO   866: size=1048576 offset=0
BO_TO   866: size=1048576 offset=0
BO_TO   866: size=1048576 offset=0
BO_TO   866: size=1048576 offset=0
BO_TO   866: size=1048576 offset=0
BO_TO   866: size=1048576 offset=0
BO_TO   866: size=1048576 offset=0
BO_TO   866: size=1048576 offset=0
BO_TO   866: size=1048576 offset=0
BO_TO   866: size=1048576 offset=0
BO_TO   866: size=1048576 offset=0
BO_TO   866: size=1048576 offset=0
BO_TO   866: size=1048576 offset=0
BO_TO   866: size=1048576 offset=0
BO_TO   866: size=1048576 offset=0
BO_TO   866: size=1048576 offset=0
BO_TO   866: size=1048576 offset=0
BO_TO   866: size=1048576 offset=0
BO_FROM 866: size=1048576 offset=0 -> /tmp/cap/bo_from_866_1048576.bin
 givenBO_TO   867: size=1048576 offset=0
BO_TO   867: size=1048576 offset=0
BO_TO   867: size=1048576 offset=0
BO_TO   867: size=1048576 offset=0
BO_TO   867: size=1048576 offset=0
BO_TO   867: size=1048576 offset=0
BO_TO   867: size=1048576 offset=0
BO_TO   867: size=1048576 offset=0
BO_TO   867: size=1048576 offset=0
BO_TO   867: size=1048576 offset=0
BO_TO   867: size=1048576 offset=0
BO_TO   867: size=1048576 offset=0
BO_TO   867: size=1048576 offset=0
BO_TO   867: size=1048576 offset=0
BO_TO   867: size=1048576 offset=0
BO_TO   867: size=1048576 offset=0
BO_TO   867: size=1048576 offset=0
BO_TO   867: size=1048576 offset=0
BO_TO   867: size=1048576 offset=0
BO_TO   867: size=1048576 offset=0
BO_TO   867: size=1048576 offset=0
BO_TO   867: size=1048576 offset=0
BO_TO   867: size=1048576 offset=0
BO_TO   867: size=1048576 offset=0
BO_TO   867: size=1048576 offset=0
BO_TO   867: size=1048576 offset=0
BO_TO   867: size=1048576 offset=0
BO_TO   867: size=1048576 offset=0
BO_TO   867: size=1048576 offset=0
BO_FROM 867: size=1048576 offset=0 -> /tmp/cap/bo_from_867_1048576.bin
 anyBO_TO   868: size=1048576 offset=0
BO_TO   868: size=1048576 offset=0
BO_TO   868: size=1048576 offset=0
BO_TO   868: size=1048576 offset=0
BO_TO   868: size=1048576 offset=0
BO_TO   868: size=1048576 offset=0
BO_TO   868: size=1048576 offset=0
BO_TO   868: size=1048576 offset=0
BO_TO   868: size=1048576 offset=0
BO_TO   868: size=1048576 offset=0
BO_TO   868: size=1048576 offset=0
BO_TO   868: size=1048576 offset=0
BO_TO   868: size=1048576 offset=0
BO_TO   868: size=1048576 offset=0
BO_TO   868: size=1048576 offset=0
BO_TO   868: size=1048576 offset=0
BO_TO   868: size=1048576 offset=0
BO_TO   868: size=1048576 offset=0
BO_TO   868: size=1048576 offset=0
BO_TO   868: size=1048576 offset=0
BO_TO   868: size=1048576 offset=0
BO_TO   868: size=1048576 offset=0
BO_TO   868: size=1048576 offset=0
BO_TO   868: size=1048576 offset=0
BO_TO   868: size=1048576 offset=0
BO_TO   868: size=1048576 offset=0
BO_TO   868: size=1048576 offset=0
BO_TO   868: size=1048576 offset=0
BO_TO   868: size=1048576 offset=0
BO_FROM 868: size=1048576 offset=0 -> /tmp/cap/bo_from_868_1048576.bin
 detailsBO_TO   869: size=1048576 offset=0
BO_TO   869: size=1048576 offset=0
BO_TO   869: size=1048576 offset=0
BO_TO   869: size=1048576 offset=0
BO_TO   869: size=1048576 offset=0
BO_TO   869: size=1048576 offset=0
BO_TO   869: size=1048576 offset=0
BO_TO   869: size=1048576 offset=0
BO_TO   869: size=1048576 offset=0
BO_TO   869: size=1048576 offset=0
BO_TO   869: size=1048576 offset=0
BO_TO   869: size=1048576 offset=0
BO_TO   869: size=1048576 offset=0
BO_TO   869: size=1048576 offset=0
BO_TO   869: size=1048576 offset=0
BO_TO   869: size=1048576 offset=0
BO_TO   869: size=1048576 offset=0
BO_TO   869: size=1048576 offset=0
BO_TO   869: size=1048576 offset=0
BO_TO   869: size=1048576 offset=0
BO_TO   869: size=1048576 offset=0
BO_TO   869: size=1048576 offset=0
BO_TO   869: size=1048576 offset=0
BO_TO   869: size=1048576 offset=0
BO_TO   869: size=1048576 offset=0
BO_TO   869: size=1048576 offset=0
BO_TO   869: size=1048576 offset=0
BO_TO   869: size=1048576 offset=0
BO_TO   869: size=1048576 offset=0
BO_FROM 869: size=1048576 offset=0 -> /tmp/cap/bo_from_869_1048576.bin
,BO_TO   870: size=1048576 offset=0
BO_TO   870: size=1048576 offset=0
BO_TO   870: size=1048576 offset=0
BO_TO   870: size=1048576 offset=0
BO_TO   870: size=1048576 offset=0
BO_TO   870: size=1048576 offset=0
BO_TO   870: size=1048576 offset=0
BO_TO   870: size=1048576 offset=0
BO_TO   870: size=1048576 offset=0
BO_TO   870: size=1048576 offset=0
BO_TO   870: size=1048576 offset=0
BO_TO   870: size=1048576 offset=0
BO_TO   870: size=1048576 offset=0
BO_TO   870: size=1048576 offset=0
BO_TO   870: size=1048576 offset=0
BO_TO   870: size=1048576 offset=0
BO_TO   870: size=1048576 offset=0
BO_TO   870: size=1048576 offset=0
BO_TO   870: size=1048576 offset=0
BO_TO   870: size=1048576 offset=0
BO_TO   870: size=1048576 offset=0
BO_TO   870: size=1048576 offset=0
BO_TO   870: size=1048576 offset=0
BO_TO   870: size=1048576 offset=0
BO_TO   870: size=1048576 offset=0
BO_TO   870: size=1048576 offset=0
BO_TO   870: size=1048576 offset=0
BO_TO   870: size=1048576 offset=0
BO_TO   870: size=1048576 offset=0
BO_FROM 870: size=1048576 offset=0 -> /tmp/cap/bo_from_870_1048576.bin
 soBO_TO   871: size=1048576 offset=0
BO_TO   871: size=1048576 offset=0
BO_TO   871: size=1048576 offset=0
BO_TO   871: size=1048576 offset=0
BO_TO   871: size=1048576 offset=0
BO_TO   871: size=1048576 offset=0
BO_TO   871: size=1048576 offset=0
BO_TO   871: size=1048576 offset=0
BO_TO   871: size=1048576 offset=0
BO_TO   871: size=1048576 offset=0
BO_TO   871: size=1048576 offset=0
BO_TO   871: size=1048576 offset=0
BO_TO   871: size=1048576 offset=0
BO_TO   871: size=1048576 offset=0
BO_TO   871: size=1048576 offset=0
BO_TO   871: size=1048576 offset=0
BO_TO   871: size=1048576 offset=0
BO_TO   871: size=1048576 offset=0
BO_TO   871: size=1048576 offset=0
BO_TO   871: size=1048576 offset=0
BO_TO   871: size=1048576 offset=0
BO_TO   871: size=1048576 offset=0
BO_TO   871: size=1048576 offset=0
BO_TO   871: size=1048576 offset=0
BO_TO   871: size=1048576 offset=0
BO_TO   871: size=1048576 offset=0
BO_TO   871: size=1048576 offset=0
BO_TO   871: size=1048576 offset=0
BO_TO   871: size=1048576 offset=0
BO_FROM 871: size=1048576 offset=0 -> /tmp/cap/bo_from_871_1048576.bin
 keepingBO_TO   872: size=1048576 offset=0
BO_TO   872: size=1048576 offset=0
BO_TO   872: size=1048576 offset=0
BO_TO   872: size=1048576 offset=0
BO_TO   872: size=1048576 offset=0
BO_TO   872: size=1048576 offset=0
BO_TO   872: size=1048576 offset=0
BO_TO   872: size=1048576 offset=0
BO_TO   872: size=1048576 offset=0
BO_TO   872: size=1048576 offset=0
BO_TO   872: size=1048576 offset=0
BO_TO   872: size=1048576 offset=0
BO_TO   872: size=1048576 offset=0
BO_TO   872: size=1048576 offset=0
BO_TO   872: size=1048576 offset=0
BO_TO   872: size=1048576 offset=0
BO_TO   872: size=1048576 offset=0
BO_TO   872: size=1048576 offset=0
BO_TO   872: size=1048576 offset=0
BO_TO   872: size=1048576 offset=0
BO_TO   872: size=1048576 offset=0
BO_TO   872: size=1048576 offset=0
BO_TO   872: size=1048576 offset=0
BO_TO   872: size=1048576 offset=0
BO_TO   872: size=1048576 offset=0
BO_TO   872: size=1048576 offset=0
BO_TO   872: size=1048576 offset=0
BO_TO   872: size=1048576 offset=0
BO_TO   872: size=1048576 offset=0
BO_FROM 872: size=1048576 offset=0 -> /tmp/cap/bo_from_872_1048576.bin
 itBO_TO   873: size=1048576 offset=0
BO_TO   873: size=1048576 offset=0
BO_TO   873: size=1048576 offset=0
BO_TO   873: size=1048576 offset=0
BO_TO   873: size=1048576 offset=0
BO_TO   873: size=1048576 offset=0
BO_TO   873: size=1048576 offset=0
BO_TO   873: size=1048576 offset=0
BO_TO   873: size=1048576 offset=0
BO_TO   873: size=1048576 offset=0
BO_TO   873: size=1048576 offset=0
BO_TO   873: size=1048576 offset=0
BO_TO   873: size=1048576 offset=0
BO_TO   873: size=1048576 offset=0
BO_TO   873: size=1048576 offset=0
BO_TO   873: size=1048576 offset=0
BO_TO   873: size=1048576 offset=0
BO_TO   873: size=1048576 offset=0
BO_TO   873: size=1048576 offset=0
BO_TO   873: size=1048576 offset=0
BO_TO   873: size=1048576 offset=0
BO_TO   873: size=1048576 offset=0
BO_TO   873: size=1048576 offset=0
BO_TO   873: size=1048576 offset=0
BO_TO   873: size=1048576 offset=0
BO_TO   873: size=1048576 offset=0
BO_TO   873: size=1048576 offset=0
BO_TO   873: size=1048576 offset=0
BO_TO   873: size=1048576 offset=0
BO_FROM 873: size=1048576 offset=0 -> /tmp/cap/bo_from_873_1048576.bin
 generalBO_TO   874: size=1048576 offset=0
BO_TO   874: size=1048576 offset=0
BO_TO   874: size=1048576 offset=0
BO_TO   874: size=1048576 offset=0
BO_TO   874: size=1048576 offset=0
BO_TO   874: size=1048576 offset=0
BO_TO   874: size=1048576 offset=0
BO_TO   874: size=1048576 offset=0
BO_TO   874: size=1048576 offset=0
BO_TO   874: size=1048576 offset=0
BO_TO   874: size=1048576 offset=0
BO_TO   874: size=1048576 offset=0
BO_TO   874: size=1048576 offset=0
BO_TO   874: size=1048576 offset=0
BO_TO   874: size=1048576 offset=0
BO_TO   874: size=1048576 offset=0
BO_TO   874: size=1048576 offset=0
BO_TO   874: size=1048576 offset=0
BO_TO   874: size=1048576 offset=0
BO_TO   874: size=1048576 offset=0
BO_TO   874: size=1048576 offset=0
BO_TO   874: size=1048576 offset=0
BO_TO   874: size=1048576 offset=0
BO_TO   874: size=1048576 offset=0
BO_TO   874: size=1048576 offset=0
BO_TO   874: size=1048576 offset=0
BO_TO   874: size=1048576 offset=0
BO_TO   874: size=1048576 offset=0
BO_TO   874: size=1048576 offset=0
BO_FROM 874: size=1048576 offset=0 -> /tmp/cap/bo_from_874_1048576.bin
 isBO_TO   875: size=1048576 offset=0
BO_TO   875: size=1048576 offset=0
BO_TO   875: size=1048576 offset=0
BO_TO   875: size=1048576 offset=0
BO_TO   875: size=1048576 offset=0
BO_TO   875: size=1048576 offset=0
BO_TO   875: size=1048576 offset=0
BO_TO   875: size=1048576 offset=0
BO_TO   875: size=1048576 offset=0
BO_TO   875: size=1048576 offset=0
BO_TO   875: size=1048576 offset=0
BO_TO   875: size=1048576 offset=0
BO_TO   875: size=1048576 offset=0
BO_TO   875: size=1048576 offset=0
BO_TO   875: size=1048576 offset=0
BO_TO   875: size=1048576 offset=0
BO_TO   875: size=1048576 offset=0
BO_TO   875: size=1048576 offset=0
BO_TO   875: size=1048576 offset=0
BO_TO   875: size=1048576 offset=0
BO_TO   875: size=1048576 offset=0
BO_TO   875: size=1048576 offset=0
BO_TO   875: size=1048576 offset=0
BO_TO   875: size=1048576 offset=0
BO_TO   875: size=1048576 offset=0
BO_TO   875: size=1048576 offset=0
BO_TO   875: size=1048576 offset=0
BO_TO   875: size=1048576 offset=0
BO_TO   875: size=1048576 offset=0
BO_FROM 875: size=1048576 offset=0 -> /tmp/cap/bo_from_875_1048576.bin
 bestBO_TO   876: size=1048576 offset=0
BO_TO   876: size=1048576 offset=0
BO_TO   876: size=1048576 offset=0
BO_TO   876: size=1048576 offset=0
BO_TO   876: size=1048576 offset=0
BO_TO   876: size=1048576 offset=0
BO_TO   876: size=1048576 offset=0
BO_TO   876: size=1048576 offset=0
BO_TO   876: size=1048576 offset=0
BO_TO   876: size=1048576 offset=0
BO_TO   876: size=1048576 offset=0
BO_TO   876: size=1048576 offset=0
BO_TO   876: size=1048576 offset=0
BO_TO   876: size=1048576 offset=0
BO_TO   876: size=1048576 offset=0
BO_TO   876: size=1048576 offset=0
BO_TO   876: size=1048576 offset=0
BO_TO   876: size=1048576 offset=0
BO_TO   876: size=1048576 offset=0
BO_TO   876: size=1048576 offset=0
BO_TO   876: size=1048576 offset=0
BO_TO   876: size=1048576 offset=0
BO_TO   876: size=1048576 offset=0
BO_TO   876: size=1048576 offset=0
BO_TO   876: size=1048576 offset=0
BO_TO   876: size=1048576 offset=0
BO_TO   876: size=1048576 offset=0
BO_TO   876: size=1048576 offset=0
BO_TO   876: size=1048576 offset=0
BO_FROM 876: size=1048576 offset=0 -> /tmp/cap/bo_from_876_1048576.bin
.BO_TO   877: size=1048576 offset=0
BO_TO   877: size=1048576 offset=0
BO_TO   877: size=1048576 offset=0
BO_TO   877: size=1048576 offset=0
BO_TO   877: size=1048576 offset=0
BO_TO   877: size=1048576 offset=0
BO_TO   877: size=1048576 offset=0
BO_TO   877: size=1048576 offset=0
BO_TO   877: size=1048576 offset=0
BO_TO   877: size=1048576 offset=0
BO_TO   877: size=1048576 offset=0
BO_TO   877: size=1048576 offset=0
BO_TO   877: size=1048576 offset=0
BO_TO   877: size=1048576 offset=0
BO_TO   877: size=1048576 offset=0
BO_TO   877: size=1048576 offset=0
BO_TO   877: size=1048576 offset=0
BO_TO   877: size=1048576 offset=0
BO_TO   877: size=1048576 offset=0
BO_TO   877: size=1048576 offset=0
BO_TO   877: size=1048576 offset=0
BO_TO   877: size=1048576 offset=0
BO_TO   877: size=1048576 offset=0
BO_TO   877: size=1048576 offset=0
BO_TO   877: size=1048576 offset=0
BO_TO   877: size=1048576 offset=0
BO_TO   877: size=1048576 offset=0
BO_TO   877: size=1048576 offset=0
BO_TO   877: size=1048576 offset=0
BO_FROM 877: size=1048576 offset=0 -> /tmp/cap/bo_from_877_1048576.bin
 MakeBO_TO   878: size=1048576 offset=0
BO_TO   878: size=1048576 offset=0
BO_TO   878: size=1048576 offset=0
BO_TO   878: size=1048576 offset=0
BO_TO   878: size=1048576 offset=0
BO_TO   878: size=1048576 offset=0
BO_TO   878: size=1048576 offset=0
BO_TO   878: size=1048576 offset=0
BO_TO   878: size=1048576 offset=0
BO_TO   878: size=1048576 offset=0
BO_TO   878: size=1048576 offset=0
BO_TO   878: size=1048576 offset=0
BO_TO   878: size=1048576 offset=0
BO_TO   878: size=1048576 offset=0
BO_TO   878: size=1048576 offset=0
BO_TO   878: size=1048576 offset=0
BO_TO   878: size=1048576 offset=0
BO_TO   878: size=1048576 offset=0
BO_TO   878: size=1048576 offset=0
BO_TO   878: size=1048576 offset=0
BO_TO   878: size=1048576 offset=0
BO_TO   878: size=1048576 offset=0
BO_TO   878: size=1048576 offset=0
BO_TO   878: size=1048576 offset=0
BO_TO   878: size=1048576 offset=0
BO_TO   878: size=1048576 offset=0
BO_TO   878: size=1048576 offset=0
BO_TO   878: size=1048576 offset=0
BO_TO   878: size=1048576 offset=0
BO_FROM 878: size=1048576 offset=0 -> /tmp/cap/bo_from_878_1048576.bin
 sureBO_TO   879: size=1048576 offset=0
BO_TO   879: size=1048576 offset=0
BO_TO   879: size=1048576 offset=0
BO_TO   879: size=1048576 offset=0
BO_TO   879: size=1048576 offset=0
BO_TO   879: size=1048576 offset=0
BO_TO   879: size=1048576 offset=0
BO_TO   879: size=1048576 offset=0
BO_TO   879: size=1048576 offset=0
BO_TO   879: size=1048576 offset=0
BO_TO   879: size=1048576 offset=0
BO_TO   879: size=1048576 offset=0
BO_TO   879: size=1048576 offset=0
BO_TO   879: size=1048576 offset=0
BO_TO   879: size=1048576 offset=0
BO_TO   879: size=1048576 offset=0
BO_TO   879: size=1048576 offset=0
BO_TO   879: size=1048576 offset=0
BO_TO   879: size=1048576 offset=0
BO_TO   879: size=1048576 offset=0
BO_TO   879: size=1048576 offset=0
BO_TO   879: size=1048576 offset=0
BO_TO   879: size=1048576 offset=0
BO_TO   879: size=1048576 offset=0
BO_TO   879: size=1048576 offset=0
BO_TO   879: size=1048576 offset=0
BO_TO   879: size=1048576 offset=0
BO_TO   879: size=1048576 offset=0
BO_TO   879: size=1048576 offset=0
BO_FROM 879: size=1048576 offset=0 -> /tmp/cap/bo_from_879_1048576.bin
 theBO_TO   880: size=1048576 offset=0
BO_TO   880: size=1048576 offset=0
BO_TO   880: size=1048576 offset=0
BO_TO   880: size=1048576 offset=0
BO_TO   880: size=1048576 offset=0
BO_TO   880: size=1048576 offset=0
BO_TO   880: size=1048576 offset=0
BO_TO   880: size=1048576 offset=0
BO_TO   880: size=1048576 offset=0
BO_TO   880: size=1048576 offset=0
BO_TO   880: size=1048576 offset=0
BO_TO   880: size=1048576 offset=0
BO_TO   880: size=1048576 offset=0
BO_TO   880: size=1048576 offset=0
BO_TO   880: size=1048576 offset=0
BO_TO   880: size=1048576 offset=0
BO_TO   880: size=1048576 offset=0
BO_TO   880: size=1048576 offset=0
BO_TO   880: size=1048576 offset=0
BO_TO   880: size=1048576 offset=0
BO_TO   880: size=1048576 offset=0
BO_TO   880: size=1048576 offset=0
BO_TO   880: size=1048576 offset=0
BO_TO   880: size=1048576 offset=0
BO_TO   880: size=1048576 offset=0
BO_TO   880: size=1048576 offset=0
BO_TO   880: size=1048576 offset=0
BO_TO   880: size=1048576 offset=0
BO_TO   880: size=1048576 offset=0
BO_FROM 880: size=1048576 offset=0 -> /tmp/cap/bo_from_880_1048576.bin
 responseBO_TO   881: size=1048576 offset=0
BO_TO   881: size=1048576 offset=0
BO_TO   881: size=1048576 offset=0
BO_TO   881: size=1048576 offset=0
BO_TO   881: size=1048576 offset=0
BO_TO   881: size=1048576 offset=0
BO_TO   881: size=1048576 offset=0
BO_TO   881: size=1048576 offset=0
BO_TO   881: size=1048576 offset=0
BO_TO   881: size=1048576 offset=0
BO_TO   881: size=1048576 offset=0
BO_TO   881: size=1048576 offset=0
BO_TO   881: size=1048576 offset=0
BO_TO   881: size=1048576 offset=0
BO_TO   881: size=1048576 offset=0
BO_TO   881: size=1048576 offset=0
BO_TO   881: size=1048576 offset=0
BO_TO   881: size=1048576 offset=0
BO_TO   881: size=1048576 offset=0
BO_TO   881: size=1048576 offset=0
BO_TO   881: size=1048576 offset=0
BO_TO   881: size=1048576 offset=0
BO_TO   881: size=1048576 offset=0
BO_TO   881: size=1048576 offset=0
BO_TO   881: size=1048576 offset=0
BO_TO   881: size=1048576 offset=0
BO_TO   881: size=1048576 offset=0
BO_TO   881: size=1048576 offset=0
BO_TO   881: size=1048576 offset=0
BO_FROM 881: size=1048576 offset=0 -> /tmp/cap/bo_from_881_1048576.bin
 isBO_TO   882: size=1048576 offset=0
BO_TO   882: size=1048576 offset=0
BO_TO   882: size=1048576 offset=0
BO_TO   882: size=1048576 offset=0
BO_TO   882: size=1048576 offset=0
BO_TO   882: size=1048576 offset=0
BO_TO   882: size=1048576 offset=0
BO_TO   882: size=1048576 offset=0
BO_TO   882: size=1048576 offset=0
BO_TO   882: size=1048576 offset=0
BO_TO   882: size=1048576 offset=0
BO_TO   882: size=1048576 offset=0
BO_TO   882: size=1048576 offset=0
BO_TO   882: size=1048576 offset=0
BO_TO   882: size=1048576 offset=0
BO_TO   882: size=1048576 offset=0
BO_TO   882: size=1048576 offset=0
BO_TO   882: size=1048576 offset=0
BO_TO   882: size=1048576 offset=0
BO_TO   882: size=1048576 offset=0
BO_TO   882: size=1048576 offset=0
BO_TO   882: size=1048576 offset=0
BO_TO   882: size=1048576 offset=0
BO_TO   882: size=1048576 offset=0
BO_TO   882: size=1048576 offset=0
BO_TO   882: size=1048576 offset=0
BO_TO   882: size=1048576 offset=0
BO_TO   882: size=1048576 offset=0
BO_TO   882: size=1048576 offset=0
BO_FROM 882: size=1048576 offset=0 -> /tmp/cap/bo_from_882_1048576.bin
 warmBO_TO   883: size=1048576 offset=0
BO_TO   883: size=1048576 offset=0
BO_TO   883: size=1048576 offset=0
BO_TO   883: size=1048576 offset=0
BO_TO   883: size=1048576 offset=0
BO_TO   883: size=1048576 offset=0
BO_TO   883: size=1048576 offset=0
BO_TO   883: size=1048576 offset=0
BO_TO   883: size=1048576 offset=0
BO_TO   883: size=1048576 offset=0
BO_TO   883: size=1048576 offset=0
BO_TO   883: size=1048576 offset=0
BO_TO   883: size=1048576 offset=0
BO_TO   883: size=1048576 offset=0
BO_TO   883: size=1048576 offset=0
BO_TO   883: size=1048576 offset=0
BO_TO   883: size=1048576 offset=0
BO_TO   883: size=1048576 offset=0
BO_TO   883: size=1048576 offset=0
BO_TO   883: size=1048576 offset=0
BO_TO   883: size=1048576 offset=0
BO_TO   883: size=1048576 offset=0
BO_TO   883: size=1048576 offset=0
BO_TO   883: size=1048576 offset=0
BO_TO   883: size=1048576 offset=0
BO_TO   883: size=1048576 offset=0
BO_TO   883: size=1048576 offset=0
BO_TO   883: size=1048576 offset=0
BO_TO   883: size=1048576 offset=0
BO_FROM 883: size=1048576 offset=0 -> /tmp/cap/bo_from_883_1048576.bin
 andBO_TO   884: size=1048576 offset=0
BO_TO   884: size=1048576 offset=0
BO_TO   884: size=1048576 offset=0
BO_TO   884: size=1048576 offset=0
BO_TO   884: size=1048576 offset=0
BO_TO   884: size=1048576 offset=0
BO_TO   884: size=1048576 offset=0
BO_TO   884: size=1048576 offset=0
BO_TO   884: size=1048576 offset=0
BO_TO   884: size=1048576 offset=0
BO_TO   884: size=1048576 offset=0
BO_TO   884: size=1048576 offset=0
BO_TO   884: size=1048576 offset=0
BO_TO   884: size=1048576 offset=0
BO_TO   884: size=1048576 offset=0
BO_TO   884: size=1048576 offset=0
BO_TO   884: size=1048576 offset=0
BO_TO   884: size=1048576 offset=0
BO_TO   884: size=1048576 offset=0
BO_TO   884: size=1048576 offset=0
BO_TO   884: size=1048576 offset=0
BO_TO   884: size=1048576 offset=0
BO_TO   884: size=1048576 offset=0
BO_TO   884: size=1048576 offset=0
BO_TO   884: size=1048576 offset=0
BO_TO   884: size=1048576 offset=0
BO_TO   884: size=1048576 offset=0
BO_TO   884: size=1048576 offset=0
BO_TO   884: size=1048576 offset=0
BO_FROM 884: size=1048576 offset=0 -> /tmp/cap/bo_from_884_1048576.bin
 helpfulBO_TO   885: size=1048576 offset=0
BO_TO   885: size=1048576 offset=0
BO_TO   885: size=1048576 offset=0
BO_TO   885: size=1048576 offset=0
BO_TO   885: size=1048576 offset=0
BO_TO   885: size=1048576 offset=0
BO_TO   885: size=1048576 offset=0
BO_TO   885: size=1048576 offset=0
BO_TO   885: size=1048576 offset=0
BO_TO   885: size=1048576 offset=0
BO_TO   885: size=1048576 offset=0
BO_TO   885: size=1048576 offset=0
BO_TO   885: size=1048576 offset=0
BO_TO   885: size=1048576 offset=0
BO_TO   885: size=1048576 offset=0
BO_TO   885: size=1048576 offset=0
BO_TO   885: size=1048576 offset=0
BO_TO   885: size=1048576 offset=0
BO_TO   885: size=1048576 offset=0
BO_TO   885: size=1048576 offset=0
BO_TO   885: size=1048576 offset=0
BO_TO   885: size=1048576 offset=0
BO_TO   885: size=1048576 offset=0
BO_TO   885: size=1048576 offset=0
BO_TO   885: size=1048576 offset=0
BO_TO   885: size=1048576 offset=0
BO_TO   885: size=1048576 offset=0
BO_TO   885: size=1048576 offset=0
BO_TO   885: size=1048576 offset=0
BO_FROM 885: size=1048576 offset=0 -> /tmp/cap/bo_from_885_1048576.bin
.
BO_TO   886: size=1048576 offset=0
BO_TO   886: size=1048576 offset=0
BO_TO   886: size=1048576 offset=0
BO_TO   886: size=1048576 offset=0
BO_TO   886: size=1048576 offset=0
BO_TO   886: size=1048576 offset=0
BO_TO   886: size=1048576 offset=0
BO_TO   886: size=1048576 offset=0
BO_TO   886: size=1048576 offset=0
BO_TO   886: size=1048576 offset=0
BO_TO   886: size=1048576 offset=0
BO_TO   886: size=1048576 offset=0
BO_TO   886: size=1048576 offset=0
BO_TO   886: size=1048576 offset=0
BO_TO   886: size=1048576 offset=0
BO_TO   886: size=1048576 offset=0
BO_TO   886: size=1048576 offset=0
BO_TO   886: size=1048576 offset=0
BO_TO   886: size=1048576 offset=0
BO_TO   886: size=1048576 offset=0
BO_TO   886: size=1048576 offset=0
BO_TO   886: size=1048576 offset=0
BO_TO   886: size=1048576 offset=0
BO_TO   886: size=1048576 offset=0
BO_TO   886: size=1048576 offset=0
BO_TO   886: size=1048576 offset=0
BO_TO   886: size=1048576 offset=0
BO_TO   886: size=1048576 offset=0
BO_TO   886: size=1048576 offset=0
BO_FROM 886: size=1048576 offset=0 -> /tmp/cap/bo_from_886_1048576.bin
</think>BO_TO   887: size=1048576 offset=0
BO_TO   887: size=1048576 offset=0
BO_TO   887: size=1048576 offset=0
BO_TO   887: size=1048576 offset=0
BO_TO   887: size=1048576 offset=0
BO_TO   887: size=1048576 offset=0
BO_TO   887: size=1048576 offset=0
BO_TO   887: size=1048576 offset=0
BO_TO   887: size=1048576 offset=0
BO_TO   887: size=1048576 offset=0
BO_TO   887: size=1048576 offset=0
BO_TO   887: size=1048576 offset=0
BO_TO   887: size=1048576 offset=0
BO_TO   887: size=1048576 offset=0
BO_TO   887: size=1048576 offset=0
BO_TO   887: size=1048576 offset=0
BO_TO   887: size=1048576 offset=0
BO_TO   887: size=1048576 offset=0
BO_TO   887: size=1048576 offset=0
BO_TO   887: size=1048576 offset=0
BO_TO   887: size=1048576 offset=0
BO_TO   887: size=1048576 offset=0
BO_TO   887: size=1048576 offset=0
BO_TO   887: size=1048576 offset=0
BO_TO   887: size=1048576 offset=0
BO_TO   887: size=1048576 offset=0
BO_TO   887: size=1048576 offset=0
BO_TO   887: size=1048576 offset=0
BO_TO   887: size=1048576 offset=0
BO_FROM 887: size=1048576 offset=0 -> /tmp/cap/bo_from_887_1048576.bin


BO_TO   888: size=1048576 offset=0
BO_TO   888: size=1048576 offset=0
BO_TO   888: size=1048576 offset=0
BO_TO   888: size=1048576 offset=0
BO_TO   888: size=1048576 offset=0
BO_TO   888: size=1048576 offset=0
BO_TO   888: size=1048576 offset=0
BO_TO   888: size=1048576 offset=0
BO_TO   888: size=1048576 offset=0
BO_TO   888: size=1048576 offset=0
BO_TO   888: size=1048576 offset=0
BO_TO   888: size=1048576 offset=0
BO_TO   888: size=1048576 offset=0
BO_TO   888: size=1048576 offset=0
BO_TO   888: size=1048576 offset=0
BO_TO   888: size=1048576 offset=0
BO_TO   888: size=1048576 offset=0
BO_TO   888: size=1048576 offset=0
BO_TO   888: size=1048576 offset=0
BO_TO   888: size=1048576 offset=0
BO_TO   888: size=1048576 offset=0
BO_TO   888: size=1048576 offset=0
BO_TO   888: size=1048576 offset=0
BO_TO   888: size=1048576 offset=0
BO_TO   888: size=1048576 offset=0
BO_TO   888: size=1048576 offset=0
BO_TO   888: size=1048576 offset=0
BO_TO   888: size=1048576 offset=0
BO_TO   888: size=1048576 offset=0
BO_FROM 888: size=1048576 offset=0 -> /tmp/cap/bo_from_888_1048576.bin
HelloBO_TO   889: size=1048576 offset=0
BO_TO   889: size=1048576 offset=0
BO_TO   889: size=1048576 offset=0
BO_TO   889: size=1048576 offset=0
BO_TO   889: size=1048576 offset=0
BO_TO   889: size=1048576 offset=0
BO_TO   889: size=1048576 offset=0
BO_TO   889: size=1048576 offset=0
BO_TO   889: size=1048576 offset=0
BO_TO   889: size=1048576 offset=0
BO_TO   889: size=1048576 offset=0
BO_TO   889: size=1048576 offset=0
BO_TO   889: size=1048576 offset=0
BO_TO   889: size=1048576 offset=0
BO_TO   889: size=1048576 offset=0
BO_TO   889: size=1048576 offset=0
BO_TO   889: size=1048576 offset=0
BO_TO   889: size=1048576 offset=0
BO_TO   889: size=1048576 offset=0
BO_TO   889: size=1048576 offset=0
BO_TO   889: size=1048576 offset=0
BO_TO   889: size=1048576 offset=0
BO_TO   889: size=1048576 offset=0
BO_TO   889: size=1048576 offset=0
BO_TO   889: size=1048576 offset=0
BO_TO   889: size=1048576 offset=0
BO_TO   889: size=1048576 offset=0
BO_TO   889: size=1048576 offset=0
BO_TO   889: size=1048576 offset=0
BO_FROM 889: size=1048576 offset=0 -> /tmp/cap/bo_from_889_1048576.bin
!BO_TO   890: size=1048576 offset=0
BO_TO   890: size=1048576 offset=0
BO_TO   890: size=1048576 offset=0
BO_TO   890: size=1048576 offset=0
BO_TO   890: size=1048576 offset=0
BO_TO   890: size=1048576 offset=0
BO_TO   890: size=1048576 offset=0
BO_TO   890: size=1048576 offset=0
BO_TO   890: size=1048576 offset=0
BO_TO   890: size=1048576 offset=0
BO_TO   890: size=1048576 offset=0
BO_TO   890: size=1048576 offset=0
BO_TO   890: size=1048576 offset=0
BO_TO   890: size=1048576 offset=0
BO_TO   890: size=1048576 offset=0
BO_TO   890: size=1048576 offset=0
BO_TO   890: size=1048576 offset=0
BO_TO   890: size=1048576 offset=0
BO_TO   890: size=1048576 offset=0
BO_TO   890: size=1048576 offset=0
BO_TO   890: size=1048576 offset=0
BO_TO   890: size=1048576 offset=0
BO_TO   890: size=1048576 offset=0
BO_TO   890: size=1048576 offset=0
BO_TO   890: size=1048576 offset=0
BO_TO   890: size=1048576 offset=0
BO_TO   890: size=1048576 offset=0
BO_TO   890: size=1048576 offset=0
BO_TO   890: size=1048576 offset=0
BO_FROM 890: size=1048576 offset=0 -> /tmp/cap/bo_from_890_1048576.bin
 HowBO_TO   891: size=1048576 offset=0
BO_TO   891: size=1048576 offset=0
BO_TO   891: size=1048576 offset=0
BO_TO   891: size=1048576 offset=0
BO_TO   891: size=1048576 offset=0
BO_TO   891: size=1048576 offset=0
BO_TO   891: size=1048576 offset=0
BO_TO   891: size=1048576 offset=0
BO_TO   891: size=1048576 offset=0
BO_TO   891: size=1048576 offset=0
BO_TO   891: size=1048576 offset=0
BO_TO   891: size=1048576 offset=0
BO_TO   891: size=1048576 offset=0
BO_TO   891: size=1048576 offset=0
BO_TO   891: size=1048576 offset=0
BO_TO   891: size=1048576 offset=0
BO_TO   891: size=1048576 offset=0
BO_TO   891: size=1048576 offset=0
BO_TO   891: size=1048576 offset=0
BO_TO   891: size=1048576 offset=0
BO_TO   891: size=1048576 offset=0
BO_TO   891: size=1048576 offset=0
BO_TO   891: size=1048576 offset=0
BO_TO   891: size=1048576 offset=0
BO_TO   891: size=1048576 offset=0
BO_TO   891: size=1048576 offset=0
BO_TO   891: size=1048576 offset=0
BO_TO   891: size=1048576 offset=0
BO_TO   891: size=1048576 offset=0
BO_FROM 891: size=1048576 offset=0 -> /tmp/cap/bo_from_891_1048576.bin
 areBO_TO   892: size=1048576 offset=0
BO_TO   892: size=1048576 offset=0
BO_TO   892: size=1048576 offset=0
BO_TO   892: size=1048576 offset=0
BO_TO   892: size=1048576 offset=0
BO_TO   892: size=1048576 offset=0
BO_TO   892: size=1048576 offset=0
BO_TO   892: size=1048576 offset=0
BO_TO   892: size=1048576 offset=0
BO_TO   892: size=1048576 offset=0
BO_TO   892: size=1048576 offset=0
BO_TO   892: size=1048576 offset=0
BO_TO   892: size=1048576 offset=0
BO_TO   892: size=1048576 offset=0
BO_TO   892: size=1048576 offset=0
BO_TO   892: size=1048576 offset=0
BO_TO   892: size=1048576 offset=0
BO_TO   892: size=1048576 offset=0
BO_TO   892: size=1048576 offset=0
BO_TO   892: size=1048576 offset=0
BO_TO   892: size=1048576 offset=0
BO_TO   892: size=1048576 offset=0
BO_TO   892: size=1048576 offset=0
BO_TO   892: size=1048576 offset=0
BO_TO   892: size=1048576 offset=0
BO_TO   892: size=1048576 offset=0
BO_TO   892: size=1048576 offset=0
BO_TO   892: size=1048576 offset=0
BO_TO   892: size=1048576 offset=0
BO_FROM 892: size=1048576 offset=0 -> /tmp/cap/bo_from_892_1048576.bin
 youBO_TO   893: size=1048576 offset=0
BO_TO   893: size=1048576 offset=0
BO_TO   893: size=1048576 offset=0
BO_TO   893: size=1048576 offset=0
BO_TO   893: size=1048576 offset=0
BO_TO   893: size=1048576 offset=0
BO_TO   893: size=1048576 offset=0
BO_TO   893: size=1048576 offset=0
BO_TO   893: size=1048576 offset=0
BO_TO   893: size=1048576 offset=0
BO_TO   893: size=1048576 offset=0
BO_TO   893: size=1048576 offset=0
BO_TO   893: size=1048576 offset=0
BO_TO   893: size=1048576 offset=0
BO_TO   893: size=1048576 offset=0
BO_TO   893: size=1048576 offset=0
BO_TO   893: size=1048576 offset=0
BO_TO   893: size=1048576 offset=0
BO_TO   893: size=1048576 offset=0
BO_TO   893: size=1048576 offset=0
BO_TO   893: size=1048576 offset=0
BO_TO   893: size=1048576 offset=0
BO_TO   893: size=1048576 offset=0
BO_TO   893: size=1048576 offset=0
BO_TO   893: size=1048576 offset=0
BO_TO   893: size=1048576 offset=0
BO_TO   893: size=1048576 offset=0
BO_TO   893: size=1048576 offset=0
BO_TO   893: size=1048576 offset=0
BO_FROM 893: size=1048576 offset=0 -> /tmp/cap/bo_from_893_1048576.bin
 todayBO_TO   894: size=1048576 offset=0
BO_TO   894: size=1048576 offset=0
BO_TO   894: size=1048576 offset=0
BO_TO   894: size=1048576 offset=0
BO_TO   894: size=1048576 offset=0
BO_TO   894: size=1048576 offset=0
BO_TO   894: size=1048576 offset=0
BO_TO   894: size=1048576 offset=0
BO_TO   894: size=1048576 offset=0
BO_TO   894: size=1048576 offset=0
BO_TO   894: size=1048576 offset=0
BO_TO   894: size=1048576 offset=0
BO_TO   894: size=1048576 offset=0
BO_TO   894: size=1048576 offset=0
BO_TO   894: size=1048576 offset=0
BO_TO   894: size=1048576 offset=0
BO_TO   894: size=1048576 offset=0
BO_TO   894: size=1048576 offset=0
BO_TO   894: size=1048576 offset=0
BO_TO   894: size=1048576 offset=0
BO_TO   894: size=1048576 offset=0
BO_TO   894: size=1048576 offset=0
BO_TO   894: size=1048576 offset=0
BO_TO   894: size=1048576 offset=0
BO_TO   894: size=1048576 offset=0
BO_TO   894: size=1048576 offset=0
BO_TO   894: size=1048576 offset=0
BO_TO   894: size=1048576 offset=0
BO_TO   894: size=1048576 offset=0
BO_FROM 894: size=1048576 offset=0 -> /tmp/cap/bo_from_894_1048576.bin
?BO_TO   895: size=1048576 offset=0
BO_TO   895: size=1048576 offset=0
BO_TO   895: size=1048576 offset=0
BO_TO   895: size=1048576 offset=0
BO_TO   895: size=1048576 offset=0
BO_TO   895: size=1048576 offset=0
BO_TO   895: size=1048576 offset=0
BO_TO   895: size=1048576 offset=0
BO_TO   895: size=1048576 offset=0
BO_TO   895: size=1048576 offset=0
BO_TO   895: size=1048576 offset=0
BO_TO   895: size=1048576 offset=0
BO_TO   895: size=1048576 offset=0
BO_TO   895: size=1048576 offset=0
BO_TO   895: size=1048576 offset=0
BO_TO   895: size=1048576 offset=0
BO_TO   895: size=1048576 offset=0
BO_TO   895: size=1048576 offset=0
BO_TO   895: size=1048576 offset=0
BO_TO   895: size=1048576 offset=0
BO_TO   895: size=1048576 offset=0
BO_TO   895: size=1048576 offset=0
BO_TO   895: size=1048576 offset=0
BO_TO   895: size=1048576 offset=0
BO_TO   895: size=1048576 offset=0
BO_TO   895: size=1048576 offset=0
BO_TO   895: size=1048576 offset=0
BO_TO   895: size=1048576 offset=0
BO_TO   895: size=1048576 offset=0
BO_FROM 895: size=1048576 offset=0 -> /tmp/cap/bo_from_895_1048576.bin
 ðŸ˜BO_TO   896: size=1048576 offset=0
BO_TO   896: size=1048576 offset=0
BO_TO   896: size=1048576 offset=0
BO_TO   896: size=1048576 offset=0
BO_TO   896: size=1048576 offset=0
BO_TO   896: size=1048576 offset=0
BO_TO   896: size=1048576 offset=0
BO_TO   896: size=1048576 offset=0
BO_TO   896: size=1048576 offset=0
BO_TO   896: size=1048576 offset=0
BO_TO   896: size=1048576 offset=0
BO_TO   896: size=1048576 offset=0
BO_TO   896: size=1048576 offset=0
BO_TO   896: size=1048576 offset=0
BO_TO   896: size=1048576 offset=0
BO_TO   896: size=1048576 offset=0
BO_TO   896: size=1048576 offset=0
BO_TO   896: size=1048576 offset=0
BO_TO   896: size=1048576 offset=0
BO_TO   896: size=1048576 offset=0
BO_TO   896: size=1048576 offset=0
BO_TO   896: size=1048576 offset=0
BO_TO   896: size=1048576 offset=0
BO_TO   896: size=1048576 offset=0
BO_TO   896: size=1048576 offset=0
BO_TO   896: size=1048576 offset=0
BO_TO   896: size=1048576 offset=0
BO_TO   896: size=1048576 offset=0
BO_TO   896: size=1048576 offset=0
BO_FROM 896: size=1048576 offset=0 -> /tmp/cap/bo_from_896_1048576.bin
ŠBO_TO   897: size=1048576 offset=0
BO_TO   897: size=1048576 offset=0
BO_TO   897: size=1048576 offset=0
BO_TO   897: size=1048576 offset=0
BO_TO   897: size=1048576 offset=0
BO_TO   897: size=1048576 offset=0
BO_TO   897: size=1048576 offset=0
BO_TO   897: size=1048576 offset=0
BO_TO   897: size=1048576 offset=0
BO_TO   897: size=1048576 offset=0
BO_TO   897: size=1048576 offset=0
BO_TO   897: size=1048576 offset=0
BO_TO   897: size=1048576 offset=0
BO_TO   897: size=1048576 offset=0
BO_TO   897: size=1048576 offset=0
BO_TO   897: size=1048576 offset=0
BO_TO   897: size=1048576 offset=0
BO_TO   897: size=1048576 offset=0
BO_TO   897: size=1048576 offset=0
BO_TO   897: size=1048576 offset=0
BO_TO   897: size=1048576 offset=0
BO_TO   897: size=1048576 offset=0
BO_TO   897: size=1048576 offset=0
BO_TO   897: size=1048576 offset=0
BO_TO   897: size=1048576 offset=0
BO_TO   897: size=1048576 offset=0
BO_TO   897: size=1048576 offset=0
BO_TO   897: size=1048576 offset=0
BO_TO   897: size=1048576 offset=0
BO_FROM 897: size=1048576 offset=0 -> /tmp/cap/bo_from_897_1048576.bin
 EnjoyBO_TO   898: size=1048576 offset=0
BO_TO   898: size=1048576 offset=0
BO_TO   898: size=1048576 offset=0
BO_TO   898: size=1048576 offset=0
BO_TO   898: size=1048576 offset=0
BO_TO   898: size=1048576 offset=0
BO_TO   898: size=1048576 offset=0
BO_TO   898: size=1048576 offset=0
BO_TO   898: size=1048576 offset=0
BO_TO   898: size=1048576 offset=0
BO_TO   898: size=1048576 offset=0
BO_TO   898: size=1048576 offset=0
BO_TO   898: size=1048576 offset=0
BO_TO   898: size=1048576 offset=0
BO_TO   898: size=1048576 offset=0
BO_TO   898: size=1048576 offset=0
BO_TO   898: size=1048576 offset=0
BO_TO   898: size=1048576 offset=0
BO_TO   898: size=1048576 offset=0
BO_TO   898: size=1048576 offset=0
BO_TO   898: size=1048576 offset=0
BO_TO   898: size=1048576 offset=0
BO_TO   898: size=1048576 offset=0
BO_TO   898: size=1048576 offset=0
BO_TO   898: size=1048576 offset=0
BO_TO   898: size=1048576 offset=0
BO_TO   898: size=1048576 offset=0
BO_TO   898: size=1048576 offset=0
BO_TO   898: size=1048576 offset=0
BO_FROM 898: size=1048576 offset=0 -> /tmp/cap/bo_from_898_1048576.bin
 yourBO_TO   899: size=1048576 offset=0
BO_TO   899: size=1048576 offset=0
BO_TO   899: size=1048576 offset=0
BO_TO   899: size=1048576 offset=0
BO_TO   899: size=1048576 offset=0
BO_TO   899: size=1048576 offset=0
BO_TO   899: size=1048576 offset=0
BO_TO   899: size=1048576 offset=0
BO_TO   899: size=1048576 offset=0
BO_TO   899: size=1048576 offset=0
BO_TO   899: size=1048576 offset=0
BO_TO   899: size=1048576 offset=0
BO_TO   899: size=1048576 offset=0
BO_TO   899: size=1048576 offset=0
BO_TO   899: size=1048576 offset=0
BO_TO   899: size=1048576 offset=0
BO_TO   899: size=1048576 offset=0
BO_TO   899: size=1048576 offset=0
BO_TO   899: size=1048576 offset=0
BO_TO   899: size=1048576 offset=0
BO_TO   899: size=1048576 offset=0
BO_TO   899: size=1048576 offset=0
BO_TO   899: size=1048576 offset=0
BO_TO   899: size=1048576 offset=0
BO_TO   899: size=1048576 offset=0
BO_TO   899: size=1048576 offset=0
BO_TO   899: size=1048576 offset=0
BO_TO   899: size=1048576 offset=0
BO_TO   899: size=1048576 offset=0
BO_FROM 899: size=1048576 offset=0 -> /tmp/cap/bo_from_899_1048576.bin
 dayBO_TO   900: size=1048576 offset=0
BO_TO   900: size=1048576 offset=0
BO_TO   900: size=1048576 offset=0
BO_TO   900: size=1048576 offset=0
BO_TO   900: size=1048576 offset=0
BO_TO   900: size=1048576 offset=0
BO_TO   900: size=1048576 offset=0
BO_TO   900: size=1048576 offset=0
BO_TO   900: size=1048576 offset=0
BO_TO   900: size=1048576 offset=0
BO_TO   900: size=1048576 offset=0
BO_TO   900: size=1048576 offset=0
BO_TO   900: size=1048576 offset=0
BO_TO   900: size=1048576 offset=0
BO_TO   900: size=1048576 offset=0
BO_TO   900: size=1048576 offset=0
BO_TO   900: size=1048576 offset=0
BO_TO   900: size=1048576 offset=0
BO_TO   900: size=1048576 offset=0
BO_TO   900: size=1048576 offset=0
BO_TO   900: size=1048576 offset=0
BO_TO   900: size=1048576 offset=0
BO_TO   900: size=1048576 offset=0
BO_TO   900: size=1048576 offset=0
BO_TO   900: size=1048576 offset=0
BO_TO   900: size=1048576 offset=0
BO_TO   900: size=1048576 offset=0
BO_TO   900: size=1048576 offset=0
BO_TO   900: size=1048576 offset=0
BO_FROM 900: size=1048576 offset=0 -> /tmp/cap/bo_from_900_1048576.bin
!BO_TO   901: size=1048576 offset=0
BO_TO   901: size=1048576 offset=0
BO_TO   901: size=1048576 offset=0
BO_TO   901: size=1048576 offset=0
BO_TO   901: size=1048576 offset=0
BO_TO   901: size=1048576 offset=0
BO_TO   901: size=1048576 offset=0
BO_TO   901: size=1048576 offset=0
BO_TO   901: size=1048576 offset=0
BO_TO   901: size=1048576 offset=0
BO_TO   901: size=1048576 offset=0
BO_TO   901: size=1048576 offset=0
BO_TO   901: size=1048576 offset=0
BO_TO   901: size=1048576 offset=0
BO_TO   901: size=1048576 offset=0
BO_TO   901: size=1048576 offset=0
BO_TO   901: size=1048576 offset=0
BO_TO   901: size=1048576 offset=0
BO_TO   901: size=1048576 offset=0
BO_TO   901: size=1048576 offset=0
BO_TO   901: size=1048576 offset=0
BO_TO   901: size=1048576 offset=0
BO_TO   901: size=1048576 offset=0
BO_TO   901: size=1048576 offset=0
BO_TO   901: size=1048576 offset=0
BO_TO   901: size=1048576 offset=0
BO_TO   901: size=1048576 offset=0
BO_TO   901: size=1048576 offset=0
BO_TO   901: size=1048576 offset=0
BO_FROM 901: size=1048576 offset=0 -> /tmp/cap/bo_from_901_1048576.bin
BO_TO   902: size=1048576 offset=0
BO_TO   902: size=1048576 offset=0
BO_TO   902: size=1048576 offset=0
BO_TO   902: size=1048576 offset=0
BO_TO   902: size=1048576 offset=0
BO_TO   902: size=1048576 offset=0
BO_TO   902: size=1048576 offset=0
BO_TO   902: size=1048576 offset=0
BO_TO   902: size=1048576 offset=0
BO_TO   902: size=1048576 offset=0
BO_TO   902: size=1048576 offset=0
BO_TO   902: size=1048576 offset=0
BO_TO   902: size=1048576 offset=0
BO_TO   902: size=1048576 offset=0
BO_TO   902: size=1048576 offset=0
BO_TO   902: size=1048576 offset=0
BO_TO   902: size=1048576 offset=0
BO_TO   902: size=1048576 offset=0
BO_TO   902: size=1048576 offset=0
BO_TO   902: size=1048576 offset=0
BO_TO   902: size=1048576 offset=0
BO_TO   902: size=1048576 offset=0
BO_TO   902: size=1048576 offset=0
BO_TO   902: size=1048576 offset=0
BO_TO   902: size=1048576 offset=0
BO_TO   902: size=1048576 offset=0
BO_TO   902: size=1048576 offset=0
BO_TO   902: size=1048576 offset=0
BO_TO   902: size=1048576 offset=0
BO_FROM 902: size=1048576 offset=0 -> /tmp/cap/bo_from_902_1048576.bin

[FLM]  Model RAW Output: 
<think>
Okay, the user just asked "How are you?" so I need to respond politely. First, I should acknowledge their question. Maybe say something like "Hello! How are you today?" That shows engagement. Then, I can add a friendly message to keep the conversation going. Let me check if there's any specific thing they want to include here. The user hasn't given any details, so keeping it general is best. Make sure the response is warm and helpful.
</think>

Hello! How are you today? ðŸ˜Š Enjoy your day!


  Statistics:
    Total tokens:        128 (129)
    Total time:          2.65232 s
    Decoding time:       1.18602 s
    Prefill time:        1.22154 s
    Average decoding speed:       94.4337 tokens/s
    Average prefill  speed:       13.0983 tokens/s

History length: 129


